contractSymbol,lastTradeDate,strike,lastPrice,bid,ask,change,percentChange,volume,openInterest,impliedVolatility,inTheMoney,contractSize,currency,mid_price,relative_spread,market_price,price_source,calculated_iv,expiry,option_type,time_to_expiry,underlying_price,moneyness
SPY260922C00700000,2026-09-14 15:24:46+00:00,700.0,60.61,56.32,60.26,0.0,0.0,2.0,81.0,0.4523980541992188,True,REGULAR,USD,58.29,0.06759306913707322,58.29,mid,0.3062805956602097,2026-09-22,call,0.019178082191780823,757.3900146484375,0.9242266024921433
SPY260922C00705000,2026-09-15 18:56:49+00:00,705.0,52.07,51.33,55.28,-2.040001,-3.7700996,1.0,134.0,0.4237118176269531,True,REGULAR,USD,53.305,0.07410186661664014,53.305,mid,0.2847766107320785,2026-09-22,call,0.019178082191780823,757.3900146484375,0.9308282210813729
SPY260922C00710000,2026-09-15 15:15:23+00:00,710.0,47.15,46.37,50.31,-2.949997,-5.8882174,2.0,284.0,0.3952086846923829,True,REGULAR,USD,48.34,0.08150599917252802,48.34,mid,0.2654054760932922,2026-09-22,call,0.019178082191780823,757.3900146484375,0.9374298396706024
SPY260922C00715000,2026-09-11 18:19:13+00:00,715.0,51.15,41.4,45.39,0.0,0.0,,207.0,0.36829244995117194,True,REGULAR,USD,43.394999999999996,0.09194607673695132,43.394999999999996,mid,0.24737202018499377,2026-09-22,call,0.019178082191780823,757.3900146484375,0.944031458259832
SPY260922C00718000,2026-09-14 19:02:40+00:00,718.0,44.82,38.44,42.26,0.0,0.0,2.0,1.0,0.34479414978027345,True,REGULAR,USD,40.349999999999994,0.09467162329615864,40.349999999999994,mid,0.2279909217357635,2026-09-22,call,0.019178082191780823,757.3900146484375,0.9479924294133698
SPY260922C00720000,2026-09-15 15:55:54+00:00,720.0,37.62,36.47,40.29,-7.3899994,-16.418573,4.0,112.0,0.33374689697265625,True,REGULAR,USD,38.379999999999995,0.09953100573215218,38.379999999999995,mid,0.22134193718433381,2026-09-22,call,0.019178082191780823,757.3900146484375,0.9506330768490616
SPY260922C00722000,2026-09-10 18:10:07+00:00,722.0,37.09,34.5,38.39,0.0,0.0,,1.0,0.3251410260009765,True,REGULAR,USD,36.445,0.10673617780216767,36.445,mid,0.21758691906929015,2026-09-22,call,0.019178082191780823,757.3900146484375,0.9532737242847534
SPY260922C00724000,2026-09-14 18:07:01+00:00,724.0,38.7,32.53,36.37,0.0,0.0,2.0,2.0,0.31189652954101554,True,REGULAR,USD,34.45,0.11146589259796795,34.45,mid,0.20797526240348815,2026-09-22,call,0.019178082191780823,757.3900146484375,0.9559143717204454
SPY260922C00725000,2026-09-14 15:33:57+00:00,725.0,36.0,31.55,35.4,0.0,0.0,4.0,79.0,0.3067085931396484,True,REGULAR,USD,33.475,0.1150112023898431,33.475,mid,0.20503816902637478,2026-09-22,call,0.019178082191780823,757.3900146484375,0.9572346954382912
SPY260922C00726000,2026-09-14 15:45:25+00:00,726.0,36.39,30.66,34.41,0.0,0.0,2.0,1.0,0.30072720764160155,True,REGULAR,USD,32.535,0.11526048870447202,32.535,mid,0.20472720891237262,2026-09-22,call,0.019178082191780823,757.3900146484375,0.9585550191561372
SPY260922C00729000,2026-09-15 15:08:04+00:00,729.0,28.64,27.74,31.49,-8.75,-23.40198,2.0,2.0,0.28436994934082027,True,REGULAR,USD,29.615,0.1266250211041702,29.615,mid,0.19483909368515012,2026-09-22,call,0.019178082191780823,757.3900146484375,0.9625159903096749
SPY260922C00730000,2026-09-14 15:13:40+00:00,730.0,30.18,26.77,30.52,0.0,0.0,4.0,3.0,0.27893787475585935,True,REGULAR,USD,28.645,0.13091289928434283,28.645,mid,0.1915253087878227,2026-09-22,call,0.019178082191780823,757.3900146484375,0.9638363140275208
SPY260922C00735000,2026-09-11 20:12:05+00:00,735.0,30.39,22.0,25.34,0.0,0.0,,37.0,0.24018093811035152,True,REGULAR,USD,23.67,0.14110688635403462,23.67,mid,0.16587429672479626,2026-09-22,call,0.019178082191780823,757.3900146484375,0.9704379326167504
SPY260922C00740000,2026-09-10 15:36:01+00:00,740.0,22.14,17.37,20.69,0.0,0.0,,25.0,0.21686574157714844,True,REGULAR,USD,19.03,0.1744613767735155,19.03,mid,0.15539169892668722,2026-09-22,call,0.019178082191780823,757.3900146484375,0.97703955120598
SPY260922C00744000,2026-09-10 15:47:26+00:00,744.0,18.14,14.54,17.13,0.0,0.0,,1.0,0.20014227600097656,True,REGULAR,USD,15.834999999999999,0.1635617303441743,15.834999999999999,mid,0.16040423914790156,2026-09-22,call,0.019178082191780823,757.3900146484375,0.9823208460773637
SPY260922C00745000,2026-09-15 17:32:37+00:00,745.0,14.27,14.5,15.33,-3.1399994,-18.035608,1.0,12.0,0.17078465942382814,True,REGULAR,USD,14.915,0.05564867582970165,14.915,mid,0.1560111653804779,2026-09-22,call,0.019178082191780823,757.3900146484375,0.9836411697952097
SPY260922C00748000,2026-09-15 18:53:53+00:00,748.0,11.72,12.01,12.84,-4.1499996,-26.149967,1.0,2.0,0.16175154663085936,True,REGULAR,USD,12.425,0.06680080482897384,12.425,mid,0.1494784004986286,2026-09-22,call,0.019178082191780823,757.3900146484375,0.9876021409487473
SPY260922C00750000,2026-09-15 19:32:14+00:00,750.0,9.99,10.43,11.1,-6.3099995,-38.711655,17.0,10.0,0.1521386056518555,True,REGULAR,USD,10.765,0.0622387366465397,10.765,mid,0.14304806210100646,2026-09-22,call,0.019178082191780823,757.3900146484375,0.9902427883844392
SPY260922C00751000,2026-09-15 19:19:49+00:00,751.0,9.4,9.68,10.46,-3.9100008,-29.376415,28.0,5.0,0.1524742956542969,True,REGULAR,USD,10.07,0.07745779543197628,10.07,mid,0.1428451795876026,2026-09-22,call,0.019178082191780823,757.3900146484375,0.9915631121022851
SPY260922C00753000,2026-09-15 19:36:09+00:00,753.0,7.73,8.23,8.97,-3.9299998,-33.70497,108.0,3.0,0.14664549652099607,True,REGULAR,USD,8.600000000000001,0.08604651162790698,8.600000000000001,mid,0.13858557626605034,2026-09-22,call,0.019178082191780823,757.3900146484375,0.9942037595379769
SPY260922C00754000,2026-09-15 20:08:56+00:00,754.0,7.8,7.75,8.12,-2.9399996,-27.3743,292.0,14.0,0.14069462829589846,True,REGULAR,USD,7.935,0.046628859483301734,7.935,mid,0.1373889523744583,2026-09-22,call,0.019178082191780823,757.3900146484375,0.9955240832558229
SPY260922C00755000,2026-09-15 20:03:16+00:00,755.0,6.99,7.08,7.32,-2.3400002,-25.080387,234.0,164.0,0.13544565734863284,True,REGULAR,USD,7.2,0.03333333333333336,7.2,mid,0.13386838123202327,2026-09-22,call,0.019178082191780823,757.3900146484375,0.9968444069736688
SPY260922C00756000,2026-09-15 20:08:02+00:00,756.0,6.42,6.5,6.64,-2.75,-29.989094,536.0,176.0,0.1324244473266602,True,REGULAR,USD,6.57,0.021308980213089752,6.57,mid,0.13231714978814121,2026-09-22,call,0.019178082191780823,757.3900146484375,0.9981647306915147
SPY260922C00757000,2026-09-15 20:11:08+00:00,757.0,5.9,5.89,6.02,-2.8200002,-32.33945,1055.0,73.0,0.13019668640136717,True,REGULAR,USD,5.955,0.02183039462636438,5.955,mid,0.13047510892152786,2026-09-22,call,0.019178082191780823,757.3900146484375,0.9994850544093606
SPY260922C00758000,2026-09-15 20:13:14+00:00,758.0,5.33,5.3,5.41,-3.0699997,-36.54762,1645.0,232.0,0.12757220092773439,False,REGULAR,USD,5.355,0.020541549953314718,5.355,mid,0.1283178696036339,2026-09-22,call,0.019178082191780823,757.3900146484375,1.0008053781272066
SPY260922C00759000,2026-09-15 20:14:03+00:00,759.0,4.76,4.74,4.85,-2.4099998,-33.61227,1394.0,29.0,0.12543599182128906,False,REGULAR,USD,4.795,0.02294056308654837,4.795,mid,0.12641221649944784,2026-09-22,call,0.019178082191780823,757.3900146484375,1.0021257018450525
SPY260922C00760000,2026-09-15 20:14:08+00:00,760.0,4.25,4.21,4.31,-1.6599998,-28.087984,1469.0,396.0,0.12311667907714845,False,REGULAR,USD,4.26,0.023474178403755788,4.26,mid,0.12436863154172897,2026-09-22,call,0.019178082191780823,757.3900146484375,1.0034460255628983
SPY260922C00761000,2026-09-15 20:02:19+00:00,761.0,3.61,3.72,3.82,-1.7300003,-32.397007,444.0,115.0,0.12122460815429686,False,REGULAR,USD,3.77,0.026525198938991947,3.77,mid,0.12264466926455497,2026-09-22,call,0.019178082191780823,757.3900146484375,1.0047663492807444
SPY260922C00762000,2026-09-15 20:14:50+00:00,762.0,3.3,3.27,3.35,-1.4399998,-30.379745,573.0,93.0,0.11902736450195311,False,REGULAR,USD,3.31,0.024169184290030232,3.31,mid,0.12085947416722774,2026-09-22,call,0.019178082191780823,757.3900146484375,1.0060866729985902
SPY260922C00763000,2026-09-15 20:10:06+00:00,763.0,2.8,2.84,2.92,-1.53,-35.334873,648.0,128.0,0.1170437417602539,False,REGULAR,USD,2.88,0.027777777777777804,2.88,mid,0.11899218916893003,2026-09-22,call,0.019178082191780823,757.3900146484375,1.007406996716436
SPY260922C00764000,2026-09-15 19:58:31+00:00,764.0,2.25,2.45,2.52,-1.5699999,-41.099476,324.0,163.0,0.11499908447265625,False,REGULAR,USD,2.4850000000000003,0.028169014084506973,2.4850000000000003,mid,0.11715609684586525,2026-09-22,call,0.019178082191780823,757.3900146484375,1.0087273204342821
SPY260922C00765000,2026-09-15 20:14:49+00:00,765.0,2.14,2.11,2.16,-1.1499999,-34.954403,614.0,460.0,0.1131070135498047,False,REGULAR,USD,2.135,0.023419203747072726,2.135,mid,0.11562999799847604,2026-09-22,call,0.019178082191780823,757.3900146484375,1.010047644152128
SPY260922C00766000,2026-09-15 20:10:26+00:00,766.0,1.75,1.8,1.83,-1.1300001,-39.236115,809.0,89.0,0.11109287353515623,False,REGULAR,USD,1.815,0.016528925619834725,1.815,mid,0.11402396559715272,2026-09-22,call,0.019178082191780823,757.3900146484375,1.0113679678699738
SPY260922C00767000,2026-09-15 20:09:02+00:00,767.0,1.45,1.51,1.54,-1.3399999,-48.028667,715.0,122.0,0.10938390625,False,REGULAR,USD,1.525,0.019672131147541003,1.525,mid,0.112340230345726,2026-09-22,call,0.019178082191780823,757.3900146484375,1.01268829158782
SPY260922C00768000,2026-09-15 20:14:11+00:00,768.0,1.25,1.26,1.28,-0.9100001,-42.12963,360.0,139.0,0.10755286987304688,False,REGULAR,USD,1.27,0.015748031496063006,1.27,mid,0.11075970232486725,2026-09-22,call,0.019178082191780823,757.3900146484375,1.0140086153056658
SPY260922C00769000,2026-09-15 20:14:29+00:00,769.0,1.04,1.04,1.06,-0.81000006,-43.783787,440.0,184.0,0.10608804077148437,False,REGULAR,USD,1.05,0.019047619047619063,1.05,mid,0.10935145899653434,2026-09-22,call,0.019178082191780823,757.3900146484375,1.0153289390235116
SPY260922C00770000,2026-09-15 20:09:49+00:00,770.0,0.81,0.84,0.87,-0.71999997,-47.058823,705.0,388.0,0.10474528076171874,False,REGULAR,USD,0.855,0.03508771929824565,0.855,mid,0.10781502455472947,2026-09-22,call,0.019178082191780823,757.3900146484375,1.0166492627413575
SPY260922C00771000,2026-09-15 20:14:35+00:00,771.0,0.68,0.68,0.7,-0.67,-49.629627,111.0,67.0,0.10309734802246093,False,REGULAR,USD,0.69,0.02898550724637668,0.69,mid,0.10641429126262662,2026-09-22,call,0.019178082191780823,757.3900146484375,1.0179695864592035
SPY260922C00772000,2026-09-15 20:09:51+00:00,772.0,0.52,0.54,0.56,-0.53999996,-50.943394,308.0,67.0,0.10169355346679687,False,REGULAR,USD,0.55,0.03636363636363639,0.55,mid,0.10504136741161345,2026-09-22,call,0.019178082191780823,757.3900146484375,1.0192899101770494
SPY260922C00773000,2026-09-15 20:13:46+00:00,773.0,0.43,0.43,0.45,-0.44,-50.57471,426.0,141.0,0.10083906982421875,False,REGULAR,USD,0.44,0.0454545454545455,0.44,mid,0.10413257867097853,2026-09-22,call,0.019178082191780823,757.3900146484375,1.0206102338948952
SPY260922C00774000,2026-09-15 20:07:36+00:00,774.0,0.33,0.34,0.35,-0.48999998,-59.756092,397.0,334.0,0.09937424072265624,False,REGULAR,USD,0.345,0.02898550724637668,0.345,mid,0.10301930874586104,2026-09-22,call,0.019178082191780823,757.3900146484375,1.0219305576127413
SPY260922C00775000,2026-09-15 20:14:35+00:00,775.0,0.27,0.26,0.27,-0.30999997,-53.448273,648.0,645.0,0.0981535498046875,False,REGULAR,USD,0.265,0.03773584905660381,0.265,mid,0.1017586636543274,2026-09-22,call,0.019178082191780823,757.3900146484375,1.0232508813305872
SPY260922C00776000,2026-09-15 19:58:01+00:00,776.0,0.17,0.2,0.21,-0.29000002,-63.043476,771.0,302.0,0.09742113525390625,False,REGULAR,USD,0.20500000000000002,0.04878048780487795,0.20500000000000002,mid,0.10095531284809113,2026-09-22,call,0.019178082191780823,757.3900146484375,1.024571205048433
SPY260922C00777000,2026-09-15 19:30:44+00:00,777.0,0.13,0.16,0.17,-0.24000001,-64.86486,550.0,464.0,0.09742113525390625,False,REGULAR,USD,0.165,0.060606060606060656,0.165,mid,0.10111919522285462,2026-09-22,call,0.019178082191780823,757.3900146484375,1.025891528766279
SPY260922C00778000,2026-09-15 19:54:18+00:00,778.0,0.09,0.12,0.13,-0.22999999,-71.87499,366.0,621.0,0.09668872070312501,False,REGULAR,USD,0.125,0.08000000000000007,0.125,mid,0.10032387495040893,2026-09-22,call,0.019178082191780823,757.3900146484375,1.027211852484125
SPY260922C00779000,2026-09-15 15:13:09+00:00,779.0,0.11,0.09,0.1,-0.14999999,-57.692307,30.0,354.0,0.09620044433593751,False,REGULAR,USD,0.095,0.10526315789473693,0.095,mid,0.09979356229305268,2026-09-22,call,0.019178082191780823,757.3900146484375,1.0285321762019708
SPY260922C00780000,2026-09-15 20:03:55+00:00,780.0,0.07,0.07,0.08,-0.12,-63.157894,954.0,522.0,0.09668872070312501,False,REGULAR,USD,0.07500000000000001,0.13333333333333325,0.07500000000000001,mid,0.09999908447265626,2026-09-22,call,0.019178082191780823,757.3900146484375,1.0298524999198169
SPY260922C00781000,2026-09-15 19:47:54+00:00,781.0,0.05,0.05,0.06,-0.10000001,-66.66667,257.0,160.0,0.09620044433593751,False,REGULAR,USD,0.055,0.18181818181818174,0.055,mid,0.09924153745174409,2026-09-22,call,0.019178082191780823,757.3900146484375,1.0311728236376627
SPY260922C00782000,2026-09-15 19:28:35+00:00,782.0,0.04,0.04,0.05,-0.16999999,-80.95238,77.0,176.0,0.0971769970703125,False,REGULAR,USD,0.045,0.22222222222222227,0.045,mid,0.10010615825653077,2026-09-22,call,0.019178082191780823,757.3900146484375,1.0324931473555086
SPY260922C00783000,2026-09-15 19:04:28+00:00,783.0,0.03,0.03,0.04,-0.07,-70.0,5.0,181.0,0.0976652734375,False,REGULAR,USD,0.035,0.28571428571428575,0.035,mid,0.10033101320266724,2026-09-22,call,0.019178082191780823,757.3900146484375,1.0338134710733544
SPY260922C00784000,2026-09-15 20:09:51+00:00,784.0,0.03,0.02,0.03,-0.04,-57.142857,171.0,248.0,0.0971769970703125,False,REGULAR,USD,0.025,0.3999999999999999,0.025,mid,0.09960172176361085,2026-09-22,call,0.019178082191780823,757.3900146484375,1.0351337947912005
SPY260922C00785000,2026-09-15 18:56:28+00:00,785.0,0.03,0.02,0.03,-0.04,-57.142857,638.0,756.0,0.100594931640625,False,REGULAR,USD,0.025,0.3999999999999999,0.025,mid,0.10290435314178467,2026-09-22,call,0.019178082191780823,757.3900146484375,1.0364541185090463
SPY260922C00786000,2026-09-15 20:04:27+00:00,786.0,0.03,0.02,0.03,-0.01,-25.0,7.0,247.0,0.10352458984374999,False,REGULAR,USD,0.025,0.3999999999999999,0.025,mid,0.10619151830673218,2026-09-22,call,0.019178082191780823,757.3900146484375,1.0377744422268922
SPY260922P00550000,2026-09-14 14:21:34+00:00,550.0,0.03,0.02,0.03,0.0,0.0,20.0,25.0,0.7187528125,False,REGULAR,USD,0.025,0.3999999999999999,0.025,mid,0.768569699573517,2026-09-22,put,0.019178082191780823,757.3900146484375,0.7261780448152554
SPY260922P00590000,2026-09-11 17:30:31+00:00,590.0,0.05,0.04,0.05,0.0,0.0,,1.0,0.6015664843750002,False,REGULAR,USD,0.045,0.22222222222222227,0.045,mid,0.6454432711601257,2026-09-22,put,0.019178082191780823,757.3900146484375,0.7789909935290922
SPY260922P00625000,2026-09-15 15:30:49+00:00,625.0,0.08,0.07,0.08,0.02,33.333336,56.0,6.0,0.500005,False,REGULAR,USD,0.07500000000000001,0.13333333333333325,0.07500000000000001,mid,0.5359946430683137,2026-09-22,put,0.019178082191780823,757.3900146484375,0.8252023236536993
SPY260922P00630000,2026-09-15 19:25:40+00:00,630.0,0.09,0.07,0.08,0.020000003,28.571432,16.0,16.0,0.48438015625,False,REGULAR,USD,0.07500000000000001,0.13333333333333325,0.07500000000000001,mid,0.5159798036575319,2026-09-22,put,0.019178082191780823,757.3900146484375,0.831803942242929
SPY260922P00640000,2026-09-15 17:17:06+00:00,640.0,0.1,0.08,0.09,0.020000003,25.000004,755.0,3.0,0.45313046875,False,REGULAR,USD,0.08499999999999999,0.11764705882352937,0.08499999999999999,mid,0.4829106160402299,2026-09-22,put,0.019178082191780823,757.3900146484375,0.8450071794213881
SPY260922P00655000,2026-09-15 14:18:57+00:00,655.0,0.11,0.1,0.11,-0.009999998,-8.333331,1.0,185.0,0.4062559375,False,REGULAR,USD,0.10500000000000001,0.09523809523809518,0.10500000000000001,mid,0.4338545903444291,2026-09-22,put,0.019178082191780823,757.3900146484375,0.8648120351890769
SPY260922P00665000,2026-09-11 19:12:47+00:00,665.0,0.14,0.12,0.13,0.0,0.0,,197.0,0.375982802734375,False,REGULAR,USD,0.125,0.08000000000000007,0.125,mid,0.4021896600723267,2026-09-22,put,0.019178082191780823,757.3900146484375,0.8780152723675361
SPY260922P00670000,2026-09-15 19:03:46+00:00,670.0,0.16,0.13,0.14,-0.010000005,-5.8823557,267.0,75.0,0.36035795898437495,False,REGULAR,USD,0.135,0.07407407407407414,0.135,mid,0.3855769857406617,2026-09-22,put,0.019178082191780823,757.3900146484375,0.8846168909567657
SPY260922P00680000,2026-09-15 17:17:08+00:00,680.0,0.19,0.16,0.17,0.00999999,5.55555,298.0,11.0,0.3305731005859375,False,REGULAR,USD,0.165,0.060606060606060656,0.165,mid,0.35400980513095853,2026-09-22,put,0.019178082191780823,757.3900146484375,0.8978201281352248
SPY260922P00690000,2026-09-15 19:46:30+00:00,690.0,0.24,0.2,0.21,0.030000001,14.285715,1021.0,255.0,0.3002999658203125,False,REGULAR,USD,0.20500000000000002,0.04878048780487795,0.20500000000000002,mid,0.3221332826018334,2026-09-22,put,0.019178082191780823,757.3900146484375,0.9110233653136841
SPY260922P00695000,2026-09-15 19:46:30+00:00,695.0,0.27,0.22,0.23,-0.00999999,-3.5714252,120.0,6.0,0.2841868457031249,False,REGULAR,USD,0.225,0.04444444444444448,0.225,mid,0.3049829851269722,2026-09-22,put,0.019178082191780823,757.3900146484375,0.9176249839029137
SPY260922P00700000,2026-09-15 20:13:55+00:00,700.0,0.26,0.25,0.26,-0.04000002,-13.333339,162.0,287.0,0.2690502783203125,False,REGULAR,USD,0.255,0.03921568627450984,0.255,mid,0.28893833169937133,2026-09-22,put,0.019178082191780823,757.3900146484375,0.9242266024921433
SPY260922P00705000,2026-09-15 20:09:51+00:00,705.0,0.3,0.3,0.31,-0.03999999,-11.764703,33.0,86.0,0.2556226782226563,False,REGULAR,USD,0.305,0.03278688524590167,0.305,mid,0.27490946704149255,2026-09-22,put,0.019178082191780823,757.3900146484375,0.9308282210813729
SPY260922P00710000,2026-09-15 20:03:05+00:00,710.0,0.37,0.35,0.36,-0.049999982,-11.9047575,564.0,381.0,0.24073024902343748,False,REGULAR,USD,0.355,0.028169014084507067,0.355,mid,0.25909637302756316,2026-09-22,put,0.019178082191780823,757.3900146484375,0.9374298396706024
SPY260922P00715000,2026-09-15 19:37:14+00:00,715.0,0.49,0.43,0.44,0.060000002,13.953488,60.0,141.0,0.22730264892578123,False,REGULAR,USD,0.435,0.022988505747126457,0.435,mid,0.2450609519898892,2026-09-22,put,0.019178082191780823,757.3900146484375,0.944031458259832
SPY260922P00718000,2026-09-15 20:05:07+00:00,718.0,0.52,0.5,0.51,-0.00999999,-1.8867908,28.0,82.0,0.22022264160156246,False,REGULAR,USD,0.505,0.01980198019801982,0.505,mid,0.23762482523322104,2026-09-22,put,0.019178082191780823,757.3900146484375,0.9479924294133698
SPY260922P00719000,2026-09-15 19:59:05+00:00,719.0,0.57,0.52,0.53,0.01999998,3.6363602,255.0,62.0,0.2172929833984375,False,REGULAR,USD,0.525,0.019047619047619063,0.525,mid,0.2345704463005066,2026-09-22,put,0.019178082191780823,757.3900146484375,0.9493127531312157
SPY260922P00720000,2026-09-15 20:03:05+00:00,720.0,0.58,0.55,0.56,0.07999998,15.999996,218.0,167.0,0.21509573974609375,False,REGULAR,USD,0.555,0.018018018018018032,0.555,mid,0.2322970216065645,2026-09-22,put,0.019178082191780823,757.3900146484375,0.9506330768490616
SPY260922P00721000,2026-09-15 16:47:20+00:00,721.0,0.64,0.57,0.58,0.06999999,12.280701,27.0,75.0,0.21204401245117185,False,REGULAR,USD,0.575,0.017391304347826105,0.575,mid,0.22901227532923218,2026-09-22,put,0.019178082191780823,757.3900146484375,0.9519534005669076
SPY260922P00722000,2026-09-15 19:56:36+00:00,722.0,0.69,0.6,0.61,0.14999998,27.777773,30.0,42.0,0.20960263061523435,False,REGULAR,USD,0.605,0.016528925619834725,0.605,mid,0.22645141298472882,2026-09-22,put,0.019178082191780823,757.3900146484375,0.9532737242847534
SPY260922P00723000,2026-09-15 20:12:03+00:00,723.0,0.64,0.64,0.65,-0.060000002,-8.571428,55.0,149.0,0.20777159423828123,False,REGULAR,USD,0.645,0.015503875968992262,0.645,mid,0.22451877103149892,2026-09-22,put,0.019178082191780823,757.3900146484375,0.9545940480025994
SPY260922P00724000,2026-09-15 19:19:58+00:00,724.0,0.74,0.67,0.68,0.01999998,2.777775,134.0,238.0,0.2049640051269531,False,REGULAR,USD,0.675,0.014814814814814828,0.675,mid,0.2216336659044027,2026-09-22,put,0.019178082191780823,757.3900146484375,0.9559143717204454
SPY260922P00725000,2026-09-15 20:09:51+00:00,725.0,0.73,0.71,0.72,0.060000002,8.955224,613.0,917.0,0.20276676147460934,False,REGULAR,USD,0.715,0.013986013986014,0.715,mid,0.21932939642369748,2026-09-22,put,0.019178082191780823,757.3900146484375,0.9572346954382912
SPY260922P00726000,2026-09-15 18:39:15+00:00,726.0,0.87,0.75,0.76,0.120000005,16.0,38.0,97.0,0.2004474487304687,False,REGULAR,USD,0.755,0.013245033112582794,0.755,mid,0.21683886615335946,2026-09-22,put,0.019178082191780823,757.3900146484375,0.9585550191561372
SPY260922P00727000,2026-09-15 19:33:28+00:00,727.0,0.89,0.79,0.8,0.110000014,14.102567,101.0,220.0,0.19788399780273438,False,REGULAR,USD,0.795,0.012578616352201269,0.795,mid,0.2141719096630812,2026-09-22,put,0.019178082191780823,757.3900146484375,0.959875342873983
SPY260922P00728000,2026-09-15 20:05:07+00:00,728.0,0.86,0.84,0.85,0.08000004,10.256415,374.0,147.0,0.19568675415039063,False,REGULAR,USD,0.845,0.011834319526627229,0.845,mid,0.2119660603836179,2026-09-22,put,0.019178082191780823,757.3900146484375,0.961195666591829
SPY260922P00729000,2026-09-15 20:14:11+00:00,729.0,0.88,0.89,0.9,0.06999999,8.641974,766.0,135.0,0.19336744140625,False,REGULAR,USD,0.895,0.011173184357541908,0.895,mid,0.20954891686439517,2026-09-22,put,0.019178082191780823,757.3900146484375,0.9625159903096749
SPY260922P00730000,2026-09-15 20:14:38+00:00,730.0,0.95,0.94,0.96,0.089999974,10.465113,476.0,1034.0,0.1914143359375,False,REGULAR,USD,0.95,0.02105263157894739,0.95,mid,0.2072196884378791,2026-09-22,put,0.019178082191780823,757.3900146484375,0.9638363140275208
SPY260922P00731000,2026-09-15 19:52:25+00:00,731.0,1.22,1.0,1.02,0.32000005,35.55556,312.0,67.0,0.18921709228515626,False,REGULAR,USD,1.01,0.01980198019801982,1.01,mid,0.20495229859352113,2026-09-22,put,0.019178082191780823,757.3900146484375,0.9651566377453668
SPY260922P00732000,2026-09-15 19:40:55+00:00,732.0,1.15,1.06,1.08,0.14999998,14.999998,152.0,295.0,0.1868367449951172,False,REGULAR,USD,1.07,0.018691588785046745,1.07,mid,0.20245990571528674,2026-09-22,put,0.019178082191780823,757.3900146484375,0.9664769614632126
SPY260922P00733000,2026-09-15 19:51:26+00:00,733.0,1.34,1.13,1.15,0.38000005,39.58334,98.0,329.0,0.18470053588867186,False,REGULAR,USD,1.14,0.017543859649122823,1.14,mid,0.20025875020772219,2026-09-22,put,0.019178082191780823,757.3900146484375,0.9677972851810586
SPY260922P00734000,2026-09-15 20:14:35+00:00,734.0,1.21,1.21,1.22,0.20000005,19.801985,78.0,52.0,0.18238122314453126,False,REGULAR,USD,1.2149999999999999,0.008230452674897127,1.2149999999999999,mid,0.19805439101457592,2026-09-22,put,0.019178082191780823,757.3900146484375,0.9691176088989045
SPY260922P00735000,2026-09-15 20:14:38+00:00,735.0,1.29,1.29,1.3,0.18999994,17.272722,187.0,372.0,0.1801839794921875,False,REGULAR,USD,1.295,0.007722007722007729,1.295,mid,0.19582939412593842,2026-09-22,put,0.019178082191780823,757.3900146484375,0.9704379326167504
SPY260922P00736000,2026-09-15 20:14:28+00:00,736.0,1.38,1.37,1.38,0.13999999,11.290321,219.0,350.0,0.17780363220214845,False,REGULAR,USD,1.375,0.0072727272727271175,1.375,mid,0.19334616527855397,2026-09-22,put,0.019178082191780823,757.3900146484375,0.9717582563345963
SPY260922P00737000,2026-09-15 17:19:27+00:00,737.0,1.72,1.46,1.48,0.4100001,31.297718,148.0,200.0,0.1759725958251953,False,REGULAR,USD,1.47,0.01360544217687076,1.47,mid,0.1912552016541362,2026-09-22,put,0.019178082191780823,757.3900146484375,0.9730785800524423
SPY260922P00738000,2026-09-15 19:59:03+00:00,738.0,1.72,1.56,1.58,0.49,39.8374,85.0,98.0,0.17383638671875,False,REGULAR,USD,1.57,0.012738853503184724,1.57,mid,0.18908220877796408,2026-09-22,put,0.019178082191780823,757.3900146484375,0.9743989037702881
SPY260922P00739000,2026-09-15 20:01:44+00:00,739.0,1.76,1.67,1.69,0.45000005,34.35115,353.0,110.0,0.17182224670410157,False,REGULAR,USD,1.68,0.011904761904761916,1.68,mid,0.18701210636198518,2026-09-22,put,0.019178082191780823,757.3900146484375,0.9757192274881341
SPY260922P00740000,2026-09-15 20:14:50+00:00,740.0,1.8,1.79,1.81,0.089999914,5.2631526,384.0,694.0,0.16986914123535157,False,REGULAR,USD,1.8,0.01111111111111112,1.8,mid,0.18501181448996062,2026-09-22,put,0.019178082191780823,757.3900146484375,0.97703955120598
SPY260922P00741000,2026-09-15 19:58:36+00:00,741.0,2.15,1.92,1.94,0.6500001,43.33334,205.0,44.0,0.16791603576660158,False,REGULAR,USD,1.93,0.010362694300518144,1.93,mid,0.1830513824269175,2026-09-22,put,0.019178082191780823,757.3900146484375,0.9783598749238259
SPY260922P00742000,2026-09-15 19:59:20+00:00,742.0,2.26,2.05,2.08,0.71000004,45.806454,93.0,269.0,0.16602396484375004,False,REGULAR,USD,2.065,0.014527845036319733,2.065,mid,0.18093095234557982,2026-09-22,put,0.019178082191780823,757.3900146484375,0.9796801986416719
SPY260922P00743000,2026-09-15 19:58:26+00:00,743.0,2.48,2.2,2.22,0.68000007,37.777782,278.0,224.0,0.16376568664550784,False,REGULAR,USD,2.21,0.009049773755656116,2.21,mid,0.17881231036782264,2026-09-22,put,0.019178082191780823,757.3900146484375,0.9810005223595177
SPY260922P00744000,2026-09-15 20:11:45+00:00,744.0,2.37,2.36,2.38,0.5899999,33.146065,237.0,60.0,0.16181258117675779,False,REGULAR,USD,2.37,0.008438818565400852,2.37,mid,0.17683310321718454,2026-09-22,put,0.019178082191780823,757.3900146484375,0.9823208460773637
SPY260922P00745000,2026-09-15 20:05:19+00:00,745.0,2.59,2.53,2.55,0.29999995,13.100435,116.0,372.0,0.15979844116210937,False,REGULAR,USD,2.54,0.007874015748031503,2.54,mid,0.17479995494186873,2026-09-22,put,0.019178082191780823,757.3900146484375,0.9836411697952097
SPY260922P00746000,2026-09-15 19:45:23+00:00,746.0,3.17,2.68,2.76,0.77,32.083332,100.0,87.0,0.15851671569824222,False,REGULAR,USD,2.7199999999999998,0.029411764705882217,2.7199999999999998,mid,0.17269401594996447,2026-09-22,put,0.019178082191780823,757.3900146484375,0.9849614935130555
SPY260922P00747000,2026-09-15 20:09:54+00:00,747.0,2.99,2.88,2.96,0.37000012,14.122143,89.0,188.0,0.15656361022949222,False,REGULAR,USD,2.92,0.02739726027397263,2.92,mid,0.17078879158496857,2026-09-22,put,0.019178082191780823,757.3900146484375,0.9862818172309015
SPY260922P00748000,2026-09-15 19:58:17+00:00,748.0,3.54,3.1,3.17,0.75,26.881721,83.0,105.0,0.15448843566894532,False,REGULAR,USD,3.135,0.02232854864433807,3.135,mid,0.16890003267377615,2026-09-22,put,0.019178082191780823,757.3900146484375,0.9876021409487473
SPY260922P00749000,2026-09-15 19:58:36+00:00,749.0,3.76,3.32,3.41,1.0699999,39.776947,100.0,130.0,0.1528099856567383,False,REGULAR,USD,3.365,0.02674591381872223,3.365,mid,0.1670012901842594,2026-09-22,put,0.019178082191780823,757.3900146484375,0.9889224646665933
SPY260922P00750000,2026-09-15 20:10:38+00:00,750.0,3.69,3.57,3.65,0.51,16.037735,310.0,208.0,0.15070429382324224,False,REGULAR,USD,3.61,0.02216066481994462,3.61,mid,0.1650682384572923,2026-09-22,put,0.019178082191780823,757.3900146484375,0.9902427883844392
SPY260922P00751000,2026-09-15 19:01:51+00:00,751.0,4.17,3.83,3.93,1.2,40.40404,75.0,101.0,0.1491173956298828,False,REGULAR,USD,3.88,0.025773195876288683,3.88,mid,0.16333910504281518,2026-09-22,put,0.019178082191780823,757.3900146484375,0.9915631121022851
SPY260922P00752000,2026-09-15 19:24:07+00:00,752.0,4.57,4.12,4.22,1.0300002,29.096052,623.0,87.0,0.14734739379882814,False,REGULAR,USD,4.17,0.02398081534772174,4.17,mid,0.16164748455137015,2026-09-22,put,0.019178082191780823,757.3900146484375,0.992883435820131
SPY260922P00753000,2026-09-15 19:12:16+00:00,753.0,4.88,4.42,4.52,1.0600002,27.748695,112.0,207.0,0.14527221923828126,False,REGULAR,USD,4.47,0.02237136465324377,4.47,mid,0.15971648169308902,2026-09-22,put,0.019178082191780823,757.3900146484375,0.9942037595379769
SPY260922P00754000,2026-09-15 20:08:06+00:00,754.0,4.88,4.76,4.85,0.8699999,21.695755,150.0,216.0,0.14347170013427735,False,REGULAR,USD,4.805,0.018730489073881345,4.805,mid,0.1581504754781723,2026-09-22,put,0.019178082191780823,757.3900146484375,0.9955240832558229
SPY260922P00755000,2026-09-15 20:11:50+00:00,755.0,5.15,5.11,5.2,1.06,25.916868,357.0,271.0,0.141610146484375,False,REGULAR,USD,5.155,0.017458777885547984,5.155,mid,0.15642331642806528,2026-09-22,put,0.019178082191780823,757.3900146484375,0.9968444069736688
SPY260922P00756000,2026-09-15 20:14:25+00:00,756.0,5.59,5.48,5.58,0.89000034,18.936178,514.0,479.0,0.1398706619262695,False,REGULAR,USD,5.53,0.0180831826401446,5.53,mid,0.15475933703780176,2026-09-22,put,0.019178082191780823,757.3900146484375,0.9981647306915147
SPY260922P00757000,2026-09-15 20:05:18+00:00,757.0,6.06,5.89,5.99,0.9899998,19.526623,2089.0,304.0,0.13828376373291018,False,REGULAR,USD,5.9399999999999995,0.016835016835016925,5.9399999999999995,mid,0.15337482333630323,2026-09-22,put,0.019178082191780823,757.3900146484375,0.9994850544093606
SPY260922P00758000,2026-09-15 20:14:07+00:00,758.0,6.36,6.32,6.43,0.98,18.215612,610.0,205.0,0.13678841735839847,True,REGULAR,USD,6.375,0.017254901960784226,6.375,mid,0.15200833967924118,2026-09-22,put,0.019178082191780823,757.3900146484375,1.0008053781272066
SPY260922P00759000,2026-09-15 19:55:44+00:00,759.0,7.53,6.73,6.94,1.7000003,29.159525,517.0,224.0,0.13626962371826173,True,REGULAR,USD,6.835000000000001,0.030724213606437446,6.835000000000001,mid,0.1506439048908651,2026-09-22,put,0.019178082191780823,757.3900146484375,1.0021257018450525
SPY260922P00760000,2026-09-15 20:06:20+00:00,760.0,7.5,7.22,7.41,1.3200002,21.359226,1968.0,1964.0,0.1342554837036133,True,REGULAR,USD,7.3149999999999995,0.025974025974026028,7.3149999999999995,mid,0.14914733669832347,2026-09-22,put,0.019178082191780823,757.3900146484375,1.0034460255628983
SPY260922P00761000,2026-09-15 20:13:53+00:00,761.0,7.83,7.73,7.96,1.1700001,17.56757,239.0,233.0,0.13343151733398437,True,REGULAR,USD,7.845000000000001,0.02931803696622046,7.845000000000001,mid,0.14823186491727827,2026-09-22,put,0.019178082191780823,757.3900146484375,1.0047663492807444
SPY260922P00762000,2026-09-15 19:30:01+00:00,762.0,9.15,8.28,8.56,2.3499994,34.558815,83.0,123.0,0.1331873791503906,True,REGULAR,USD,8.42,0.03325415676959634,8.42,mid,0.14778781919479372,2026-09-22,put,0.019178082191780823,757.3900146484375,1.0060866729985902
SPY260922P00763000,2026-09-15 19:58:48+00:00,763.0,9.71,8.79,9.16,2.13,28.100266,78.0,144.0,0.13227186096191407,True,REGULAR,USD,8.975,0.04122562674094719,8.975,mid,0.1462080296814442,2026-09-22,put,0.019178082191780823,757.3900146484375,1.007406996716436
SPY260922P00764000,2026-09-15 17:24:48+00:00,764.0,10.75,9.4,9.83,3.3600001,45.466846,99.0,224.0,0.1324549645996094,True,REGULAR,USD,9.615,0.044721788871554834,9.615,mid,0.1461195930585265,2026-09-22,put,0.019178082191780823,757.3900146484375,1.0087273204342821
SPY260922P00765000,2026-09-15 19:57:18+00:00,765.0,11.16,10.1,10.5,3.56,46.842106,89.0,526.0,0.1320277227783203,True,REGULAR,USD,10.3,0.03883495145631071,10.3,mid,0.14658666061460973,2026-09-22,put,0.019178082191780823,757.3900146484375,1.010047644152128
SPY260922P00766000,2026-09-15 16:36:16+00:00,766.0,11.54,10.79,11.19,2.7200003,30.839006,85.0,32.0,0.13150892913818357,True,REGULAR,USD,10.989999999999998,0.036396724294813505,10.989999999999998,mid,0.14659060934334991,2026-09-22,put,0.019178082191780823,757.3900146484375,1.0113679678699738
SPY260922P00767000,2026-09-15 20:10:23+00:00,767.0,11.8,11.49,11.91,2.9700003,33.635338,58.0,49.0,0.13114272186279297,True,REGULAR,USD,11.7,0.035897435897435895,11.7,mid,0.14653052161261437,2026-09-22,put,0.019178082191780823,757.3900146484375,1.01268829158782
SPY260922P00768000,2026-09-15 13:59:35+00:00,768.0,11.39,12.22,12.69,2.08,22.341568,24.0,34.0,0.131844619140625,True,REGULAR,USD,12.455,0.03773584905660368,12.455,mid,0.14715438350141047,2026-09-22,put,0.019178082191780823,757.3900146484375,1.0140086153056658
SPY260922P00769000,2026-09-15 18:52:37+00:00,769.0,14.25,13.02,13.47,4.0600004,39.842987,1.0,31.0,0.13196668823242189,True,REGULAR,USD,13.245000000000001,0.033975084937712424,13.245000000000001,mid,0.14826926608383656,2026-09-22,put,0.019178082191780823,757.3900146484375,1.0153289390235116
SPY260922P00770000,2026-09-15 17:28:48+00:00,770.0,15.26,13.0,15.34,3.96,35.044247,32.0,92.0,0.16376568664550784,True,REGULAR,USD,14.17,0.16513761467889906,14.17,mid,0.15311204661428923,2026-09-22,put,0.019178082191780823,757.3900146484375,1.0166492627413575
SPY260922P00771000,2026-09-11 16:49:09+00:00,771.0,9.32,13.62,16.21,0.0,0.0,,3.0,0.16681741394042973,True,REGULAR,USD,14.915,0.1736506872276233,14.915,mid,0.15187222029417755,2026-09-22,put,0.019178082191780823,757.3900146484375,1.0179695864592035
SPY260922P00773000,2026-09-15 17:38:29+00:00,773.0,18.0,15.35,18.57,4.51,33.432175,4.0,11.0,0.19043778320312502,True,REGULAR,USD,16.96,0.18985849056603776,16.96,mid,0.16679238008260727,2026-09-22,put,0.019178082191780823,757.3900146484375,1.0206102338948952
SPY260922P00774000,2026-09-15 13:31:25+00:00,774.0,15.5,16.26,19.48,-2.6800003,-14.741475,1.0,1.0,0.19440502868652343,True,REGULAR,USD,17.87,0.18019026301063226,17.87,mid,0.1702399927943945,2026-09-22,put,0.019178082191780823,757.3900146484375,1.0219305576127413
SPY260922P00775000,2026-09-15 19:45:22+00:00,775.0,19.91,17.22,20.41,5.13,34.70907,10.0,26.0,0.19873848144531248,True,REGULAR,USD,18.814999999999998,0.1695455753388255,18.814999999999998,mid,0.1747092831894755,2026-09-22,put,0.019178082191780823,757.3900146484375,1.0232508813305872
SPY260922P00776000,2026-09-10 19:38:59+00:00,776.0,19.8,18.14,21.36,0.0,0.0,,10.0,0.2036212451171875,True,REGULAR,USD,19.75,0.16303797468354425,19.75,mid,0.17864206800609825,2026-09-22,put,0.019178082191780823,757.3900146484375,1.024571205048433
SPY260922P00778000,2026-09-10 13:44:22+00:00,778.0,21.19,20.07,23.29,0.0,0.0,,1.0,0.21381401428222657,True,REGULAR,USD,21.68,0.14852398523985236,21.68,mid,0.18830497975498436,2026-09-22,put,0.019178082191780823,757.3900146484375,1.027211852484125
SPY260922P00790000,2026-09-09 14:08:58+00:00,790.0,27.07,31.62,35.2,0.0,0.0,,,0.2802196002197265,True,REGULAR,USD,33.410000000000004,0.10715354684226285,33.410000000000004,mid,0.2446546054512263,2026-09-22,put,0.019178082191780823,757.3900146484375,1.043055737098276
SPY260922P00795000,2026-09-09 14:09:41+00:00,795.0,32.18,36.61,40.19,0.0,0.0,,1.0,0.30689169677734374,True,REGULAR,USD,38.4,0.09322916666666663,38.4,mid,0.2704955333530903,2026-09-22,put,0.019178082191780823,757.3900146484375,1.0496573556875055
SPY260930C00375000,2026-09-14 19:40:11+00:00,375.0,386.82,381.14,385.17,0.0,0.0,1.0,18.0,1.5102563549804686,True,REGULAR,USD,383.155,0.010517936605290365,383.155,mid,1.2897827458381652,2026-09-30,call,0.0410958904109589,757.3900146484375,0.4951213941922196
SPY260930C00380000,2026-08-07 14:03:38+00:00,380.0,392.65,376.14,380.17,0.0,0.0,5.0,8.0,1.484377578125,True,REGULAR,USD,378.155,0.010657005725165685,378.155,mid,1.2598056554794312,2026-09-30,call,0.0410958904109589,757.3900146484375,0.5017230127814492
SPY260930C00410000,2026-07-16 17:36:34+00:00,410.0,347.15,353.35,356.12,0.0,0.0,3.0,1.0,2.004277450256348,True,REGULAR,USD,354.735,0.007808645890594336,354.735,mid,2.029135254025459,2026-09-30,call,0.0410958904109589,757.3900146484375,0.5413327243168268
SPY260930C00415000,2026-07-13 15:48:20+00:00,415.0,340.0,348.35,351.14,0.0,0.0,41.0,73.0,1.9714356896972656,True,REGULAR,USD,349.745,0.007977240560980038,349.745,mid,1.9953192710876464,2026-09-30,call,0.0410958904109589,757.3900146484375,0.5479343429060564
SPY260930C00420000,2026-09-02 13:48:25+00:00,420.0,342.88,336.15,340.19,0.0,0.0,16.0,50.0,1.2905308911132813,True,REGULAR,USD,338.16999999999996,0.011946654049738359,338.16999999999996,mid,1.0416630458831786,2026-09-30,call,0.0410958904109589,757.3900146484375,0.554535961495286
SPY260930C00425000,2026-08-31 19:05:39+00:00,425.0,341.62,331.15,335.19,0.0,0.0,44.0,22.0,1.267093508300781,True,REGULAR,USD,333.16999999999996,0.012125941711438668,333.16999999999996,mid,1.0128958892822264,2026-09-30,call,0.0410958904109589,757.3900146484375,0.5611375800845155
SPY260930C00470000,2026-06-12 18:25:01+00:00,470.0,275.35,286.58,289.97,0.0,0.0,1.0,0.0,1.0871627673339845,True,REGULAR,USD,288.275,0.011759604544272113,288.275,mid,0.8757938575744628,2026-09-30,call,0.0410958904109589,757.3900146484375,0.6205521473875819
SPY260930C00480000,2026-07-31 19:45:23+00:00,480.0,271.0,288.36,291.88,0.0,0.0,2.0,3.0,1.816468202819824,True,REGULAR,USD,290.12,0.012132910519784854,290.12,mid,1.8470865477621554,2026-09-30,call,0.0410958904109589,757.3900146484375,0.6337553845660411
SPY260930C00490000,2026-08-04 13:30:10+00:00,490.0,273.0,278.37,281.89,0.0,0.0,1.0,16.0,1.7525036788940427,True,REGULAR,USD,280.13,0.012565594545389577,280.13,mid,1.781243234574795,2026-09-30,call,0.0410958904109589,757.3900146484375,0.6469586217445003
SPY260930C00555000,2026-05-12 19:09:19+00:00,555.0,190.9,202.88,206.24,0.0,0.0,2.0,6.0,0.8740246972656249,True,REGULAR,USD,204.56,0.016425498631208513,204.56,mid,0.8209872490167617,2026-09-30,call,0.0410958904109589,757.3900146484375,0.732779663404485
SPY260930C00629000,2026-05-15 18:35:50+00:00,629.0,125.32,131.61,134.71,0.0,0.0,1.0,215.0,0.6938507177734375,True,REGULAR,USD,133.16000000000003,0.023280264343646693,133.16000000000003,mid,0.6769715225696564,2026-09-30,call,0.0410958904109589,757.3900146484375,0.830483618525083
SPY260930C00648000,2026-06-12 16:13:08+00:00,648.0,105.32,112.11,115.54,0.0,0.0,1.0,4.0,0.5966226861572266,True,REGULAR,USD,113.825,0.030133977597188725,113.825,mid,0.5773862858116626,2026-09-30,call,0.0410958904109589,757.3900146484375,0.8555697691641555
SPY260930C00657000,2026-07-07 18:51:38+00:00,657.0,100.74,107.77,110.55,0.0,0.0,1.0,10.0,0.6909515768432618,True,REGULAR,USD,109.16,0.025467204104067435,109.16,mid,0.687679644525051,2026-09-30,call,0.0410958904109589,757.3900146484375,0.8674526826247687
SPY260930C00659000,2026-07-09 19:12:02+00:00,659.0,99.6,105.79,108.58,0.0,0.0,1.0,49.0,0.6816438085937502,True,REGULAR,USD,107.185,0.026029761627093268,107.185,mid,0.6782783432304856,2026-09-30,call,0.0410958904109589,757.3900146484375,0.8700933300604605
SPY260930C00662000,2026-07-07 13:33:55+00:00,662.0,97.74,102.84,105.63,0.0,0.0,1.0,15.0,0.6679720703125002,True,REGULAR,USD,104.235,0.02676644121456317,104.235,mid,0.6645173543691635,2026-09-30,call,0.0410958904109589,757.3900146484375,0.8740543012139983
SPY260930C00703000,2026-09-14 15:30:48+00:00,703.0,57.48,53.74,57.48,0.0,0.0,153.0,73.0,0.31427687683105465,True,REGULAR,USD,55.61,0.0672540909908289,55.61,mid,0.15725738525390626,2026-09-30,call,0.0410958904109589,757.3900146484375,0.928187573645681
SPY260930C00704000,2026-09-10 14:01:19+00:00,704.0,54.76,52.75,56.51,0.0,0.0,42.0,37.0,0.31098101135253897,True,REGULAR,USD,54.629999999999995,0.06882665202269812,54.629999999999995,mid,0.15954816937446595,2026-09-30,call,0.0410958904109589,757.3900146484375,0.9295078973635269
SPY260930C00706000,2026-09-09 13:39:57+00:00,706.0,58.97,50.81,54.56,0.0,0.0,2.0,11.0,0.3039620385742187,True,REGULAR,USD,52.685,0.0711777545791022,52.685,mid,0.16461573362350468,2026-09-30,call,0.0410958904109589,757.3900146484375,0.9321485447992187
SPY260930C00707000,2026-09-14 15:05:43+00:00,707.0,52.56,49.83,53.58,0.0,0.0,4.0,17.0,0.3002999658203125,True,REGULAR,USD,51.705,0.0725268349289237,51.705,mid,0.16481114327907564,2026-09-30,call,0.0410958904109589,757.3900146484375,0.9334688685170647
SPY260930C00708000,2026-09-14 15:05:20+00:00,708.0,51.88,48.86,52.61,0.0,0.0,2514.0,1271.0,0.29688203124999996,True,REGULAR,USD,50.735,0.07391347196215631,50.735,mid,0.16611402302980427,2026-09-30,call,0.0410958904109589,757.3900146484375,0.9347891922349106
SPY260930C00709000,2026-09-14 15:52:57+00:00,709.0,53.37,47.89,51.64,0.0,0.0,1.0,7.0,0.2934640966796874,True,REGULAR,USD,49.765,0.07535416457349543,49.765,mid,0.1669145482778549,2026-09-30,call,0.0410958904109589,757.3900146484375,0.9361095159527565
SPY260930C00710000,2026-09-15 15:59:12+00:00,710.0,47.96,47.93,49.5,-4.4900017,-8.560537,203.0,927.0,0.25354750366210943,True,REGULAR,USD,48.715,0.03222826644770605,48.715,mid,0.15703401744365697,2026-09-30,call,0.0410958904109589,757.3900146484375,0.9374298396706024
SPY260930C00711000,2026-09-10 15:01:38+00:00,711.0,49.48,45.94,49.7,0.0,0.0,198.0,118.0,0.28650615844726557,True,REGULAR,USD,47.82,0.07862818904224185,47.82,mid,0.16686160624027246,2026-09-30,call,0.0410958904109589,757.3900146484375,0.9387501633884484
SPY260930C00712000,2026-09-09 13:39:55+00:00,712.0,53.16,44.97,48.73,0.0,0.0,2.0,8.0,0.28302718933105464,True,REGULAR,USD,46.849999999999994,0.08025613660618994,46.849999999999994,mid,0.16669564187526703,2026-09-30,call,0.0410958904109589,757.3900146484375,0.9400704871062943
SPY260930C00713000,2026-09-15 18:14:34+00:00,713.0,45.65,44.01,47.77,-4.029999,-8.111914,200.0,173.0,0.27973132385253896,True,REGULAR,USD,45.89,0.08193506210503389,45.89,mid,0.1671929401159286,2026-09-30,call,0.0410958904109589,757.3900146484375,0.9413908108241402
SPY260930C00714000,2026-09-14 19:53:13+00:00,714.0,48.13,43.05,46.81,0.0,0.0,2.0,11.0,0.2764354583740234,True,REGULAR,USD,44.93,0.08368573336300925,44.93,mid,0.16735176622867576,2026-09-30,call,0.0410958904109589,757.3900146484375,0.9427111345419861
SPY260930C00715000,2026-09-15 15:15:23+00:00,715.0,42.79,42.09,45.84,-5.3199997,-11.057992,4.0,2047.0,0.27283442016601556,True,REGULAR,USD,43.965,0.08529512111907198,43.965,mid,0.1668346890807152,2026-09-30,call,0.0410958904109589,757.3900146484375,0.944031458259832
SPY260930C00716000,2026-09-14 20:03:30+00:00,716.0,45.67,41.13,44.89,0.0,0.0,198.0,323.0,0.26978269287109374,True,REGULAR,USD,43.010000000000005,0.08742152987677279,43.010000000000005,mid,0.16684569388628007,2026-09-30,call,0.0410958904109589,757.3900146484375,0.945351781977678
SPY260930C00717000,2026-09-15 14:15:32+00:00,717.0,42.0,40.17,43.93,-3.459999,-7.611085,4.0,174.0,0.26636475830078127,True,REGULAR,USD,42.05,0.08941736028537452,42.05,mid,0.16624905496835707,2026-09-30,call,0.0410958904109589,757.3900146484375,0.9466721056955238
SPY260930C00718000,2026-09-15 13:35:03+00:00,718.0,41.96,39.22,42.97,-3.209999,-7.106485,2.0,600.0,0.2629468237304688,True,REGULAR,USD,41.095,0.09125197712617107,41.095,mid,0.16577874824404715,2026-09-30,call,0.0410958904109589,757.3900146484375,0.9479924294133698
SPY260930C00719000,2026-09-11 13:45:24+00:00,719.0,47.21,38.27,42.0,0.0,0.0,2.0,151.0,0.2591931991577149,True,REGULAR,USD,40.135000000000005,0.09293633985299604,40.135000000000005,mid,0.1647934463620186,2026-09-30,call,0.0410958904109589,757.3900146484375,0.9493127531312157
SPY260930C00720000,2026-09-15 14:54:29+00:00,720.0,37.88,37.32,41.06,-5.2700005,-12.213211,3.0,1954.0,0.25617198913574224,True,REGULAR,USD,39.19,0.09543250829293193,39.19,mid,0.16451282382011415,2026-09-30,call,0.0410958904109589,757.3900146484375,0.9506330768490616
SPY260930C00721000,2026-09-14 15:20:23+00:00,721.0,39.34,36.38,40.1,0.0,0.0,2.0,1265.0,0.25263198547363286,True,REGULAR,USD,38.24,0.09728033472803344,38.24,mid,0.1637264263629913,2026-09-30,call,0.0410958904109589,757.3900146484375,0.9519534005669076
SPY260930C00722000,2026-09-15 18:16:52+00:00,722.0,36.32,35.43,39.15,-6.080002,-14.339626,2.0,485.0,0.24927508544921873,True,REGULAR,USD,37.29,0.09975864843121478,37.29,mid,0.16275681376457216,2026-09-30,call,0.0410958904109589,757.3900146484375,0.9532737242847534
SPY260930C00723000,2026-09-15 14:45:11+00:00,723.0,35.76,34.49,38.2,-6.66,-15.700142,2.0,557.0,0.2459181854248047,True,REGULAR,USD,36.345,0.1020773146237447,36.345,mid,0.16186453223228456,2026-09-30,call,0.0410958904109589,757.3900146484375,0.9545940480025994
SPY260930C00724000,2026-09-11 15:28:36+00:00,724.0,43.17,33.56,37.26,0.0,0.0,200.0,677.0,0.2427138717651367,True,REGULAR,USD,35.41,0.10449025698955086,35.41,mid,0.16126030892133708,2026-09-30,call,0.0410958904109589,757.3900146484375,0.9559143717204454
SPY260930C00725000,2026-09-15 17:19:06+00:00,725.0,33.48,32.63,36.3,-4.7299995,-12.378957,6.0,1945.0,0.23899076446533202,True,REGULAR,USD,34.465,0.10648483969244144,34.465,mid,0.16000561237335204,2026-09-30,call,0.0410958904109589,757.3900146484375,0.9572346954382912
SPY260930C00726000,2026-09-15 14:51:23+00:00,726.0,32.35,31.7,35.37,-3.5600014,-9.913676,2.0,744.0,0.23590851989746092,True,REGULAR,USD,33.535,0.10943790070076036,33.535,mid,0.15923557341098782,2026-09-30,call,0.0410958904109589,757.3900146484375,0.9585550191561372
SPY260930C00727000,2026-09-15 14:50:40+00:00,727.0,30.25,31.0,34.44,-3.7799988,-11.107842,5.0,796.0,0.23279575805664063,True,REGULAR,USD,32.72,0.10513447432762829,32.72,mid,0.1627868539094925,2026-09-30,call,0.0410958904109589,757.3900146484375,0.959875342873983
SPY260930C00728000,2026-09-15 14:24:47+00:00,728.0,31.42,29.86,33.49,-4.5199986,-12.576512,199.0,674.0,0.2291642025756836,True,REGULAR,USD,31.675,0.11460142067876883,31.675,mid,0.15712064310908316,2026-09-30,call,0.0410958904109589,757.3900146484375,0.961195666591829
SPY260930C00729000,2026-09-15 13:32:34+00:00,729.0,31.75,28.95,32.59,-3.0099983,-8.659373,2.0,564.0,0.22660075164794918,True,REGULAR,USD,30.770000000000003,0.11829704257393578,30.770000000000003,mid,0.15672194197773934,2026-09-30,call,0.0410958904109589,757.3900146484375,0.9625159903096749
SPY260930C00730000,2026-09-15 17:35:18+00:00,730.0,29.06,28.04,31.66,-4.3599987,-13.046078,1.0,6273.0,0.22327436889648436,True,REGULAR,USD,29.85,0.12127303182579567,29.85,mid,0.1555608606338501,2026-09-30,call,0.0410958904109589,757.3900146484375,0.9638363140275208
SPY260930C00731000,2026-09-15 13:55:10+00:00,731.0,30.27,27.24,30.68,-1.6800003,-5.258217,1.0,1134.0,0.21881884704589843,True,REGULAR,USD,28.96,0.11878453038674038,28.96,mid,0.15522997289896012,2026-09-30,call,0.0410958904109589,757.3900146484375,0.9651566377453668
SPY260930C00732000,2026-09-15 14:47:55+00:00,732.0,27.4,26.36,29.83,-5.1900005,-15.925132,2.0,1004.0,0.2171098797607422,True,REGULAR,USD,28.095,0.12350952126712934,28.095,mid,0.15544441789388658,2026-09-30,call,0.0410958904109589,757.3900146484375,0.9664769614632126
SPY260930C00733000,2026-09-14 19:52:43+00:00,733.0,30.24,25.34,28.91,0.0,0.0,36.0,941.0,0.21381401428222657,True,REGULAR,USD,27.125,0.13161290322580646,27.125,mid,0.15215583994984627,2026-09-30,call,0.0410958904109589,757.3900146484375,0.9677972851810586
SPY260930C00734000,2026-09-15 15:49:56+00:00,734.0,25.5,24.46,28.02,-4.1499996,-13.996627,9.0,735.0,0.21103694244384763,True,REGULAR,USD,26.240000000000002,0.13567073170731703,26.240000000000002,mid,0.15135341860353946,2026-09-30,call,0.0410958904109589,757.3900146484375,0.9691176088989045
SPY260930C00735000,2026-09-15 17:35:18+00:00,735.0,24.64,23.58,26.87,-4.25,-14.710973,205.0,1771.0,0.202858313293457,True,REGULAR,USD,25.225,0.13042616451932618,25.225,mid,0.1465852519869804,2026-09-30,call,0.0410958904109589,757.3900146484375,0.9704379326167504
SPY260930C00736000,2026-09-15 14:51:58+00:00,736.0,23.36,24.4,24.88,-5.209999,-18.235909,2.0,774.0,0.17701018310546873,True,REGULAR,USD,24.64,0.019480519480519497,24.64,mid,0.15369878061115738,2026-09-30,call,0.0410958904109589,757.3900146484375,0.9717582563345963
SPY260930C00737000,2026-09-15 15:43:37+00:00,737.0,23.43,23.47,24.07,-3.9300003,-14.364036,1.0,599.0,0.17615569946289064,True,REGULAR,USD,23.77,0.025241901556583988,23.77,mid,0.15251409098505972,2026-09-30,call,0.0410958904109589,757.3900146484375,0.9730785800524423
SPY260930C00738000,2026-09-15 15:08:00+00:00,738.0,22.2,22.61,23.2,-4.279999,-16.163137,4.0,366.0,0.17389742126464847,True,REGULAR,USD,22.905,0.02575856799825365,22.905,mid,0.151257386803627,2026-09-30,call,0.0410958904109589,757.3900146484375,0.9743989037702881
SPY260930C00739000,2026-09-15 17:04:44+00:00,739.0,21.47,21.91,22.21,-4.17,-16.26365,201.0,237.0,0.16901465759277345,True,REGULAR,USD,22.060000000000002,0.01359927470534908,22.060000000000002,mid,0.150284688398242,2026-09-30,call,0.0410958904109589,757.3900146484375,0.9757192274881341
SPY260930C00740000,2026-09-15 20:10:57+00:00,740.0,21.18,21.0,21.46,-3.2199993,-13.196719,32.0,2435.0,0.16892310577392583,True,REGULAR,USD,21.23,0.02166745171926523,21.23,mid,0.14944148235023022,2026-09-30,call,0.0410958904109589,757.3900146484375,0.97703955120598
SPY260930C00741000,2026-09-15 16:02:59+00:00,741.0,19.76,20.11,20.64,-4.5,-18.549051,3.0,609.0,0.16724465576171876,True,REGULAR,USD,20.375,0.026012269938650363,20.375,mid,0.14780674822628498,2026-09-30,call,0.0410958904109589,757.3900146484375,0.9783598749238259
SPY260930C00742000,2026-09-15 14:27:18+00:00,742.0,19.15,19.4,19.8,-4.2299995,-18.092384,2.0,1577.0,0.16498637756347656,True,REGULAR,USD,19.6,0.02040816326530623,19.6,mid,0.14772718645632266,2026-09-30,call,0.0410958904109589,757.3900146484375,0.9796801986416719
SPY260930C00743000,2026-09-14 18:44:55+00:00,743.0,22.24,18.48,18.98,0.0,0.0,444.0,931.0,0.16294172027587894,True,REGULAR,USD,18.73,0.026695141484249865,18.73,mid,0.14535799309611316,2026-09-30,call,0.0410958904109589,757.3900146484375,0.9810005223595177
SPY260930C00744000,2026-09-15 19:58:27+00:00,744.0,17.25,17.81,18.05,-4.41,-20.360111,201.0,700.0,0.15873033660888675,True,REGULAR,USD,17.93,0.013385387618516565,17.93,mid,0.1442703019082546,2026-09-30,call,0.0410958904109589,757.3900146484375,0.9823208460773637
SPY260930C00745000,2026-09-15 19:51:40+00:00,745.0,16.27,17.02,17.24,-4.5599995,-21.8915,85.0,4715.0,0.15659412750244145,True,REGULAR,USD,17.13,0.012842965557501394,17.13,mid,0.1429487214237451,2026-09-30,call,0.0410958904109589,757.3900146484375,0.9836411697952097
SPY260930C00746000,2026-09-15 16:53:56+00:00,746.0,16.26,16.11,16.55,-3.869999,-19.225033,82.0,791.0,0.1564110238647461,True,REGULAR,USD,16.33,0.02694427434170247,16.33,mid,0.14139983221888539,2026-09-30,call,0.0410958904109589,757.3900146484375,0.9849614935130555
SPY260930C00747000,2026-09-15 19:51:40+00:00,747.0,14.76,15.37,15.78,-4.039999,-21.489357,263.0,1189.0,0.154579987487793,True,REGULAR,USD,15.575,0.026324237560192625,15.575,mid,0.14048680514097212,2026-09-30,call,0.0410958904109589,757.3900146484375,0.9862818172309015
SPY260930C00748000,2026-09-15 18:54:07+00:00,748.0,14.18,14.56,14.96,-4.17,-22.724794,8.0,306.0,0.1516808465576172,True,REGULAR,USD,14.760000000000002,0.02710027100271005,14.760000000000002,mid,0.13819642998278137,2026-09-30,call,0.0410958904109589,757.3900146484375,0.9876021409487473
SPY260930C00749000,2026-09-15 18:37:33+00:00,749.0,13.51,13.82,14.26,-4.0200005,-22.93212,2.0,315.0,0.15067377655029301,True,REGULAR,USD,14.04,0.031339031339031306,14.04,mid,0.13743568561971187,2026-09-30,call,0.0410958904109589,757.3900146484375,0.9889224646665933
SPY260930C00750000,2026-09-15 20:10:57+00:00,750.0,13.28,13.13,13.45,-2.0900002,-13.597919,389.0,4993.0,0.1475610147094727,True,REGULAR,USD,13.29,0.024078254326561212,13.29,mid,0.13586173817515373,2026-09-30,call,0.0410958904109589,757.3900146484375,0.9902427883844392
SPY260930C00751000,2026-09-15 18:49:37+00:00,751.0,11.92,12.41,12.72,-4.0199995,-25.21957,137.0,785.0,0.14557739196777342,True,REGULAR,USD,12.565000000000001,0.024671707122960643,12.565000000000001,mid,0.13447576470673084,2026-09-30,call,0.0410958904109589,757.3900146484375,0.9915631121022851
SPY260930C00752000,2026-09-15 19:54:40+00:00,752.0,11.22,11.72,11.99,-3.9299994,-25.94059,99.0,607.0,0.1433801483154297,True,REGULAR,USD,11.855,0.022775200337410338,11.855,mid,0.13308287605643274,2026-09-30,call,0.0410958904109589,757.3900146484375,0.992883435820131
SPY260930C00753000,2026-09-15 19:36:16+00:00,753.0,10.51,11.06,11.26,-2.9699993,-22.032637,107.0,438.0,0.14096928375244144,True,REGULAR,USD,11.16,0.017921146953404955,11.16,mid,0.13167136102914812,2026-09-30,call,0.0410958904109589,757.3900146484375,0.9942037595379769
SPY260930C00754000,2026-09-15 16:25:51+00:00,754.0,10.3,10.36,10.62,-3.46,-25.145348,82.0,478.0,0.13971807556152344,True,REGULAR,USD,10.489999999999998,0.02478551000953287,10.489999999999998,mid,0.13039803810417652,2026-09-30,call,0.0410958904109589,757.3900146484375,0.9955240832558229
SPY260930C00755000,2026-09-15 20:03:21+00:00,755.0,9.75,9.79,9.92,-2.8999996,-22.9249,359.0,3229.0,0.13727669372558599,True,REGULAR,USD,9.855,0.013191273465246147,9.855,mid,0.1294128477573395,2026-09-30,call,0.0410958904109589,757.3900146484375,0.9968444069736688
SPY260930C00756000,2026-09-15 20:03:03+00:00,756.0,9.09,9.2,9.28,-1.9899998,-17.960287,213.0,1039.0,0.13553720916748052,True,REGULAR,USD,9.239999999999998,0.008658008658008667,9.239999999999998,mid,0.1284498157352209,2026-09-30,call,0.0410958904109589,757.3900146484375,0.9981647306915147
SPY260930C00757000,2026-09-15 20:14:10+00:00,757.0,8.6,8.57,8.65,-2.7999992,-24.5614,885.0,804.0,0.13364513824462892,True,REGULAR,USD,8.61,0.009291521486643447,8.61,mid,0.12692544568330047,2026-09-30,call,0.0410958904109589,757.3900146484375,0.9994850544093606
SPY260930C00758000,2026-09-15 20:11:32+00:00,758.0,8.0,7.95,8.04,-1.75,-17.948717,480.0,829.0,0.13178358459472655,False,REGULAR,USD,7.994999999999999,0.011257035647279421,7.994999999999999,mid,0.12532787136733536,2026-09-30,call,0.0410958904109589,757.3900146484375,1.0008053781272066
SPY260930C00759000,2026-09-15 20:05:38+00:00,759.0,7.27,7.38,7.45,-1.7999997,-19.845642,523.0,1646.0,0.12992203094482419,False,REGULAR,USD,7.415,0.009440323668240092,7.415,mid,0.12397171497344969,2026-09-30,call,0.0410958904109589,757.3900146484375,1.0021257018450525
SPY260930C00760000,2026-09-15 20:14:23+00:00,760.0,6.8,6.82,6.89,-1.6300001,-19.335707,1718.0,4023.0,0.12824358093261717,False,REGULAR,USD,6.855,0.010211524434719094,6.855,mid,0.12260042697191237,2026-09-30,call,0.0410958904109589,757.3900146484375,1.0034460255628983
SPY260930C00761000,2026-09-15 20:00:33+00:00,761.0,6.12,6.27,6.35,-1.7000003,-21.739134,665.0,4990.0,0.12656513092041016,False,REGULAR,USD,6.31,0.01267828843106182,6.31,mid,0.12112165622413155,2026-09-30,call,0.0410958904109589,757.3900146484375,1.0047663492807444
SPY260930C00762000,2026-09-15 19:35:08+00:00,762.0,5.3,5.75,5.82,-1.9299998,-26.694326,543.0,2283.0,0.1246730599975586,False,REGULAR,USD,5.785,0.012100259291270576,5.785,mid,0.11960596732795238,2026-09-30,call,0.0410958904109589,757.3900146484375,1.0060866729985902
SPY260930C00763000,2026-09-15 20:00:07+00:00,763.0,5.1,5.26,5.32,-1.6199999,-24.107141,227.0,1032.0,0.12293357543945313,False,REGULAR,USD,5.29,0.01134215500945189,5.29,mid,0.11820967685431241,2026-09-30,call,0.0410958904109589,757.3900146484375,1.007406996716436
SPY260930C00764000,2026-09-15 20:12:59+00:00,764.0,4.8,4.78,4.85,-1.5799999,-24.76489,403.0,1196.0,0.1212856427001953,False,REGULAR,USD,4.8149999999999995,0.014537902388369554,4.8149999999999995,mid,0.11675847388803957,2026-09-30,call,0.0410958904109589,757.3900146484375,1.0087273204342821
SPY260930C00765000,2026-09-15 20:13:44+00:00,765.0,4.35,4.34,4.4,-1.3200002,-23.280426,360.0,4277.0,0.11963770996093749,False,REGULAR,USD,4.37,0.01372997711670492,4.37,mid,0.11541503250598907,2026-09-30,call,0.0410958904109589,757.3900146484375,1.010047644152128
SPY260930C00766000,2026-09-15 19:25:12+00:00,766.0,3.62,3.91,3.98,-1.5500002,-29.98066,451.0,1299.0,0.11808132904052734,False,REGULAR,USD,3.9450000000000003,0.01774397972116599,3.9450000000000003,mid,0.11400266237556937,2026-09-30,call,0.0410958904109589,757.3900146484375,1.0113679678699738
SPY260930C00767000,2026-09-15 20:02:31+00:00,767.0,3.45,3.53,3.58,-1.24,-26.439232,294.0,1595.0,0.11646391357421876,False,REGULAR,USD,3.5549999999999997,0.014064697609001482,3.5549999999999997,mid,0.11278451219201091,2026-09-30,call,0.0410958904109589,757.3900146484375,1.01268829158782
SPY260930C00768000,2026-09-15 19:55:04+00:00,768.0,2.86,3.16,3.21,-1.4400003,-33.488377,308.0,1587.0,0.11496856719970702,False,REGULAR,USD,3.185,0.0156985871271585,3.185,mid,0.11149382695555687,2026-09-30,call,0.0410958904109589,757.3900146484375,1.0140086153056658
SPY260930C00769000,2026-09-15 19:59:14+00:00,769.0,2.67,2.82,2.87,-1.3199999,-33.082706,272.0,2326.0,0.11359528991699218,False,REGULAR,USD,2.8449999999999998,0.017574692442882345,2.8449999999999998,mid,0.11031798578798772,2026-09-30,call,0.0410958904109589,757.3900146484375,1.0153289390235116
SPY260930C00770000,2026-09-15 20:14:28+00:00,770.0,2.52,2.52,2.55,-0.95000005,-27.377523,1561.0,5004.0,0.11219149536132811,False,REGULAR,USD,2.535,0.01183431952662714,2.535,mid,0.10927331000566481,2026-09-30,call,0.0410958904109589,757.3900146484375,1.0166492627413575
SPY260930C00771000,2026-09-15 20:14:39+00:00,771.0,2.23,2.24,2.26,-1.1199999,-33.43283,400.0,1281.0,0.11090976989746093,False,REGULAR,USD,2.25,0.0088888888888887,2.25,mid,0.10827756099402903,2026-09-30,call,0.0410958904109589,757.3900146484375,1.0179695864592035
SPY260930C00772000,2026-09-15 20:06:08+00:00,772.0,1.92,1.97,1.99,-0.84000003,-30.434782,406.0,1788.0,0.10956700988769531,False,REGULAR,USD,1.98,0.01010101010101011,1.98,mid,0.10712436147034167,2026-09-30,call,0.0410958904109589,757.3900146484375,1.0192899101770494
SPY260930C00773000,2026-09-15 20:11:26+00:00,773.0,1.72,1.73,1.75,-0.79999995,-31.746029,713.0,2575.0,0.10843787078857423,False,REGULAR,USD,1.74,0.011494252873563229,1.74,mid,0.10615400530397891,2026-09-30,call,0.0410958904109589,757.3900146484375,1.0206102338948952
SPY260930C00774000,2026-09-15 20:11:26+00:00,774.0,1.51,1.5,1.53,-1.0,-39.840637,110.0,1286.0,0.10730873168945312,False,REGULAR,USD,1.5150000000000001,0.01980198019801982,1.5150000000000001,mid,0.10503898799419402,2026-09-30,call,0.0410958904109589,757.3900146484375,1.0219305576127413
SPY260930C00775000,2026-09-15 20:14:36+00:00,775.0,1.31,1.3,1.33,-0.6300001,-32.47423,1068.0,16076.0,0.10614907531738281,False,REGULAR,USD,1.315,0.022813688212927778,1.315,mid,0.10403814554214474,2026-09-30,call,0.0410958904109589,757.3900146484375,1.0232508813305872
SPY260930C00776000,2026-09-15 20:14:37+00:00,776.0,1.14,1.13,1.15,-0.65999997,-36.666668,168.0,1034.0,0.10505045349121094,False,REGULAR,USD,1.14,0.017543859649122823,1.14,mid,0.1032009623944759,2026-09-30,call,0.0410958904109589,757.3900146484375,1.024571205048433
SPY260930C00777000,2026-09-15 20:11:10+00:00,777.0,0.97,0.97,0.99,-0.61,-38.607594,609.0,3509.0,0.10401286621093749,False,REGULAR,USD,0.98,0.02040816326530614,0.98,mid,0.10228235855698586,2026-09-30,call,0.0410958904109589,757.3900146484375,1.025891528766279
SPY260930C00778000,2026-09-15 20:05:56+00:00,778.0,0.82,0.84,0.85,-0.60999995,-42.65734,1378.0,1744.0,0.10309734802246093,False,REGULAR,USD,0.845,0.011834319526627229,0.845,mid,0.10163493394851686,2026-09-30,call,0.0410958904109589,757.3900146484375,1.027211852484125
SPY260930C00779000,2026-09-15 17:09:14+00:00,779.0,0.69,0.71,0.73,-0.42000002,-37.837837,461.0,1176.0,0.10236493347167967,False,REGULAR,USD,0.72,0.027777777777777804,0.72,mid,0.10081358879804614,2026-09-30,call,0.0410958904109589,757.3900146484375,1.0285321762019708
SPY260930C00780000,2026-09-15 20:14:33+00:00,780.0,0.62,0.61,0.62,-0.35000002,-36.082478,27369.0,10941.0,0.10144941528320311,False,REGULAR,USD,0.615,0.016260162601626032,0.615,mid,0.10021769344806672,2026-09-30,call,0.0410958904109589,757.3900146484375,1.0298524999198169
SPY260930C00781000,2026-09-15 19:59:12+00:00,781.0,0.48,0.52,0.53,-0.44000003,-47.82609,276.0,2244.0,0.10090010437011719,False,REGULAR,USD,0.525,0.019047619047619063,0.525,mid,0.09973980233073235,2026-09-30,call,0.0410958904109589,757.3900146484375,1.0311728236376627
SPY260930C00782000,2026-09-15 19:47:45+00:00,782.0,0.38,0.45,0.46,-0.39,-50.649353,367.0,1415.0,0.10083906982421875,False,REGULAR,USD,0.455,0.021978021978021997,0.455,mid,0.09971682608127592,2026-09-30,call,0.0410958904109589,757.3900146484375,1.0324931473555086
SPY260930C00783000,2026-09-15 19:53:21+00:00,783.0,0.32,0.38,0.39,-0.37,-53.623188,332.0,1160.0,0.10022872436523436,False,REGULAR,USD,0.385,0.025974025974025997,0.385,mid,0.0992467424273491,2026-09-30,call,0.0410958904109589,757.3900146484375,1.0338134710733544
SPY260930C00784000,2026-09-15 20:01:29+00:00,784.0,0.31,0.32,0.33,-0.23000002,-42.592594,247.0,1614.0,0.09974044799804688,False,REGULAR,USD,0.325,0.030769230769230795,0.325,mid,0.09883659034967424,2026-09-30,call,0.0410958904109589,757.3900146484375,1.0351337947912005
SPY260930C00785000,2026-09-15 19:59:37+00:00,785.0,0.25,0.28,0.29,-0.19,-43.18182,2393.0,5232.0,0.1001066552734375,False,REGULAR,USD,0.28500000000000003,0.035087719298245446,0.28500000000000003,mid,0.09925417810678483,2026-09-30,call,0.0410958904109589,757.3900146484375,1.0364541185090463
SPY260930C00786000,2026-09-15 20:08:04+00:00,786.0,0.24,0.23,0.24,-0.17999999,-42.857143,478.0,21515.0,0.09937424072265624,False,REGULAR,USD,0.235,0.042553191489361625,0.235,mid,0.09856072664260865,2026-09-30,call,0.0410958904109589,757.3900146484375,1.0377744422268922
SPY260930C00787000,2026-09-15 20:14:13+00:00,787.0,0.2,0.2,0.21,-0.14,-41.17647,988.0,2162.0,0.09974044799804688,False,REGULAR,USD,0.20500000000000002,0.04878048780487795,0.20500000000000002,mid,0.09896582245826721,2026-09-30,call,0.0410958904109589,757.3900146484375,1.0390947659447383
SPY260930C00788000,2026-09-15 20:08:47+00:00,788.0,0.17,0.18,0.19,-0.14,-45.16129,91.0,1173.0,0.10071700073242187,False,REGULAR,USD,0.185,0.054054054054054106,0.185,mid,0.09996844947338106,2026-09-30,call,0.0410958904109589,757.3900146484375,1.0404150896625841
SPY260930C00789000,2026-09-15 18:48:57+00:00,789.0,0.14,0.15,0.16,-0.11999999,-46.153843,103.0,1819.0,0.10035079345703124,False,REGULAR,USD,0.155,0.06451612903225812,0.155,mid,0.09972723603248596,2026-09-30,call,0.0410958904109589,757.3900146484375,1.04173541338043
SPY260930C00790000,2026-09-15 20:11:07+00:00,790.0,0.14,0.13,0.14,-0.08,-36.363636,4388.0,10800.0,0.10083906982421875,False,REGULAR,USD,0.135,0.07407407407407414,0.135,mid,0.1001623719930649,2026-09-30,call,0.0410958904109589,757.3900146484375,1.043055737098276
SPY260930C00791000,2026-09-15 20:08:04+00:00,791.0,0.11,0.12,0.13,-0.08,-42.105263,341.0,1470.0,0.10230389892578123,False,REGULAR,USD,0.125,0.08000000000000007,0.125,mid,0.10155938744544982,2026-09-30,call,0.0410958904109589,757.3900146484375,1.0443760608161219
SPY260930C00792000,2026-09-15 18:59:19+00:00,792.0,0.09,0.1,0.11,-0.06999999,-43.749996,62.0,1491.0,0.10205976074218749,False,REGULAR,USD,0.10500000000000001,0.09523809523809518,0.10500000000000001,mid,0.10144606769084931,2026-09-30,call,0.0410958904109589,757.3900146484375,1.0456963845339677
SPY260930C00793000,2026-09-15 20:13:08+00:00,793.0,0.09,0.09,0.1,-0.08,-47.058823,280.0,1918.0,0.10303631347656249,False,REGULAR,USD,0.095,0.10526315789473693,0.095,mid,0.10246535062789916,2026-09-30,call,0.0410958904109589,757.3900146484375,1.0470167082518138
SPY260930C00794000,2026-09-15 19:36:50+00:00,794.0,0.07,0.08,0.09,-0.080000006,-53.333336,474.0,2718.0,0.10401286621093749,False,REGULAR,USD,0.08499999999999999,0.11764705882352937,0.08499999999999999,mid,0.10330825924873349,2026-09-30,call,0.0410958904109589,757.3900146484375,1.0483370319696597
SPY260930C00795000,2026-09-15 19:45:07+00:00,795.0,0.07,0.07,0.08,-0.059999995,-46.153843,358.0,4850.0,0.10450114257812498,False,REGULAR,USD,0.07500000000000001,0.13333333333333325,0.07500000000000001,mid,0.10394564568996427,2026-09-30,call,0.0410958904109589,757.3900146484375,1.0496573556875055
SPY260930C00796000,2026-09-15 19:05:14+00:00,796.0,0.06,0.07,0.08,-0.05,-45.454544,114.0,803.0,0.1069425244140625,False,REGULAR,USD,0.07500000000000001,0.13333333333333325,0.07500000000000001,mid,0.10634499073028564,2026-09-30,call,0.0410958904109589,757.3900146484375,1.0509776794053514
SPY260930C00797000,2026-09-15 18:20:06+00:00,797.0,0.06,0.06,0.07,-0.040000003,-40.000004,5.0,882.0,0.10743080078125,False,REGULAR,USD,0.065,0.15384615384615397,0.065,mid,0.10669030368328095,2026-09-30,call,0.0410958904109589,757.3900146484375,1.0522980031231974
SPY260930C00798000,2026-09-15 19:39:21+00:00,798.0,0.05,0.06,0.07,-0.05,-50.0,50.0,1176.0,0.10938390625,False,REGULAR,USD,0.065,0.15384615384615397,0.065,mid,0.10903551697731018,2026-09-30,call,0.0410958904109589,757.3900146484375,1.0536183268410433
SPY260930C00799000,2026-09-15 19:04:51+00:00,799.0,0.05,0.05,0.06,-0.02,-28.571428,241.0,1166.0,0.1098721826171875,False,REGULAR,USD,0.055,0.18181818181818174,0.055,mid,0.10902243018150329,2026-09-30,call,0.0410958904109589,757.3900146484375,1.0549386505588891
SPY260930C00800000,2026-09-15 20:13:58+00:00,800.0,0.05,0.05,0.06,-0.02,-28.571428,2906.0,60227.0,0.11182528808593749,False,REGULAR,USD,0.055,0.18181818181818174,0.055,mid,0.11131142973899841,2026-09-30,call,0.0410958904109589,757.3900146484375,1.0562589742767352
SPY260930C00801000,2026-09-15 17:29:12+00:00,801.0,0.06,0.05,0.06,-0.02,-25.0,4.0,1738.0,0.11426666992187501,False,REGULAR,USD,0.055,0.18181818181818174,0.055,mid,0.11359150648117067,2026-09-30,call,0.0410958904109589,757.3900146484375,1.057579297994581
SPY260930C00802000,2026-09-15 16:10:46+00:00,802.0,0.05,0.04,0.05,-0.029999997,-37.499996,84.0,817.0,0.1137783935546875,False,REGULAR,USD,0.045,0.22222222222222227,0.045,mid,0.11306565523147583,2026-09-30,call,0.0410958904109589,757.3900146484375,1.058899621712427
SPY260930C00803000,2026-09-14 19:18:10+00:00,803.0,0.06,0.04,0.05,0.0,0.0,3.0,3059.0,0.1157314990234375,False,REGULAR,USD,0.045,0.22222222222222227,0.045,mid,0.11528624653816225,2026-09-30,call,0.0410958904109589,757.3900146484375,1.060219945430273
SPY260930C00804000,2026-09-15 19:15:18+00:00,804.0,0.03,0.04,0.05,-0.03,-50.0,15.0,749.0,0.118172880859375,False,REGULAR,USD,0.045,0.22222222222222227,0.045,mid,0.11749910473823547,2026-09-30,call,0.0410958904109589,757.3900146484375,1.0615402691481188
SPY260930C00805000,2026-09-15 18:21:01+00:00,805.0,0.03,0.04,0.05,-0.020000001,-40.000004,15.0,4613.0,0.12012598632812499,False,REGULAR,USD,0.045,0.22222222222222227,0.045,mid,0.1197048246860504,2026-09-30,call,0.0410958904109589,757.3900146484375,1.0628605928659647
SPY260930C00806000,2026-09-15 15:09:52+00:00,806.0,0.05,0.03,0.04,0.0,0.0,2.0,1234.0,0.11914943359374999,False,REGULAR,USD,0.035,0.28571428571428575,0.035,mid,0.1184223186969757,2026-09-30,call,0.0410958904109589,757.3900146484375,1.0641809165838108
SPY260930C00807000,2026-09-15 17:04:09+00:00,807.0,0.04,0.03,0.04,-0.010000002,-20.000002,201.0,2417.0,0.1211025390625,False,REGULAR,USD,0.035,0.28571428571428575,0.035,mid,0.12056319952011108,2026-09-30,call,0.0410958904109589,757.3900146484375,1.0655012403016566
SPY260930C00808000,2026-09-10 15:13:54+00:00,808.0,0.06,0.03,0.04,0.0,0.0,1.0,619.0,0.12305564453125001,False,REGULAR,USD,0.035,0.28571428571428575,0.035,mid,0.12269694209098814,2026-09-30,call,0.0410958904109589,757.3900146484375,1.0668215640195025
SPY260930C00809000,2026-09-15 19:38:11+00:00,809.0,0.03,0.03,0.04,-0.020000001,-40.000004,6524.0,1134.0,0.12549702636718751,False,REGULAR,USD,0.035,0.28571428571428575,0.035,mid,0.1248241412639618,2026-09-30,call,0.0410958904109589,757.3900146484375,1.0681418877373483
SPY260930C00810000,2026-09-15 19:38:19+00:00,810.0,0.03,0.03,0.04,-0.01,-25.0,6833.0,7150.0,0.1274501318359375,False,REGULAR,USD,0.035,0.28571428571428575,0.035,mid,0.126944797039032,2026-09-30,call,0.0410958904109589,757.3900146484375,1.0694622114551944
SPY260930C00811000,2026-09-15 13:30:00+00:00,811.0,0.03,0.03,0.04,-0.01,-25.0,1.0,1807.0,0.129891513671875,False,REGULAR,USD,0.035,0.28571428571428575,0.035,mid,0.12905890941619874,2026-09-30,call,0.0410958904109589,757.3900146484375,1.0707825351730402
SPY260930C00813000,2026-09-15 18:48:34+00:00,813.0,0.03,0.02,0.03,-0.03,-50.0,1.0,393.0,0.129891513671875,False,REGULAR,USD,0.025,0.3999999999999999,0.025,mid,0.12854495525360105,2026-09-30,call,0.0410958904109589,757.3900146484375,1.0734231826087322
SPY260930C00814000,2026-09-15 15:48:11+00:00,814.0,0.03,0.02,0.03,-0.01,-25.0,2656.0,1072.0,0.131844619140625,False,REGULAR,USD,0.025,0.3999999999999999,0.025,mid,0.13058054685592652,2026-09-30,call,0.0410958904109589,757.3900146484375,1.074743506326578
SPY260930C00815000,2026-09-15 16:33:16+00:00,815.0,0.02,0.02,0.03,-0.030000001,-60.0,2762.0,1693.0,0.133797724609375,False,REGULAR,USD,0.025,0.3999999999999999,0.025,mid,0.1326101899147034,2026-09-30,call,0.0410958904109589,757.3900146484375,1.0760638300444239
SPY260930C00816000,2026-09-14 19:01:56+00:00,816.0,0.03,0.02,0.03,0.0,0.0,29.0,1767.0,0.13575083007812502,False,REGULAR,USD,0.025,0.3999999999999999,0.025,mid,0.13463388442993163,2026-09-30,call,0.0410958904109589,757.3900146484375,1.07738415376227
SPY260930C00817000,2026-09-11 13:56:37+00:00,817.0,0.04,0.02,0.03,0.0,0.0,1.0,774.0,0.13770393554687502,False,REGULAR,USD,0.025,0.3999999999999999,0.025,mid,0.13665163040161132,2026-09-30,call,0.0410958904109589,757.3900146484375,1.0787044774801158
SPY260930C00818000,2026-09-15 17:04:09+00:00,818.0,0.02,0.02,0.03,-0.030000001,-60.0,200.0,315.0,0.139657041015625,False,REGULAR,USD,0.025,0.3999999999999999,0.025,mid,0.1386646175384521,2026-09-30,call,0.0410958904109589,757.3900146484375,1.0800248011979616
SPY260930C00819000,2026-09-09 18:08:40+00:00,819.0,0.05,0.02,0.03,0.0,0.0,20.0,2015.0,0.141610146484375,False,REGULAR,USD,0.025,0.3999999999999999,0.025,mid,0.14067165613174432,2026-09-30,call,0.0410958904109589,757.3900146484375,1.0813451249158077
SPY260930C00820000,2026-09-14 20:10:37+00:00,820.0,0.02,0.02,0.03,0.0,0.0,512.0,2911.0,0.143563251953125,False,REGULAR,USD,0.025,0.3999999999999999,0.025,mid,0.142672746181488,2026-09-30,call,0.0410958904109589,757.3900146484375,1.0826654486336535
SPY260930C00821000,2026-09-09 17:45:17+00:00,821.0,0.05,0.02,0.03,0.0,0.0,16.0,713.0,0.145516357421875,False,REGULAR,USD,0.025,0.3999999999999999,0.025,mid,0.1446690773963928,2026-09-30,call,0.0410958904109589,757.3900146484375,1.0839857723514994
SPY260930C00822000,2026-09-08 16:01:47+00:00,822.0,0.06,0.02,0.03,0.0,0.0,31.0,201.0,0.147469462890625,False,REGULAR,USD,0.025,0.3999999999999999,0.025,mid,0.1466606497764587,2026-09-30,call,0.0410958904109589,757.3900146484375,1.0853060960693455
SPY260930C00823000,2026-09-15 19:38:16+00:00,823.0,0.02,0.02,0.03,-0.02,-50.0,98.0,122.0,0.149422568359375,False,REGULAR,USD,0.025,0.3999999999999999,0.025,mid,0.14864627361297605,2026-09-30,call,0.0410958904109589,757.3900146484375,1.0866264197871913
SPY260930C00824000,2026-09-11 14:09:06+00:00,824.0,0.03,0.02,0.03,0.0,0.0,1850.0,3731.0,0.15137567382812503,False,REGULAR,USD,0.025,0.3999999999999999,0.025,mid,0.15062713861465454,2026-09-30,call,0.0410958904109589,757.3900146484375,1.0879467435050372
SPY260930P00460000,2026-09-15 14:09:45+00:00,460.0,0.01,0.02,0.03,-0.02,-66.66667,1.0,1325.0,0.7656273437500001,False,REGULAR,USD,0.025,0.3999999999999999,0.025,mid,0.7951528394699097,2026-09-30,put,0.0410958904109589,757.3900146484375,0.6073489102091227
SPY260930P00465000,2026-09-14 14:00:36+00:00,465.0,0.03,0.02,0.03,0.0,0.0,10.0,251.0,0.7500025,False,REGULAR,USD,0.025,0.3999999999999999,0.025,mid,0.7790122244834898,2026-09-30,put,0.0410958904109589,757.3900146484375,0.6139505287983523
SPY260930P00470000,2026-09-15 16:15:16+00:00,470.0,0.02,0.02,0.03,-0.01,-33.333336,2.0,1837.0,0.73437765625,False,REGULAR,USD,0.025,0.3999999999999999,0.025,mid,0.763028962612152,2026-09-30,put,0.0410958904109589,757.3900146484375,0.6205521473875819
SPY260930P00475000,2026-09-09 18:27:56+00:00,475.0,0.03,0.02,0.03,0.0,0.0,48.0,1721.0,0.7187528125,False,REGULAR,USD,0.025,0.3999999999999999,0.025,mid,0.7472030538558959,2026-09-30,put,0.0410958904109589,757.3900146484375,0.6271537659768115
SPY260930P00480000,2026-09-15 18:50:13+00:00,480.0,0.03,0.02,0.03,-0.01,-25.0,2.0,1473.0,0.7070341796875,False,REGULAR,USD,0.025,0.3999999999999999,0.025,mid,0.7315297299385071,2026-09-30,put,0.0410958904109589,757.3900146484375,0.6337553845660411
SPY260930P00485000,2026-09-15 20:03:51+00:00,485.0,0.03,0.02,0.03,0.0,0.0,72.0,678.0,0.6914093359375001,False,REGULAR,USD,0.025,0.3999999999999999,0.025,mid,0.7160089908599854,2026-09-30,put,0.0410958904109589,757.3900146484375,0.6403570031552707
SPY260930P00490000,2026-09-15 20:14:27+00:00,490.0,0.03,0.03,0.04,-0.01,-25.0,28.0,1306.0,0.6953155468750001,False,REGULAR,USD,0.035,0.28571428571428575,0.035,mid,0.7208917057037352,2026-09-30,put,0.0410958904109589,757.3900146484375,0.6469586217445003
SPY260930P00495000,2026-09-14 18:29:04+00:00,495.0,0.03,0.03,0.04,0.0,0.0,48.0,974.0,0.6796907031250001,False,REGULAR,USD,0.035,0.28571428571428575,0.035,mid,0.7052684486865998,2026-09-30,put,0.0410958904109589,757.3900146484375,0.6535602403337298
SPY260930P00500000,2026-09-15 18:32:20+00:00,500.0,0.04,0.03,0.04,0.01,33.333336,8.0,3191.0,0.6640658593750002,False,REGULAR,USD,0.035,0.28571428571428575,0.035,mid,0.6897882399559019,2026-09-30,put,0.0410958904109589,757.3900146484375,0.6601618589229594
SPY260930P00505000,2026-09-15 17:14:11+00:00,505.0,0.05,0.03,0.04,0.0,0.0,27.0,736.0,0.65039412109375,False,REGULAR,USD,0.035,0.28571428571428575,0.035,mid,0.6744463112354279,2026-09-30,put,0.0410958904109589,757.3900146484375,0.666763477512189
SPY260930P00510000,2026-09-14 18:43:30+00:00,510.0,0.03,0.04,0.05,0.0,0.0,5.0,622.0,0.65039412109375,False,REGULAR,USD,0.045,0.22222222222222227,0.045,mid,0.674176903629303,2026-09-30,put,0.0410958904109589,757.3900146484375,0.6733650961014187
SPY260930P00515000,2026-09-15 19:00:28+00:00,515.0,0.05,0.04,0.05,0.010000002,25.000004,100.0,1132.0,0.6347692773437501,False,REGULAR,USD,0.045,0.22222222222222227,0.045,mid,0.6588039811134339,2026-09-30,put,0.0410958904109589,757.3900146484375,0.6799667146906483
SPY260930P00520000,2026-09-15 14:25:25+00:00,520.0,0.05,0.04,0.05,0.0,0.0,1.0,1366.0,0.6210975390625001,False,REGULAR,USD,0.045,0.22222222222222227,0.045,mid,0.6435645703315735,2026-09-30,put,0.0410958904109589,757.3900146484375,0.6865683332798779
SPY260930P00525000,2026-09-14 16:48:23+00:00,525.0,0.05,0.05,0.06,0.0,0.0,13.0,920.0,0.6171913281250001,False,REGULAR,USD,0.055,0.18181818181818174,0.055,mid,0.6402768438816071,2026-09-30,put,0.0410958904109589,757.3900146484375,0.6931699518691075
SPY260930P00530000,2026-09-09 16:18:12+00:00,530.0,0.07,0.05,0.06,0.0,0.0,3.0,982.0,0.6035195898437502,False,REGULAR,USD,0.055,0.18181818181818174,0.055,mid,0.6250422013759613,2026-09-30,put,0.0410958904109589,757.3900146484375,0.699771570458337
SPY260930P00535000,2026-09-15 13:34:28+00:00,535.0,0.06,0.05,0.06,0.009999998,19.999994,1.0,300976.0,0.58789474609375,False,REGULAR,USD,0.055,0.18181818181818174,0.055,mid,0.6099339181900024,2026-09-30,put,0.0410958904109589,757.3900146484375,0.7063731890475666
SPY260930P00540000,2026-09-15 17:43:29+00:00,540.0,0.08,0.06,0.07,0.029999997,59.999996,85.0,1847.0,0.5820354296875,False,REGULAR,USD,0.065,0.15384615384615397,0.065,mid,0.60460298538208,2026-09-30,put,0.0410958904109589,757.3900146484375,0.7129748076367962
SPY260930P00545000,2026-09-10 16:06:40+00:00,545.0,0.08,0.06,0.07,0.0,0.0,1.0,784.0,0.56836369140625,False,REGULAR,USD,0.065,0.15384615384615397,0.065,mid,0.5895233118534089,2026-09-30,put,0.0410958904109589,757.3900146484375,0.7195764262260258
SPY260930P00550000,2026-09-10 14:31:46+00:00,550.0,0.09,0.07,0.08,0.0,0.0,15.0,1354.0,0.561527822265625,False,REGULAR,USD,0.07500000000000001,0.13333333333333325,0.07500000000000001,mid,0.5827893137693405,2026-09-30,put,0.0410958904109589,757.3900146484375,0.7261780448152554
SPY260930P00555000,2026-09-10 13:51:15+00:00,555.0,0.12,0.07,0.08,0.0,0.0,1.0,1078.0,0.5468795312500001,False,REGULAR,USD,0.07500000000000001,0.13333333333333325,0.07500000000000001,mid,0.5677561309337616,2026-09-30,put,0.0410958904109589,757.3900146484375,0.732779663404485
SPY260930P00560000,2026-09-15 14:26:26+00:00,560.0,0.1,0.08,0.09,0.030000001,42.857143,1.0,1279.0,0.5390671093750001,False,REGULAR,USD,0.08499999999999999,0.11764705882352937,0.08499999999999999,mid,0.5599540389776232,2026-09-30,put,0.0410958904109589,757.3900146484375,0.7393812819937146
SPY260930P00565000,2026-09-09 18:02:50+00:00,565.0,0.1,0.09,0.1,0.0,0.0,2.0,516.0,0.5312546875,False,REGULAR,USD,0.095,0.10526315789473693,0.095,mid,0.5513544528245926,2026-09-30,put,0.0410958904109589,757.3900146484375,0.7459829005829441
SPY260930P00570000,2026-09-15 19:46:02+00:00,570.0,0.11,0.09,0.1,0.009999998,9.999997,15.0,1842.0,0.516606396484375,False,REGULAR,USD,0.095,0.10526315789473693,0.095,mid,0.5363355748176575,2026-09-30,put,0.0410958904109589,757.3900146484375,0.7525845191721738
SPY260930P00575000,2026-09-15 16:39:00+00:00,575.0,0.11,0.1,0.11,0.030000001,37.5,6.0,1244.0,0.507817421875,False,REGULAR,USD,0.10500000000000001,0.09523809523809518,0.10500000000000001,mid,0.5270505489587785,2026-09-30,put,0.0410958904109589,757.3900146484375,0.7591861377614034
SPY260930P00580000,2026-09-14 15:49:51+00:00,580.0,0.1,0.11,0.12,0.0,0.0,118.0,2484.0,0.500005,False,REGULAR,USD,0.11499999999999999,0.0869565217391304,0.11499999999999999,mid,0.5172267078876497,2026-09-30,put,0.0410958904109589,757.3900146484375,0.765787756350633
SPY260930P00585000,2026-09-11 15:40:09+00:00,585.0,0.09,0.11,0.12,0.0,0.0,6.0,715.0,0.4858449853515625,False,REGULAR,USD,0.11499999999999999,0.0869565217391304,0.11499999999999999,mid,0.502250744366646,2026-09-30,put,0.0410958904109589,757.3900146484375,0.7723893749398626
SPY260930P00590000,2026-09-14 18:58:16+00:00,590.0,0.12,0.12,0.13,0.0,0.0,930.0,8418.0,0.47559118164062497,False,REGULAR,USD,0.125,0.08000000000000007,0.125,mid,0.491950075674057,2026-09-30,put,0.0410958904109589,757.3900146484375,0.7789909935290922
SPY260930P00594000,2026-09-11 16:15:26+00:00,594.0,0.1,0.13,0.14,0.0,0.0,2.0,224.0,0.467778759765625,False,REGULAR,USD,0.135,0.07407407407407414,0.135,mid,0.484255269932747,2026-09-30,put,0.0410958904109589,757.3900146484375,0.7842722884004758
SPY260930P00595000,2026-09-14 14:24:44+00:00,595.0,0.15,0.13,0.14,0.0,0.0,1.0,530.0,0.46484910156250003,False,REGULAR,USD,0.135,0.07407407407407414,0.135,mid,0.4812601964354516,2026-09-30,put,0.0410958904109589,757.3900146484375,0.7855926121183218
SPY260930P00596000,2026-09-14 18:58:16+00:00,596.0,0.13,0.13,0.14,0.0,0.0,245.0,303.0,0.46191944335937507,False,REGULAR,USD,0.135,0.07407407407407414,0.135,mid,0.4782686991453171,2026-09-30,put,0.0410958904109589,757.3900146484375,0.7869129358361677
SPY260930P00597000,2026-09-14 18:58:16+00:00,597.0,0.13,0.13,0.14,0.0,0.0,112.0,20603.0,0.45898978515625005,False,REGULAR,USD,0.135,0.07407407407407414,0.135,mid,0.4752807780623436,2026-09-30,put,0.0410958904109589,757.3900146484375,0.7882332595540136
SPY260930P00598000,2026-09-15 19:24:15+00:00,598.0,0.16,0.14,0.15,0.019999996,14.285711,29.0,6995.0,0.459966337890625,False,REGULAR,USD,0.14500000000000002,0.06896551724137917,0.14500000000000002,mid,0.47623085709810253,2026-09-30,put,0.0410958904109589,757.3900146484375,0.7895535832718595
SPY260930P00599000,2026-09-15 17:03:38+00:00,599.0,0.15,0.14,0.15,0.050000004,50.000004,2.0,789.0,0.45703667968750006,False,REGULAR,USD,0.14500000000000002,0.06896551724137917,0.14500000000000002,mid,0.4732292272210121,2026-09-30,put,0.0410958904109589,757.3900146484375,0.7908739069897054
SPY260930P00600000,2026-09-15 17:03:39+00:00,600.0,0.15,0.14,0.15,0.0,0.0,3.0,29069.0,0.454107021484375,False,REGULAR,USD,0.14500000000000002,0.06896551724137917,0.14500000000000002,mid,0.47023176958560947,2026-09-30,put,0.0410958904109589,757.3900146484375,0.7921942307075514
SPY260930P00601000,2026-09-15 14:57:38+00:00,601.0,0.16,0.14,0.15,0.019999996,14.285711,26.0,720.0,0.45117736328125,False,REGULAR,USD,0.14500000000000002,0.06896551724137917,0.14500000000000002,mid,0.4672366960883141,2026-09-30,put,0.0410958904109589,757.3900146484375,0.7935145544253973
SPY260930P00602000,2026-09-14 20:03:24+00:00,602.0,0.16,0.14,0.15,0.0,0.0,1.0,155.0,0.44824770507812495,False,REGULAR,USD,0.14500000000000002,0.06896551724137917,0.14500000000000002,mid,0.46424579483270634,2026-09-30,put,0.0410958904109589,757.3900146484375,0.7948348781432432
SPY260930P00603000,2026-09-08 20:02:59+00:00,603.0,0.15,0.14,0.16,0.0,0.0,133.0,389.0,0.44922425781249997,False,REGULAR,USD,0.15000000000000002,0.13333333333333325,0.15000000000000002,mid,0.4631043887138367,2026-09-30,put,0.0410958904109589,757.3900146484375,0.7961552018610891
SPY260930P00604000,2026-09-09 14:09:06+00:00,604.0,0.16,0.15,0.16,0.0,0.0,2.0,156.0,0.446294599609375,False,REGULAR,USD,0.155,0.06451612903225812,0.155,mid,0.4619033791422843,2026-09-30,put,0.0410958904109589,757.3900146484375,0.7974755255789351
SPY260930P00605000,2026-09-15 15:01:48+00:00,605.0,0.17,0.15,0.16,0.050000004,41.66667,11.0,634.0,0.44336494140625,False,REGULAR,USD,0.155,0.06451612903225812,0.155,mid,0.45890353736877443,2026-09-30,put,0.0410958904109589,757.3900146484375,0.7987958492967809
SPY260930P00606000,2026-09-14 18:58:16+00:00,606.0,0.15,0.15,0.16,0.0,0.0,45.0,853.0,0.44043528320312497,False,REGULAR,USD,0.155,0.06451612903225812,0.155,mid,0.4559066757678987,2026-09-30,put,0.0410958904109589,757.3900146484375,0.8001161730146269
SPY260930P00607000,2026-09-14 13:36:21+00:00,607.0,0.18,0.15,0.16,0.0,0.0,2.0,54.0,0.437505625,False,REGULAR,USD,0.155,0.06451612903225812,0.155,mid,0.4529127943396569,2026-09-30,put,0.0410958904109589,757.3900146484375,0.8014364967324727
SPY260930P00608000,2026-09-10 19:32:38+00:00,608.0,0.24,0.15,0.17,0.0,0.0,299.0,475.0,0.437505625,False,REGULAR,USD,0.16,0.1250000000000001,0.16,mid,0.4516378764867783,2026-09-30,put,0.0410958904109589,757.3900146484375,0.8027568204503187
SPY260930P00609000,2026-09-15 17:35:33+00:00,609.0,0.18,0.16,0.17,-0.00999999,-5.263153,125.0,137.0,0.43457596679687505,False,REGULAR,USD,0.165,0.060606060606060656,0.165,mid,0.450311103630066,2026-09-30,put,0.0410958904109589,757.3900146484375,0.8040771441681647
SPY260930P00610000,2026-09-15 17:35:35+00:00,610.0,0.18,0.16,0.17,0.02000001,12.500007,129.0,1192.0,0.43164630859375,False,REGULAR,USD,0.165,0.060606060606060656,0.165,mid,0.4473088777184486,2026-09-30,put,0.0410958904109589,757.3900146484375,0.8053974678860105
SPY260930P00611000,2026-09-10 19:32:38+00:00,611.0,0.25,0.16,0.17,0.0,0.0,49.0,469.0,0.428716650390625,False,REGULAR,USD,0.165,0.060606060606060656,0.165,mid,0.44431022801399234,2026-09-30,put,0.0410958904109589,757.3900146484375,0.8067177916038565
SPY260930P00612000,2026-09-14 14:57:56+00:00,612.0,0.19,0.16,0.17,0.0,0.0,1.0,312.0,0.42578699218750005,False,REGULAR,USD,0.165,0.060606060606060656,0.165,mid,0.44131455848217016,2026-09-30,put,0.0410958904109589,757.3900146484375,0.8080381153217023
SPY260930P00613000,2026-09-11 18:35:58+00:00,613.0,0.13,0.17,0.18,0.0,0.0,100.0,394.0,0.42578699218750005,False,REGULAR,USD,0.175,0.05714285714285704,0.175,mid,0.44148562039136885,2026-09-30,put,0.0410958904109589,757.3900146484375,0.8093584390395483
SPY260930P00614000,2026-09-15 15:11:19+00:00,614.0,0.19,0.17,0.18,-0.010000005,-5.0000024,1.0,101.0,0.422857333984375,False,REGULAR,USD,0.175,0.05714285714285704,0.175,mid,0.43847862620353695,2026-09-30,put,0.0410958904109589,757.3900146484375,0.8106787627573943
SPY260930P00615000,2026-09-15 19:38:28+00:00,615.0,0.19,0.17,0.18,0.019999996,11.764703,4.0,828.0,0.41992767578125,False,REGULAR,USD,0.175,0.05714285714285704,0.175,mid,0.4354752082228661,2026-09-30,put,0.0410958904109589,757.3900146484375,0.8119990864752401
SPY260930P00616000,2026-09-03 15:14:32+00:00,616.0,0.21,0.17,0.18,0.0,0.0,7.0,209.0,0.41699801757812494,False,REGULAR,USD,0.175,0.05714285714285704,0.175,mid,0.43247417438030245,2026-09-30,put,0.0410958904109589,757.3900146484375,0.8133194101930861
SPY260930P00617000,2026-09-09 19:41:06+00:00,617.0,0.2,0.18,0.19,0.0,0.0,1.0,347.0,0.41699801757812494,False,REGULAR,USD,0.185,0.054054054054054106,0.185,mid,0.43244914093017583,2026-09-30,put,0.0410958904109589,757.3900146484375,0.814639733910932
SPY260930P00618000,2026-09-11 18:35:58+00:00,618.0,0.15,0.18,0.19,0.0,0.0,101.0,186.0,0.414068359375,False,REGULAR,USD,0.185,0.054054054054054106,0.185,mid,0.4294379745006561,2026-09-30,put,0.0410958904109589,757.3900146484375,0.8159600576287779
SPY260930P00619000,2026-09-11 14:34:30+00:00,619.0,0.15,0.18,0.19,0.0,0.0,1.0,997.0,0.411138701171875,False,REGULAR,USD,0.185,0.054054054054054106,0.185,mid,0.4264291922092438,2026-09-30,put,0.0410958904109589,757.3900146484375,0.8172803813466238
SPY260930P00620000,2026-09-14 18:46:39+00:00,620.0,0.2,0.18,0.19,0.030000001,17.647058,1.0,3380.0,0.40820904296875,False,REGULAR,USD,0.185,0.054054054054054106,0.185,mid,0.4234239861249923,2026-09-30,put,0.0410958904109589,757.3900146484375,0.8186007050644697
SPY260930P00621000,2026-09-14 13:37:36+00:00,621.0,0.22,0.19,0.2,0.0,0.0,1.0,256.0,0.40820904296875,False,REGULAR,USD,0.195,0.05128205128205133,0.195,mid,0.4232195462822914,2026-09-30,put,0.0410958904109589,757.3900146484375,0.8199210287823157
SPY260930P00622000,2026-09-15 16:43:18+00:00,622.0,0.21,0.19,0.2,0.029999986,16.666658,1.0,501.0,0.405279384765625,False,REGULAR,USD,0.195,0.05128205128205133,0.195,mid,0.420204207611084,2026-09-30,put,0.0410958904109589,757.3900146484375,0.8212413525001616
SPY260930P00623000,2026-09-14 19:46:47+00:00,623.0,0.2,0.19,0.2,0.0,0.0,200.0,366.0,0.4023497265625,False,REGULAR,USD,0.195,0.05128205128205133,0.195,mid,0.4171915510952474,2026-09-30,put,0.0410958904109589,757.3900146484375,0.8225616762180075
SPY260930P00624000,2026-09-03 16:43:25+00:00,624.0,0.22,0.19,0.2,0.0,0.0,20.0,241.0,0.39942006835937505,False,REGULAR,USD,0.195,0.05128205128205133,0.195,mid,0.41418187475204477,2026-09-30,put,0.0410958904109589,757.3900146484375,0.8238819999358534
SPY260930P00625000,2026-09-15 13:48:59+00:00,625.0,0.2,0.2,0.21,-0.00999999,-4.7619004,25.0,2937.0,0.39893179199218753,False,REGULAR,USD,0.20500000000000002,0.04878048780487795,0.20500000000000002,mid,0.4138129293799402,2026-09-30,put,0.0410958904109589,757.3900146484375,0.8252023236536993
SPY260930P00626000,2026-09-14 19:36:13+00:00,626.0,0.21,0.2,0.21,0.0,0.0,1.0,511.0,0.39600213378906257,False,REGULAR,USD,0.20500000000000002,0.04878048780487795,0.20500000000000002,mid,0.41079341846704487,2026-09-30,put,0.0410958904109589,757.3900146484375,0.8265226473715452
SPY260930P00627000,2026-09-14 18:58:16+00:00,627.0,0.2,0.2,0.21,0.0,0.0,208.0,525.0,0.3930724755859375,False,REGULAR,USD,0.20500000000000002,0.04878048780487795,0.20500000000000002,mid,0.40777688772678383,2026-09-30,put,0.0410958904109589,757.3900146484375,0.8278429710893912
SPY260930P00628000,2026-09-15 14:57:38+00:00,628.0,0.24,0.21,0.22,0.03999999,19.999994,26.0,166.0,0.39258419921875,False,REGULAR,USD,0.215,0.046511627906976785,0.215,mid,0.40726906630992893,2026-09-30,put,0.0410958904109589,757.3900146484375,0.829163294807237
SPY260930P00629000,2026-09-09 19:12:44+00:00,629.0,0.23,0.21,0.22,0.0,0.0,1.0,330.0,0.389654541015625,False,REGULAR,USD,0.215,0.046511627906976785,0.215,mid,0.40424240298271175,2026-09-30,put,0.0410958904109589,757.3900146484375,0.830483618525083
SPY260930P00630000,2026-09-15 19:52:25+00:00,630.0,0.24,0.21,0.22,0.030000001,14.285715,102.0,3661.0,0.38672488281249995,False,REGULAR,USD,0.215,0.046511627906976785,0.215,mid,0.40121871982812873,2026-09-30,put,0.0410958904109589,757.3900146484375,0.831803942242929
SPY260930P00631000,2026-09-14 18:58:16+00:00,631.0,0.21,0.21,0.23,0.0,0.0,1.0,148.0,0.3857483300781249,False,REGULAR,USD,0.22,0.090909090909091,0.22,mid,0.3993990264177323,2026-09-30,put,0.0410958904109589,757.3900146484375,0.8331242659607748
SPY260930P00632000,2026-09-14 18:58:16+00:00,632.0,0.22,0.22,0.23,0.0,0.0,92.0,230.0,0.38281867187499996,False,REGULAR,USD,0.225,0.04444444444444448,0.225,mid,0.39754953128099446,2026-09-30,put,0.0410958904109589,757.3900146484375,0.8344445896786208
SPY260930P00633000,2026-09-14 18:58:16+00:00,633.0,0.22,0.22,0.23,0.0,0.0,6.0,477.0,0.379889013671875,False,REGULAR,USD,0.225,0.04444444444444448,0.225,mid,0.3945192917466164,2026-09-30,put,0.0410958904109589,757.3900146484375,0.8357649133964666
SPY260930P00634000,2026-09-15 14:46:47+00:00,634.0,0.25,0.22,0.23,-0.030000001,-10.714286,20.0,235.0,0.37695935546875,False,REGULAR,USD,0.225,0.04444444444444448,0.225,mid,0.39149143635034556,2026-09-30,put,0.0410958904109589,757.3900146484375,0.8370852371143126
SPY260930P00635000,2026-09-15 17:03:16+00:00,635.0,0.25,0.23,0.24,0.030000001,13.636364,38.0,150702.0,0.3764710791015625,False,REGULAR,USD,0.235,0.042553191489361625,0.235,mid,0.39072374387979514,2026-09-30,put,0.0410958904109589,757.3900146484375,0.8384055608321586
SPY260930P00636000,2026-09-15 15:35:37+00:00,636.0,0.25,0.23,0.24,0.019999996,8.69565,2.0,178.0,0.37354142089843745,False,REGULAR,USD,0.235,0.042553191489361625,0.235,mid,0.387686947965622,2026-09-30,put,0.0410958904109589,757.3900146484375,0.8397258845500044
SPY260930P00637000,2026-09-14 13:50:57+00:00,637.0,0.25,0.24,0.25,0.0,0.0,5.0,516.0,0.37256486816406253,False,REGULAR,USD,0.245,0.04081632653061228,0.245,mid,0.38681882367730147,2026-09-30,put,0.0410958904109589,757.3900146484375,0.8410462082678504
SPY260930P00638000,2026-09-14 18:58:16+00:00,638.0,0.23,0.24,0.25,0.0,0.0,89.0,127.0,0.36963520996093746,False,REGULAR,USD,0.245,0.04081632653061228,0.245,mid,0.38377338526248933,2026-09-30,put,0.0410958904109589,757.3900146484375,0.8423665319856963
SPY260930P00639000,2026-09-11 19:33:41+00:00,639.0,0.24,0.24,0.25,0.0,0.0,20.0,125.0,0.3667055517578125,False,REGULAR,USD,0.245,0.04081632653061228,0.245,mid,0.380730629003048,2026-09-30,put,0.0410958904109589,757.3900146484375,0.8436868557035422
SPY260930P00640000,2026-09-15 14:19:54+00:00,640.0,0.26,0.25,0.26,0.019999996,8.333331,1.0,3722.0,0.3657289990234375,False,REGULAR,USD,0.255,0.03921568627450984,0.255,mid,0.3797579006552697,2026-09-30,put,0.0410958904109589,757.3900146484375,0.8450071794213881
SPY260930P00641000,2026-09-14 18:58:16+00:00,641.0,0.24,0.25,0.26,0.0,0.0,285.0,376.0,0.3627993408203125,False,REGULAR,USD,0.255,0.03921568627450984,0.255,mid,0.37670620387792586,2026-09-30,put,0.0410958904109589,757.3900146484375,0.846327503139234
SPY260930P00642000,2026-09-15 17:55:30+00:00,642.0,0.28,0.25,0.26,0.040000007,16.66667,2.0,84.0,0.35962554443359374,False,REGULAR,USD,0.255,0.03921568627450984,0.255,mid,0.3736574872732162,2026-09-30,put,0.0410958904109589,757.3900146484375,0.84764782685708
SPY260930P00643000,2026-09-14 18:58:16+00:00,643.0,0.25,0.26,0.27,0.0,0.0,45.0,278.0,0.358404853515625,False,REGULAR,USD,0.265,0.03773584905660381,0.265,mid,0.372585817193985,2026-09-30,put,0.0410958904109589,757.3900146484375,0.8489681505749259
SPY260930P00644000,2026-09-14 18:58:16+00:00,644.0,0.26,0.26,0.27,0.0,0.0,185.0,347.0,0.35547519531249994,False,REGULAR,USD,0.265,0.03773584905660381,0.265,mid,0.3695284580886363,2026-09-30,put,0.0410958904109589,757.3900146484375,0.8502884742927718
SPY260930P00645000,2026-09-15 19:23:42+00:00,645.0,0.29,0.27,0.28,0.030000001,11.538462,3.0,766.0,0.3544986425781249,False,REGULAR,USD,0.275,0.03636363636363639,0.275,mid,0.3683745352447032,2026-09-30,put,0.0410958904109589,757.3900146484375,0.8516087980106177
SPY260930P00646000,2026-09-14 13:33:53+00:00,646.0,0.32,0.27,0.28,0.0,0.0,1.0,453.0,0.35156898437499995,False,REGULAR,USD,0.275,0.03636363636363639,0.275,mid,0.36530912967324247,2026-09-30,put,0.0410958904109589,757.3900146484375,0.8529291217284636
SPY260930P00647000,2026-09-14 14:01:15+00:00,647.0,0.3,0.28,0.29,0.0,0.0,3.0,303.0,0.3501041552734374,False,REGULAR,USD,0.28500000000000003,0.035087719298245446,0.28500000000000003,mid,0.3640771263062953,2026-09-30,put,0.0410958904109589,757.3900146484375,0.8542494454463095
SPY260930P00648000,2026-09-14 18:58:16+00:00,648.0,0.27,0.28,0.29,0.0,0.0,49.0,673.0,0.34717449707031245,False,REGULAR,USD,0.28500000000000003,0.035087719298245446,0.28500000000000003,mid,0.3610036742687225,2026-09-30,put,0.0410958904109589,757.3900146484375,0.8555697691641555
SPY260930P00649000,2026-09-11 15:50:03+00:00,649.0,0.23,0.28,0.29,0.0,0.0,1.0,684.0,0.3442448388671875,False,REGULAR,USD,0.28500000000000003,0.035087719298245446,0.28500000000000003,mid,0.3579320103347301,2026-09-30,put,0.0410958904109589,757.3900146484375,0.8568900928820014
SPY260930P00650000,2026-09-15 19:09:22+00:00,650.0,0.31,0.29,0.3,0.00999999,3.33333,564.0,3817.0,0.34278000976562495,False,REGULAR,USD,0.295,0.0338983050847458,0.295,mid,0.35661626411676406,2026-09-30,put,0.0410958904109589,757.3900146484375,0.8582104165998473
SPY260930P00651000,2026-09-11 14:34:51+00:00,651.0,0.25,0.29,0.3,0.0,0.0,57.0,430.0,0.3398503515625,False,REGULAR,USD,0.295,0.0338983050847458,0.295,mid,0.3535368517339229,2026-09-30,put,0.0410958904109589,757.3900146484375,0.8595307403176933
SPY260930P00652000,2026-09-11 19:33:45+00:00,652.0,0.29,0.3,0.31,0.0,0.0,7.0,220.0,0.3386296606445312,False,REGULAR,USD,0.305,0.03278688524590167,0.305,mid,0.3521513694763183,2026-09-30,put,0.0410958904109589,757.3900146484375,0.8608510640355391
SPY260930P00653000,2026-09-04 14:36:29+00:00,653.0,0.29,0.3,0.31,0.0,0.0,5.0,131.0,0.3354558642578125,False,REGULAR,USD,0.305,0.03278688524590167,0.305,mid,0.3490639106273651,2026-09-30,put,0.0410958904109589,757.3900146484375,0.8621713877533851
SPY260930P00654000,2026-09-11 13:54:56+00:00,654.0,0.27,0.31,0.32,0.0,0.0,6.0,29.0,0.33399103515625,False,REGULAR,USD,0.315,0.03174603174603177,0.315,mid,0.34761167250275604,2026-09-30,put,0.0410958904109589,757.3900146484375,0.8634917114712309
SPY260930P00655000,2026-09-14 18:58:16+00:00,655.0,0.3,0.31,0.32,0.0,0.0,299.0,679.0,0.331061376953125,False,REGULAR,USD,0.315,0.03174603174603177,0.315,mid,0.34451646520495405,2026-09-30,put,0.0410958904109589,757.3900146484375,0.8648120351890769
SPY260930P00656000,2026-09-03 15:46:09+00:00,656.0,0.37,0.32,0.33,0.0,0.0,2.0,196.0,0.32959654785156245,False,REGULAR,USD,0.325,0.030769230769230795,0.325,mid,0.3430007494032383,2026-09-30,put,0.0410958904109589,757.3900146484375,0.8661323589069229
SPY260930P00657000,2026-09-11 14:35:50+00:00,657.0,0.28,0.33,0.34,0.0,0.0,2.0,883.0,0.32813171874999997,False,REGULAR,USD,0.335,0.02985074626865674,0.335,mid,0.34143347661495205,2026-09-30,put,0.0410958904109589,757.3900146484375,0.8674526826247687
SPY260930P00658000,2026-09-14 18:58:16+00:00,658.0,0.32,0.33,0.34,0.0,0.0,194.0,1288.0,0.3249579223632812,False,REGULAR,USD,0.335,0.02985074626865674,0.335,mid,0.33832128233313563,2026-09-30,put,0.0410958904109589,757.3900146484375,0.8687730063426147
SPY260930P00659000,2026-09-14 14:35:00+00:00,659.0,0.38,0.34,0.35,0.0,0.0,161.0,738.0,0.32349309326171866,False,REGULAR,USD,0.345,0.02898550724637668,0.345,mid,0.33669589617848394,2026-09-30,put,0.0410958904109589,757.3900146484375,0.8700933300604605
SPY260930P00660000,2026-09-15 17:58:48+00:00,660.0,0.37,0.34,0.35,0.02000001,5.7142887,32.0,7890.0,0.32031929687499994,False,REGULAR,USD,0.345,0.02898550724637668,0.345,mid,0.33357595344781876,2026-09-30,put,0.0410958904109589,757.3900146484375,0.8714136537783065
SPY260930P00661000,2026-09-14 18:58:16+00:00,661.0,0.34,0.35,0.36,0.0,0.0,29.0,413.0,0.3188544677734374,False,REGULAR,USD,0.355,0.028169014084507067,0.355,mid,0.3318942420303822,2026-09-30,put,0.0410958904109589,757.3900146484375,0.8727339774961524
SPY260930P00662000,2026-09-14 18:58:16+00:00,662.0,0.34,0.36,0.37,0.0,0.0,113.0,227.0,0.3171455004882812,False,REGULAR,USD,0.365,0.02739726027397263,0.365,mid,0.3301678280234337,2026-09-30,put,0.0410958904109589,757.3900146484375,0.8740543012139983
SPY260930P00663000,2026-09-14 18:58:16+00:00,663.0,0.35,0.36,0.37,0.0,0.0,128.0,315.0,0.3139717041015625,False,REGULAR,USD,0.365,0.02739726027397263,0.365,mid,0.3270311963260173,2026-09-30,put,0.0410958904109589,757.3900146484375,0.8753746249318443
SPY260930P00664000,2026-09-11 13:59:13+00:00,664.0,0.31,0.37,0.38,0.0,0.0,1.0,1014.0,0.3122627368164062,False,REGULAR,USD,0.375,0.02666666666666669,0.375,mid,0.3252526292979717,2026-09-30,put,0.0410958904109589,757.3900146484375,0.8766949486496902
SPY260930P00665000,2026-09-15 14:28:09+00:00,665.0,0.41,0.38,0.39,0.049999982,13.888883,1.0,1605.0,0.31055376953124997,False,REGULAR,USD,0.385,0.025974025974025997,0.385,mid,0.32343263787031173,2026-09-30,put,0.0410958904109589,757.3900146484375,0.8780152723675361
SPY260930P00666000,2026-09-14 19:54:44+00:00,666.0,0.38,0.38,0.39,0.0,0.0,85.0,307.0,0.3073799731445312,False,REGULAR,USD,0.385,0.025974025974025997,0.385,mid,0.32027976423203947,2026-09-30,put,0.0410958904109589,757.3900146484375,0.879335596085382
SPY260930P00667000,2026-09-14 19:47:04+00:00,667.0,0.39,0.39,0.4,0.0,0.0,80.0,384.0,0.305671005859375,False,REGULAR,USD,0.395,0.025316455696202552,0.395,mid,0.31841104698181155,2026-09-30,put,0.0410958904109589,757.3900146484375,0.8806559198032279
SPY260930P00668000,2026-09-14 20:14:21+00:00,668.0,0.42,0.4,0.41,0.0,0.0,1.0,409.0,0.30371790039062496,False,REGULAR,USD,0.405,0.024691358024691242,0.405,mid,0.31650373649597174,2026-09-30,put,0.0410958904109589,757.3900146484375,0.8819762435210738
SPY260930P00669000,2026-09-14 13:39:49+00:00,669.0,0.47,0.4,0.41,0.0,0.0,17.0,513.0,0.30054410400390624,False,REGULAR,USD,0.405,0.024691358024691242,0.405,mid,0.3133346209168434,2026-09-30,put,0.0410958904109589,757.3900146484375,0.8832965672389198
SPY260930P00670000,2026-09-15 18:07:16+00:00,670.0,0.45,0.41,0.42,0.00999999,2.272725,1.0,3372.0,0.2985909985351562,False,REGULAR,USD,0.415,0.024096385542168697,0.415,mid,0.31138141577243805,2026-09-30,put,0.0410958904109589,757.3900146484375,0.8846168909567657
SPY260930P00671000,2026-09-10 13:55:26+00:00,671.0,0.69,0.42,0.43,0.0,0.0,3.0,345.0,0.2966378930664062,False,REGULAR,USD,0.425,0.023529411764705903,0.425,mid,0.3093924485564232,2026-09-30,put,0.0410958904109589,757.3900146484375,0.8859372146746116
SPY260930P00672000,2026-09-14 19:33:36+00:00,672.0,0.43,0.43,0.44,0.0,0.0,10.0,667.0,0.2946847875976562,False,REGULAR,USD,0.435,0.022988505747126457,0.435,mid,0.30736831530332565,2026-09-30,put,0.0410958904109589,757.3900146484375,0.8872575383924575
SPY260930P00673000,2026-09-14 18:58:16+00:00,673.0,0.42,0.44,0.45,0.0,0.0,75.0,1740.0,0.29273168212890616,False,REGULAR,USD,0.445,0.02247191011235957,0.445,mid,0.3053105060994624,2026-09-30,put,0.0410958904109589,757.3900146484375,0.8885778621103034
SPY260930P00674000,2026-09-14 15:07:37+00:00,674.0,0.48,0.45,0.46,0.0,0.0,3.0,905.0,0.29077857666015616,False,REGULAR,USD,0.455,0.021978021978021997,0.455,mid,0.3032196169793606,2026-09-30,put,0.0410958904109589,757.3900146484375,0.8898981858281494
SPY260930P00675000,2026-09-15 20:06:44+00:00,675.0,0.48,0.46,0.47,0.030000001,6.666667,11.0,9847.0,0.2885813330078124,False,REGULAR,USD,0.46499999999999997,0.021505376344085923,0.46499999999999997,mid,0.3010968400120736,2026-09-30,put,0.0410958904109589,757.3900146484375,0.8912185095459952
SPY260930P00676000,2026-09-15 15:36:42+00:00,676.0,0.51,0.46,0.47,0.06999999,15.909089,1.0,1338.0,0.2854075366210937,False,REGULAR,USD,0.46499999999999997,0.021505376344085923,0.46499999999999997,mid,0.29787795554995544,2026-09-30,put,0.0410958904109589,757.3900146484375,0.8925388332638412
SPY260930P00677000,2026-09-15 15:49:50+00:00,677.0,0.53,0.47,0.48,0.07999998,17.777775,200.0,1166.0,0.2834544311523437,False,REGULAR,USD,0.475,0.02105263157894739,0.475,mid,0.29571569129526615,2026-09-30,put,0.0410958904109589,757.3900146484375,0.8938591569816872
SPY260930P00678000,2026-09-15 15:11:02+00:00,678.0,0.55,0.48,0.49,-0.120000005,-17.910448,1.0,1524.0,0.28125718749999995,False,REGULAR,USD,0.485,0.020618556701030948,0.485,mid,0.29352302927970886,2026-09-30,put,0.0410958904109589,757.3900146484375,0.895179480699533
SPY260930P00679000,2026-09-15 17:01:34+00:00,679.0,0.5,0.49,0.5,-0.27999997,-35.89743,210.0,773.0,0.2790599438476562,False,REGULAR,USD,0.495,0.02020202020202022,0.495,mid,0.29130086355507373,2026-09-30,put,0.0410958904109589,757.3900146484375,0.896499804417379
SPY260930P00680000,2026-09-15 19:56:05+00:00,680.0,0.55,0.51,0.52,0.04000002,7.843141,542.0,10139.0,0.2778392529296875,False,REGULAR,USD,0.515,0.019417475728155355,0.515,mid,0.2900305649697781,2026-09-30,put,0.0410958904109589,757.3900146484375,0.8978201281352248
SPY260930P00681000,2026-09-15 18:48:35+00:00,681.0,0.58,0.52,0.53,0.13999999,31.818178,6.0,660.0,0.2755199401855468,False,REGULAR,USD,0.525,0.019047619047619063,0.525,mid,0.2877316597998142,2026-09-30,put,0.0410958904109589,757.3900146484375,0.8991404518530708
SPY260930P00682000,2026-09-15 15:37:57+00:00,682.0,0.59,0.53,0.54,0.099999964,20.408155,5.0,681.0,0.2732006274414062,False,REGULAR,USD,0.535,0.018691588785046745,0.535,mid,0.28540563505887984,2026-09-30,put,0.0410958904109589,757.3900146484375,0.9004607755709167
SPY260930P00683000,2026-09-15 14:28:13+00:00,683.0,0.58,0.54,0.55,0.099999994,20.833332,1.0,302.0,0.2710033837890625,False,REGULAR,USD,0.545,0.018348623853211024,0.545,mid,0.28305308678150176,2026-09-30,put,0.0410958904109589,757.3900146484375,0.9017810992887626
SPY260930P00684000,2026-09-14 14:17:02+00:00,684.0,0.57,0.55,0.56,0.0,0.0,7.0,436.0,0.26856200195312496,False,REGULAR,USD,0.555,0.018018018018018032,0.555,mid,0.2806744619935752,2026-09-30,put,0.0410958904109589,757.3900146484375,0.9031014230066086
SPY260930P00685000,2026-09-15 18:31:43+00:00,685.0,0.61,0.57,0.58,0.030000031,5.172419,221.0,2032.0,0.26709717285156254,False,REGULAR,USD,0.575,0.017391304347826105,0.575,mid,0.27914995468258863,2026-09-30,put,0.0410958904109589,757.3900146484375,0.9044217467244545
SPY260930P00686000,2026-09-15 20:00:40+00:00,686.0,0.6,0.58,0.59,-0.060000002,-9.090909,4.0,227.0,0.264655791015625,False,REGULAR,USD,0.585,0.01709401709401711,0.585,mid,0.2767039779931307,2026-09-30,put,0.0410958904109589,757.3900146484375,0.9057420704423004
SPY260930P00687000,2026-09-11 13:46:59+00:00,687.0,0.53,0.59,0.6,0.0,0.0,1.0,1670.0,0.26233647827148443,False,REGULAR,USD,0.595,0.016806722689075647,0.595,mid,0.2742337128967047,2026-09-30,put,0.0410958904109589,757.3900146484375,0.9070623941601463
SPY260930P00688000,2026-09-15 19:44:06+00:00,688.0,0.68,0.61,0.62,0.19,38.77551,50.0,874.0,0.2606275109863281,False,REGULAR,USD,0.615,0.016260162601626032,0.615,mid,0.2725630281180144,2026-09-30,put,0.0410958904109589,757.3900146484375,0.9083827178779922
SPY260930P00689000,2026-09-14 15:32:28+00:00,689.0,0.58,0.62,0.63,-0.050000012,-7.9365096,2.0,691.0,0.25818612915039063,False,REGULAR,USD,0.625,0.016000000000000014,0.625,mid,0.2700301793962718,2026-09-30,put,0.0410958904109589,757.3900146484375,0.9097030415958381
SPY260930P00690000,2026-09-15 19:59:53+00:00,690.0,0.69,0.64,0.65,0.029999971,4.54545,148.0,7072.0,0.2563550927734375,False,REGULAR,USD,0.645,0.015503875968992262,0.645,mid,0.2682611489206553,2026-09-30,put,0.0410958904109589,757.3900146484375,0.9110233653136841
SPY260930P00691000,2026-09-15 14:29:23+00:00,691.0,0.7,0.66,0.67,0.110000014,18.644072,2.0,2053.0,0.2546461254882813,False,REGULAR,USD,0.665,0.015037593984962419,0.665,mid,0.2664346011132002,2026-09-30,put,0.0410958904109589,757.3900146484375,0.91234368903153
SPY260930P00692000,2026-09-15 14:13:30+00:00,692.0,0.7,0.67,0.68,0.099999964,16.66666,72.0,439.0,0.2520826745605469,False,REGULAR,USD,0.675,0.014814814814814828,0.675,mid,0.26380638686716557,2026-09-30,put,0.0410958904109589,757.3900146484375,0.9136640127493759
SPY260930P00693000,2026-09-14 14:06:14+00:00,693.0,0.69,0.69,0.7,0.0,0.0,1.0,447.0,0.25012956909179684,False,REGULAR,USD,0.695,0.014388489208633108,0.695,mid,0.2618899868547917,2026-09-30,put,0.0410958904109589,757.3900146484375,0.9149843364672218
SPY260930P00694000,2026-09-15 17:25:25+00:00,694.0,0.8,0.71,0.72,0.16000003,25.000004,20.0,309.0,0.24829853271484376,False,REGULAR,USD,0.715,0.013986013986014,0.715,mid,0.2599209867954255,2026-09-30,put,0.0410958904109589,757.3900146484375,0.9163046601850677
SPY260930P00695000,2026-09-15 18:13:47+00:00,695.0,0.74,0.73,0.74,0.00999999,1.3698617,26.0,4230.0,0.24622335815429688,False,REGULAR,USD,0.735,0.01360544217687076,0.735,mid,0.25790117479264746,2026-09-30,put,0.0410958904109589,757.3900146484375,0.9176249839029137
SPY260930P00696000,2026-09-15 19:35:55+00:00,696.0,0.82,0.75,0.76,0.110000014,15.492961,9.0,296.0,0.2442702526855469,False,REGULAR,USD,0.755,0.013245033112582794,0.755,mid,0.2558320409327746,2026-09-30,put,0.0410958904109589,757.3900146484375,0.9189453076207595
SPY260930P00697000,2026-09-15 15:31:19+00:00,697.0,0.85,0.77,0.78,0.16000003,23.188408,2.0,3719.0,0.242195078125,False,REGULAR,USD,0.775,0.012903225806451623,0.775,mid,0.2537149262934924,2026-09-30,put,0.0410958904109589,757.3900146484375,0.9202656313386055
SPY260930P00698000,2026-09-15 15:50:53+00:00,698.0,0.86,0.79,0.8,-0.00999999,-1.1494242,33.0,318.0,0.2399978344726562,False,REGULAR,USD,0.795,0.012578616352201269,0.795,mid,0.25155132096111776,2026-09-30,put,0.0410958904109589,757.3900146484375,0.9215859550564515
SPY260930P00699000,2026-09-15 19:54:15+00:00,699.0,0.9,0.81,0.82,0.07999998,9.756095,103.0,4373.0,0.23780059082031246,False,REGULAR,USD,0.815,0.012269938650306624,0.815,mid,0.2493422679960728,2026-09-30,put,0.0410958904109589,757.3900146484375,0.9229062787742973
SPY260930P00700000,2026-09-15 20:14:19+00:00,700.0,0.85,0.84,0.85,0.02000004,2.4096434,2732.0,21088.0,0.2362136926269531,False,REGULAR,USD,0.845,0.011834319526627229,0.845,mid,0.24770406709909443,2026-09-30,put,0.0410958904109589,757.3900146484375,0.9242266024921433
SPY260930P00701000,2026-09-15 19:30:17+00:00,701.0,0.95,0.86,0.87,0.25,35.714287,1134.0,1132.0,0.23395541442871093,False,REGULAR,USD,0.865,0.011560693641618507,0.865,mid,0.2453936882644892,2026-09-30,put,0.0410958904109589,757.3900146484375,0.9255469262099891
SPY260930P00702000,2026-09-15 14:22:08+00:00,702.0,0.96,0.89,0.9,0.14999998,18.518517,1.0,1199.0,0.23218541259765624,False,REGULAR,USD,0.895,0.011173184357541908,0.895,mid,0.24362614787518977,2026-09-30,put,0.0410958904109589,757.3900146484375,0.9268672499278351
SPY260930P00703000,2026-09-15 19:52:18+00:00,703.0,1.03,0.91,0.92,0.22999996,28.749994,343.0,1931.0,0.2298660998535156,False,REGULAR,USD,0.915,0.010928961748633888,0.915,mid,0.24121988198608163,2026-09-30,put,0.0410958904109589,757.3900146484375,0.928187573645681
SPY260930P00704000,2026-09-15 19:52:20+00:00,704.0,1.06,0.94,0.95,0.059999943,5.9999943,506.0,716.0,0.22797402893066404,False,REGULAR,USD,0.945,0.010582010582010592,0.945,mid,0.23933060154467825,2026-09-30,put,0.0410958904109589,757.3900146484375,0.9295078973635269
SPY260930P00705000,2026-09-15 19:47:06+00:00,705.0,1.07,0.97,0.98,0.19000006,21.590916,78.0,3836.0,0.2260819580078125,False,REGULAR,USD,0.975,0.010256410256410265,0.975,mid,0.23737568280100824,2026-09-30,put,0.0410958904109589,757.3900146484375,0.9308282210813729
SPY260930P00706000,2026-09-15 19:00:47+00:00,706.0,1.07,1.0,1.01,0.20000005,22.98851,33.0,801.0,0.224067817993164,False,REGULAR,USD,1.005,0.009950248756218916,1.005,mid,0.23535721187591552,2026-09-30,put,0.0410958904109589,757.3900146484375,0.9321485447992187
SPY260930P00707000,2026-09-15 19:25:35+00:00,707.0,1.13,1.04,1.05,0.049999952,4.629625,515.0,21226.0,0.2225419543457031,False,REGULAR,USD,1.045,0.00956937799043063,1.045,mid,0.23378956656605002,2026-09-30,put,0.0410958904109589,757.3900146484375,0.9334688685170647
SPY260930P00708000,2026-09-15 19:55:07+00:00,708.0,1.18,1.07,1.08,0.099999905,9.25925,331.0,1241.0,0.22034471069335934,False,REGULAR,USD,1.0750000000000002,0.009302325581395356,1.0750000000000002,mid,0.23163683886379002,2026-09-30,put,0.0410958904109589,757.3900146484375,0.9347891922349106
SPY260930P00709000,2026-09-15 16:05:38+00:00,709.0,1.22,1.11,1.12,0.120000005,10.909091,7.0,1324.0,0.2186357434082031,False,REGULAR,USD,1.1150000000000002,0.008968609865470859,1.1150000000000002,mid,0.22991198944747449,2026-09-30,put,0.0410958904109589,757.3900146484375,0.9361095159527565
SPY260930P00710000,2026-09-15 20:14:02+00:00,710.0,1.14,1.14,1.15,0.01999998,1.7857126,1186.0,14488.0,0.21643849975585935,False,REGULAR,USD,1.145,0.00873362445414848,1.145,mid,0.22763342395573852,2026-09-30,put,0.0410958904109589,757.3900146484375,0.9374298396706024
SPY260930P00711000,2026-09-15 15:03:48+00:00,711.0,1.36,1.18,1.19,0.38,38.77551,9.0,1020.0,0.21460746337890624,False,REGULAR,USD,1.185,0.008438818565400852,1.185,mid,0.22576127950698135,2026-09-30,put,0.0410958904109589,757.3900146484375,0.9387501633884484
SPY260930P00712000,2026-09-15 13:51:15+00:00,712.0,1.14,1.22,1.23,0.13999999,13.999998,260.0,973.0,0.21265435791015624,False,REGULAR,USD,1.225,0.008163265306122455,1.225,mid,0.2238125446215272,2026-09-30,put,0.0410958904109589,757.3900146484375,0.9400704871062943
SPY260930P00713000,2026-09-15 19:59:45+00:00,713.0,1.36,1.26,1.28,0.28999996,27.102798,228.0,738.0,0.21106745971679686,False,REGULAR,USD,1.27,0.015748031496063006,1.27,mid,0.22200760306566955,2026-09-30,put,0.0410958904109589,757.3900146484375,0.9413908108241402
SPY260930P00714000,2026-09-15 19:52:20+00:00,714.0,1.48,1.31,1.33,0.38,34.545452,89.0,872.0,0.2093584924316406,False,REGULAR,USD,1.32,0.015151515151515164,1.32,mid,0.22033080893307924,2026-09-30,put,0.0410958904109589,757.3900146484375,0.9427111345419861
SPY260930P00715000,2026-09-15 19:51:29+00:00,715.0,1.53,1.35,1.37,0.29999995,24.39024,1568.0,7368.0,0.20722228332519527,False,REGULAR,USD,1.36,0.014705882352941188,1.36,mid,0.2181498440951109,2026-09-30,put,0.0410958904109589,757.3900146484375,0.944031458259832
SPY260930P00716000,2026-09-15 17:22:36+00:00,716.0,1.58,1.4,1.42,0.31000006,24.409454,74.0,1602.0,0.20539124694824218,False,REGULAR,USD,1.41,0.014184397163120581,1.41,mid,0.21630295660942792,2026-09-30,put,0.0410958904109589,757.3900146484375,0.945351781977678
SPY260930P00717000,2026-09-15 19:25:35+00:00,717.0,1.59,1.46,1.47,0.36,29.268291,199.0,788.0,0.20343814147949218,False,REGULAR,USD,1.4649999999999999,0.006825938566552908,1.4649999999999999,mid,0.2145644729033113,2026-09-30,put,0.0410958904109589,757.3900146484375,0.9466721056955238
SPY260930P00718000,2026-09-15 19:25:35+00:00,718.0,1.65,1.51,1.53,0.34000003,25.954203,827.0,637.0,0.20179020874023437,False,REGULAR,USD,1.52,0.013157894736842117,1.52,mid,0.21273144322037696,2026-09-30,put,0.0410958904109589,757.3900146484375,0.9479924294133698
SPY260930P00719000,2026-09-15 19:25:35+00:00,719.0,1.71,1.57,1.59,0.30000007,21.276602,386.0,819.0,0.2000812414550781,False,REGULAR,USD,1.58,0.012658227848101276,1.58,mid,0.21099139492362737,2026-09-30,put,0.0410958904109589,757.3900146484375,0.9493127531312157
SPY260930P00720000,2026-09-15 20:13:32+00:00,720.0,1.62,1.63,1.64,0.08000004,5.194808,2124.0,14922.0,0.19788399780273438,False,REGULAR,USD,1.6349999999999998,0.0061162079510703425,1.6349999999999998,mid,0.2089735945373774,2026-09-30,put,0.0410958904109589,757.3900146484375,0.9506330768490616
SPY260930P00721000,2026-09-15 20:00:14+00:00,721.0,1.78,1.69,1.71,0.23000002,14.838712,422.0,1928.0,0.196297099609375,False,REGULAR,USD,1.7,0.011764705882352951,1.7,mid,0.20721901789903643,2026-09-30,put,0.0410958904109589,757.3900146484375,0.9519534005669076
SPY260930P00722000,2026-09-15 20:00:14+00:00,722.0,1.85,1.75,1.77,0.39,26.712328,831.0,1966.0,0.19428295959472658,False,REGULAR,USD,1.76,0.011363636363636374,1.76,mid,0.20519264951646327,2026-09-30,put,0.0410958904109589,757.3900146484375,0.9532737242847534
SPY260930P00723000,2026-09-15 19:34:56+00:00,723.0,2.0,1.82,1.84,0.38,23.45679,150.0,606.0,0.1925129577636719,False,REGULAR,USD,1.83,0.010928961748633888,1.83,mid,0.20340693007409577,2026-09-30,put,0.0410958904109589,757.3900146484375,0.9545940480025994
SPY260930P00724000,2026-09-15 19:40:07+00:00,724.0,2.14,1.89,1.91,0.56000006,35.443043,371.0,1055.0,0.19062088684082032,False,REGULAR,USD,1.9,0.010526315789473694,1.9,mid,0.20151619679853322,2026-09-30,put,0.0410958904109589,757.3900146484375,0.9559143717204454
SPY260930P00725000,2026-09-15 19:48:54+00:00,725.0,2.1,1.97,1.99,0.24999988,13.513507,636.0,18724.0,0.18891191955566405,False,REGULAR,USD,1.98,0.01010101010101011,1.98,mid,0.1998363479889929,2026-09-30,put,0.0410958904109589,757.3900146484375,0.9572346954382912
SPY260930P00726000,2026-09-15 19:30:45+00:00,726.0,2.23,2.05,2.07,0.5,28.901733,14.0,907.0,0.18708088317871097,False,REGULAR,USD,2.0599999999999996,0.009708737864077681,2.0599999999999996,mid,0.1980407567247748,2026-09-30,put,0.0410958904109589,757.3900146484375,0.9585550191561372
SPY260930P00727000,2026-09-15 19:59:50+00:00,727.0,2.31,2.13,2.15,0.63,37.5,308.0,1313.0,0.18518881225585934,False,REGULAR,USD,2.1399999999999997,0.009345794392523374,2.1399999999999997,mid,0.19613299921303987,2026-09-30,put,0.0410958904109589,757.3900146484375,0.959875342873983
SPY260930P00728000,2026-09-15 19:40:07+00:00,728.0,2.5,2.22,2.24,0.62,32.97872,438.0,820.0,0.18341881042480468,False,REGULAR,USD,2.2300000000000004,0.008968609865470859,2.2300000000000004,mid,0.1944044245809317,2026-09-30,put,0.0410958904109589,757.3900146484375,0.961195666591829
SPY260930P00729000,2026-09-15 18:16:18+00:00,729.0,2.45,2.31,2.33,0.51,26.288658,71.0,1851.0,0.1815572567749023,False,REGULAR,USD,2.3200000000000003,0.00862068965517242,2.3200000000000003,mid,0.1925545569226146,2026-09-30,put,0.0410958904109589,757.3900146484375,0.9625159903096749
SPY260930P00730000,2026-09-15 19:59:00+00:00,730.0,2.58,2.41,2.43,0.3499999,15.695064,2874.0,26562.0,0.17981777221679687,False,REGULAR,USD,2.42,0.008264462809917363,2.42,mid,0.19085984450206162,2026-09-30,put,0.0410958904109589,757.3900146484375,0.9638363140275208
SPY260930P00731000,2026-09-15 19:57:38+00:00,731.0,2.75,2.51,2.53,0.6700001,32.211544,747.0,1284.0,0.17798673583984376,False,REGULAR,USD,2.5199999999999996,0.007936507936507945,2.5199999999999996,mid,0.1890361651107669,2026-09-30,put,0.0410958904109589,757.3900146484375,0.9651566377453668
SPY260930P00732000,2026-09-15 17:43:44+00:00,732.0,2.9,2.62,2.64,0.75,34.88372,701.0,1632.0,0.17627776855468752,False,REGULAR,USD,2.63,0.0076045627376425924,2.63,mid,0.18734588569700716,2026-09-30,put,0.0410958904109589,757.3900146484375,0.9664769614632126
SPY260930P00733000,2026-09-15 19:56:20+00:00,733.0,2.99,2.73,2.76,0.52,21.052631,491.0,1112.0,0.1746603530883789,False,REGULAR,USD,2.745,0.010928961748633809,2.745,mid,0.1856461442351341,2026-09-30,put,0.0410958904109589,757.3900146484375,0.9677972851810586
SPY260930P00734000,2026-09-15 19:59:14+00:00,734.0,3.06,2.85,2.87,0.73,31.330473,459.0,1761.0,0.1726767303466797,False,REGULAR,USD,2.8600000000000003,0.006993006993006998,2.8600000000000003,mid,0.18380789925009008,2026-09-30,put,0.0410958904109589,757.3900146484375,0.9691176088989045
SPY260930P00735000,2026-09-15 20:14:36+00:00,735.0,2.99,2.97,3.0,0.26,9.523809,4028.0,19573.0,0.1710287976074219,False,REGULAR,USD,2.9850000000000003,0.010050251256281341,2.9850000000000003,mid,0.182074183820188,2026-09-30,put,0.0410958904109589,757.3900146484375,0.9704379326167504
SPY260930P00736000,2026-09-15 19:57:04+00:00,736.0,3.4,3.1,3.13,0.5600002,19.718317,244.0,725.0,0.16919776123046876,False,REGULAR,USD,3.115,0.009630818619582602,3.115,mid,0.1803133488193154,2026-09-30,put,0.0410958904109589,757.3900146484375,0.9717582563345963
SPY260930P00737000,2026-09-15 20:04:16+00:00,737.0,3.31,3.24,3.27,0.3499999,11.824322,676.0,9663.0,0.16748879394531252,False,REGULAR,USD,3.255,0.009216589861751093,3.255,mid,0.17863413329645988,2026-09-30,put,0.0410958904109589,757.3900146484375,0.9730785800524423
SPY260930P00738000,2026-09-15 19:31:19+00:00,738.0,3.6,3.38,3.41,0.51,16.504854,91.0,1218.0,0.16559672302246098,False,REGULAR,USD,3.395,0.008836524300441899,3.395,mid,0.17680058208331462,2026-09-30,put,0.0410958904109589,757.3900146484375,0.9743989037702881
SPY260930P00739000,2026-09-15 20:00:00+00:00,739.0,3.73,3.53,3.56,0.48000002,14.769231,323.0,1777.0,0.16376568664550784,False,REGULAR,USD,3.545,0.00846262341325818,3.545,mid,0.17503322795480486,2026-09-30,put,0.0410958904109589,757.3900146484375,0.9757192274881341
SPY260930P00740000,2026-09-15 20:14:45+00:00,740.0,3.7,3.69,3.72,0.34000015,10.119053,2197.0,22912.0,0.16199568481445312,False,REGULAR,USD,3.705,0.008097165991902902,3.705,mid,0.17331970319449896,2026-09-30,put,0.0410958904109589,757.3900146484375,0.97703955120598
SPY260930P00741000,2026-09-15 19:59:14+00:00,741.0,4.12,3.83,3.91,0.6099999,17.378914,79.0,1204.0,0.1606224075317383,False,REGULAR,USD,3.87,0.020671834625323016,3.87,mid,0.17154448886066673,2026-09-30,put,0.0410958904109589,757.3900146484375,0.9783598749238259
SPY260930P00742000,2026-09-15 19:42:30+00:00,742.0,4.46,4.01,4.08,1.1800001,35.975613,62.0,906.0,0.15869981933593752,False,REGULAR,USD,4.045,0.017305315203955573,4.045,mid,0.16980496209412813,2026-09-30,put,0.0410958904109589,757.3900146484375,0.9796801986416719
SPY260930P00743000,2026-09-15 19:09:12+00:00,743.0,4.52,4.19,4.27,1.06,30.635836,12.0,1927.0,0.15699085205078128,False,REGULAR,USD,4.23,0.01891252955082723,4.23,mid,0.16809046877771616,2026-09-30,put,0.0410958904109589,757.3900146484375,0.9810005223595177
SPY260930P00744000,2026-09-15 19:38:56+00:00,744.0,4.87,4.39,4.47,1.26,34.90305,24.0,1103.0,0.15528188476562502,False,REGULAR,USD,4.43,0.01805869074492101,4.43,mid,0.16648817896097898,2026-09-30,put,0.0410958904109589,757.3900146484375,0.9823208460773637
SPY260930P00745000,2026-09-15 20:11:16+00:00,745.0,4.63,4.59,4.67,0.48000002,11.566265,866.0,17622.0,0.15338981384277345,False,REGULAR,USD,4.63,0.01727861771058317,4.63,mid,0.16469635016471149,2026-09-30,put,0.0410958904109589,757.3900146484375,0.9836411697952097
SPY260930P00746000,2026-09-15 19:28:33+00:00,746.0,5.24,4.8,4.9,1.2299995,30.673304,10.0,1741.0,0.1518334329223633,False,REGULAR,USD,4.85,0.02061855670103104,4.85,mid,0.16309152720123526,2026-09-30,put,0.0410958904109589,757.3900146484375,0.9849614935130555
SPY260930P00747000,2026-09-15 19:57:24+00:00,747.0,5.55,5.03,5.12,1.3600001,32.458237,321.0,2249.0,0.14991084472656252,False,REGULAR,USD,5.075,0.01773399014778322,5.075,mid,0.1613784494668245,2026-09-30,put,0.0410958904109589,757.3900146484375,0.9862818172309015
SPY260930P00748000,2026-09-15 20:00:00+00:00,748.0,5.6,5.27,5.36,1.0699997,23.6203,59.0,1469.0,0.14814084289550783,False,REGULAR,USD,5.3149999999999995,0.01693320790216383,5.3149999999999995,mid,0.15973436272889377,2026-09-30,put,0.0410958904109589,757.3900146484375,0.9876021409487473
SPY260930P00749000,2026-09-15 19:50:12+00:00,749.0,6.07,5.52,5.61,1.6700001,37.954544,237.0,725.0,0.14630980651855469,False,REGULAR,USD,5.5649999999999995,0.01617250673854461,5.5649999999999995,mid,0.15805753134414552,2026-09-30,put,0.0410958904109589,757.3900146484375,0.9889224646665933
SPY260930P00750000,2026-09-15 20:13:28+00:00,750.0,5.82,5.79,5.88,0.6500001,12.5725355,6907.0,18277.0,0.14460083923339845,False,REGULAR,USD,5.835,0.01542416452442157,5.835,mid,0.15651525475382805,2026-09-30,put,0.0410958904109589,757.3900146484375,0.9902427883844392
SPY260930P00751000,2026-09-15 20:13:32+00:00,751.0,6.14,6.07,6.16,1.0299997,20.15655,157.0,1209.0,0.14283083740234376,False,REGULAR,USD,6.115,0.014717906786590329,6.115,mid,0.15491940956041217,2026-09-30,put,0.0410958904109589,757.3900146484375,0.9915631121022851
SPY260930P00752000,2026-09-15 19:47:33+00:00,752.0,6.95,6.36,6.46,1.6699996,31.628778,67.0,4991.0,0.14115238739013675,False,REGULAR,USD,6.41,0.015600624024960943,6.41,mid,0.15334803903475402,2026-09-30,put,0.0410958904109589,757.3900146484375,0.992883435820131
SPY260930P00753000,2026-09-15 19:39:09+00:00,753.0,7.4,6.67,6.77,1.3899999,23.128117,127.0,993.0,0.13938238555908206,False,REGULAR,USD,6.72,0.014880952380952328,6.72,mid,0.1517907125726342,2026-09-30,put,0.0410958904109589,757.3900146484375,0.9942037595379769
SPY260930P00754000,2026-09-15 20:10:55+00:00,754.0,7.06,7.0,7.09,0.7999997,12.779548,206.0,6409.0,0.1375513491821289,False,REGULAR,USD,7.045,0.012775017743080179,7.045,mid,0.15023748384788638,2026-09-30,put,0.0410958904109589,757.3900146484375,0.9955240832558229
SPY260930P00755000,2026-09-15 20:14:58+00:00,755.0,7.4,7.35,7.44,0.8699999,13.323121,1373.0,15858.0,0.13590341644287113,False,REGULAR,USD,7.395,0.012170385395537628,7.395,mid,0.14884447665438055,2026-09-30,put,0.0410958904109589,757.3900146484375,0.9968444069736688
SPY260930P00756000,2026-09-15 20:12:41+00:00,756.0,7.76,7.7,7.81,0.89000034,12.954881,101.0,2028.0,0.13431651824951174,False,REGULAR,USD,7.755,0.014184397163120494,7.755,mid,0.14735208070352673,2026-09-30,put,0.0410958904109589,757.3900146484375,0.9981647306915147
SPY260930P00757000,2026-09-15 20:12:41+00:00,757.0,8.13,8.08,8.2,1.0999999,15.647224,481.0,7540.0,0.13272962005615235,False,REGULAR,USD,8.14,0.014742014742014645,8.14,mid,0.14599897057116035,2026-09-30,put,0.0410958904109589,757.3900146484375,0.9994850544093606
SPY260930P00758000,2026-09-15 20:14:15+00:00,758.0,8.53,8.49,8.6,0.97999954,12.980126,667.0,1384.0,0.1310511700439453,True,REGULAR,USD,8.545,0.012873025160912748,8.545,mid,0.1446931706793606,2026-09-30,put,0.0410958904109589,757.3900146484375,1.0008053781272066
SPY260930P00759000,2026-09-15 19:58:50+00:00,759.0,9.48,8.91,9.03,1.5799994,19.999992,283.0,1253.0,0.12952530639648438,True,REGULAR,USD,8.969999999999999,0.013377926421404597,8.969999999999999,mid,0.1434265600576997,2026-09-30,put,0.0410958904109589,757.3900146484375,1.0021257018450525
SPY260930P00760000,2026-09-15 20:14:30+00:00,760.0,9.41,9.36,9.46,1.1300001,13.647346,3304.0,12098.0,0.12766375274658204,True,REGULAR,USD,9.41,0.010626992561105358,9.41,mid,0.14211010604873303,2026-09-30,put,0.0410958904109589,757.3900146484375,1.0034460255628983
SPY260930P00761000,2026-09-15 20:01:31+00:00,761.0,10.22,9.8,9.98,1.4700003,16.800003,882.0,27513.0,0.12693133819580077,True,REGULAR,USD,9.89,0.01820020222446913,9.89,mid,0.14114635547101495,2026-09-30,put,0.0410958904109589,757.3900146484375,1.0047663492807444
SPY260930P00762000,2026-09-15 19:56:38+00:00,762.0,11.1,10.19,10.45,2.0100002,22.112215,43.0,1583.0,0.12503926727294923,True,REGULAR,USD,10.32,0.025193798449612382,10.32,mid,0.13905021379664545,2026-09-30,put,0.0410958904109589,757.3900146484375,1.0060866729985902
SPY260930P00763000,2026-09-15 20:10:50+00:00,763.0,10.9,10.7,11.02,1.75,19.125685,14.0,1569.0,0.12445943908691406,True,REGULAR,USD,10.86,0.029465930018416235,10.86,mid,0.13845043542794888,2026-09-30,put,0.0410958904109589,757.3900146484375,1.007406996716436
SPY260930P00764000,2026-09-15 20:01:07+00:00,764.0,11.66,11.23,11.52,1.6499996,16.483513,55.0,1191.0,0.122353747253418,True,REGULAR,USD,11.375,0.02549450549450542,11.375,mid,0.13711481518372892,2026-09-30,put,0.0410958904109589,757.3900146484375,1.0087273204342821
SPY260930P00765000,2026-09-15 20:14:50+00:00,765.0,12.0,11.8,12.14,1.4700003,13.960117,316.0,2221.0,0.1218959881591797,True,REGULAR,USD,11.97,0.028404344193817866,11.97,mid,0.13680145003125072,2026-09-30,put,0.0410958904109589,757.3900146484375,1.010047644152128
SPY260930P00766000,2026-09-15 19:43:17+00:00,766.0,13.78,12.4,12.72,3.58,35.09804,36.0,2213.0,0.12040064178466797,True,REGULAR,USD,12.56,0.02547770700636945,12.56,mid,0.13608456950411196,2026-09-30,put,0.0410958904109589,757.3900146484375,1.0113679678699738
SPY260930P00767000,2026-09-15 19:33:23+00:00,767.0,14.09,13.01,13.38,3.12,28.441202,48.0,1749.0,0.11991236541748046,True,REGULAR,USD,13.195,0.028040924592648807,13.195,mid,0.1358250709719956,2026-09-30,put,0.0410958904109589,757.3900146484375,1.01268829158782
SPY260930P00768000,2026-09-15 20:01:16+00:00,768.0,14.16,13.62,14.02,2.62,22.70364,65.0,630.0,0.11872219177246093,True,REGULAR,USD,13.82,0.028943560057887147,13.82,mid,0.13506587199345232,2026-09-30,put,0.0410958904109589,757.3900146484375,1.0140086153056658
SPY260930P00769000,2026-09-15 18:42:18+00:00,769.0,15.2,14.29,14.83,2.9700003,24.28455,55.0,1565.0,0.1203090899658203,True,REGULAR,USD,14.559999999999999,0.03708791208791216,14.559999999999999,mid,0.13606989215388893,2026-09-30,put,0.0410958904109589,757.3900146484375,1.0153289390235116
SPY260930P00770000,2026-09-15 19:58:34+00:00,770.0,16.0,15.02,15.41,2.63,19.670906,34.0,6003.0,0.117196328125,True,REGULAR,USD,15.215,0.025632599408478514,15.215,mid,0.13521610994637012,2026-09-30,put,0.0410958904109589,757.3900146484375,1.0166492627413575
SPY260930P00771000,2026-09-14 18:37:40+00:00,771.0,12.94,15.71,16.3,0.0,0.0,8.0,1084.0,0.1198208135986328,True,REGULAR,USD,16.005000000000003,0.03686348016244922,16.005000000000003,mid,0.13660554093271496,2026-09-30,put,0.0410958904109589,757.3900146484375,1.0179695864592035
SPY260930P00772000,2026-09-14 18:18:05+00:00,772.0,13.5,16.46,17.07,0.0,0.0,20.0,1294.0,0.11975977905273436,True,REGULAR,USD,16.765,0.036385326573217976,16.765,mid,0.13716808576956396,2026-09-30,put,0.0410958904109589,757.3900146484375,1.0192899101770494
SPY260930P00773000,2026-09-14 15:42:03+00:00,773.0,15.21,17.24,19.4,0.0,0.0,5.0,801.0,0.15110101837158207,True,REGULAR,USD,18.32,0.11790393013100438,18.32,mid,0.15321270194500683,2026-09-30,put,0.0410958904109589,757.3900146484375,1.0206102338948952
SPY260930P00774000,2026-09-15 14:39:03+00:00,774.0,19.39,18.04,20.2,6.329999,48.468597,2.0,445.0,0.15204705383300782,True,REGULAR,USD,19.119999999999997,0.11297071129707115,19.119999999999997,mid,0.15444969710111614,2026-09-30,put,0.0410958904109589,757.3900146484375,1.0219305576127413
SPY260930P00775000,2026-09-15 19:56:33+00:00,775.0,19.86,17.8,21.06,3.6100006,22.21539,22.0,11798.0,0.1540001593017578,True,REGULAR,USD,19.43,0.16778178075141523,19.43,mid,0.14536419380009175,2026-09-30,put,0.0410958904109589,757.3900146484375,1.0232508813305872
SPY260930P00776000,2026-09-15 14:34:18+00:00,776.0,21.0,18.65,21.91,4.75,29.23077,1.0,364.0,0.1555870574951172,True,REGULAR,USD,20.28,0.16074950690335313,20.28,mid,0.1469779945336282,2026-09-30,put,0.0410958904109589,757.3900146484375,1.024571205048433
SPY260930P00777000,2026-09-15 14:24:03+00:00,777.0,21.84,19.53,22.79,1.5400009,7.5862117,4.0,321.0,0.15766223205566404,True,REGULAR,USD,21.16,0.15406427221172014,21.16,mid,0.14906866014078263,2026-09-30,put,0.0410958904109589,757.3900146484375,1.025891528766279
SPY260930P00778000,2026-09-15 16:03:01+00:00,778.0,22.78,20.42,23.68,2.1800003,10.582525,6.0,289.0,0.15979844116210937,True,REGULAR,USD,22.05,0.14784580498866204,22.05,mid,0.15123114790841935,2026-09-30,put,0.0410958904109589,757.3900146484375,1.027211852484125
SPY260930P00779000,2026-09-10 15:32:16+00:00,779.0,22.88,21.34,24.59,0.0,0.0,4.0,128.0,0.16223982299804687,True,REGULAR,USD,22.965,0.14151970389723492,22.965,mid,0.15382825660258534,2026-09-30,put,0.0410958904109589,757.3900146484375,1.0285321762019708
SPY260930P00780000,2026-09-15 19:47:25+00:00,780.0,24.74,22.27,25.51,4.99,25.265821,241.0,368.0,0.16480327392578126,True,REGULAR,USD,23.89,0.13562159899539564,23.89,mid,0.1565449819758534,2026-09-30,put,0.0410958904109589,757.3900146484375,1.0298524999198169
SPY260930P00781000,2026-09-15 15:40:27+00:00,781.0,25.27,22.83,26.44,1.2700005,5.2916684,1.0,26.0,0.16748879394531252,True,REGULAR,USD,24.634999999999998,0.14653947635477993,24.634999999999998,mid,0.1547615349151194,2026-09-30,put,0.0410958904109589,757.3900146484375,1.0311728236376627
SPY260930P00782000,2026-09-15 18:58:02+00:00,782.0,26.43,23.78,27.39,2.83,11.991526,1.0,83.0,0.17054052124023442,True,REGULAR,USD,25.585,0.14109829978503027,25.585,mid,0.15779769754260778,2026-09-30,put,0.0410958904109589,757.3900146484375,1.0324931473555086
SPY260930P00783000,2026-09-15 18:58:02+00:00,783.0,27.38,24.71,28.35,5.129999,23.056177,1.0,14.0,0.17377535217285156,True,REGULAR,USD,26.53,0.13720316622691295,26.53,mid,0.16062521083354947,2026-09-30,put,0.0410958904109589,757.3900146484375,1.0338134710733544
SPY260930P00784000,2026-09-04 17:20:20+00:00,784.0,16.74,25.75,29.32,0.0,0.0,8.0,40.0,0.17719328674316404,True,REGULAR,USD,27.535,0.12965316869438898,27.535,mid,0.16493908522576092,2026-09-30,put,0.0410958904109589,757.3900146484375,1.0351337947912005
SPY260930P00785000,2026-09-15 14:16:17+00:00,785.0,28.5,26.66,30.29,3.0900002,12.160566,6.0,105.0,0.1805501867675781,True,REGULAR,USD,28.475,0.12748024582967513,28.475,mid,0.16749983581379058,2026-09-30,put,0.0410958904109589,757.3900146484375,1.0364541185090463
SPY260930P00786000,2026-09-11 16:37:49+00:00,786.0,22.65,27.78,31.27,0.0,0.0,16.0,21.0,0.18412070770263672,True,REGULAR,USD,29.525,0.11820491109229461,29.525,mid,0.1729404762268066,2026-09-30,put,0.0410958904109589,757.3900146484375,1.0377744422268922
SPY260930P00787000,2026-09-14 13:33:58+00:00,787.0,29.71,28.61,32.25,0.0,0.0,1.0,6.0,0.18763019409179688,True,REGULAR,USD,30.43,0.11961879723956624,30.43,mid,0.17443391523808235,2026-09-30,put,0.0410958904109589,757.3900146484375,1.0390947659447383
SPY260930P00788000,2026-09-08 15:30:09+00:00,788.0,22.2,29.54,33.24,0.0,0.0,1.0,10.0,0.19135330139160156,True,REGULAR,USD,31.39,0.11787193373685896,31.39,mid,0.17734114814698693,2026-09-30,put,0.0410958904109589,757.3900146484375,1.0404150896625841
SPY260930P00789000,2026-09-09 13:30:11+00:00,789.0,26.5,30.5,34.23,0.0,0.0,3.0,29.0,0.1950153741455078,True,REGULAR,USD,32.364999999999995,0.11524795303568662,32.364999999999995,mid,0.18061334044709798,2026-09-30,put,0.0410958904109589,757.3900146484375,1.04173541338043
SPY260930P00790000,2026-09-15 19:04:53+00:00,790.0,34.02,31.6,35.22,3.3900013,11.067585,1.0,37.0,0.19867744689941402,True,REGULAR,USD,33.41,0.10835079317569583,33.41,mid,0.1858482744440436,2026-09-30,put,0.0410958904109589,757.3900146484375,1.043055737098276
SPY260930P00791000,2026-08-14 15:00:12+00:00,791.0,20.8,32.59,36.21,0.0,0.0,1.0,2.0,0.20227848510742186,True,REGULAR,USD,34.400000000000006,0.10523255813953479,34.400000000000006,mid,0.1894935843579471,2026-09-30,put,0.0410958904109589,757.3900146484375,1.0443760608161219
SPY260930P00792000,2026-08-27 19:57:59+00:00,792.0,23.5,33.58,37.21,0.0,0.0,6.0,3.0,0.20615417877197262,True,REGULAR,USD,35.394999999999996,0.10255685831332118,35.394999999999996,mid,0.19325281137079003,2026-09-30,put,0.0410958904109589,757.3900146484375,1.0456963845339677
SPY260930P00793000,2026-09-03 13:41:21+00:00,793.0,24.5,34.51,38.21,0.0,0.0,1.0,4.0,0.20996883789062498,True,REGULAR,USD,36.36,0.10176017601760184,36.36,mid,0.19609522552490233,2026-09-30,put,0.0410958904109589,757.3900146484375,1.0470167082518138
SPY260930P00794000,2026-09-10 13:30:57+00:00,794.0,37.3,35.56,39.2,0.0,0.0,6.0,13.0,0.2135088415527344,True,REGULAR,USD,37.38,0.09737827715355805,37.38,mid,0.2005391844525933,2026-09-30,put,0.0410958904109589,757.3900146484375,1.0483370319696597
SPY260930P00795000,2026-09-03 13:43:57+00:00,795.0,26.85,36.51,40.2,0.0,0.0,2.0,20.0,0.2172929833984375,True,REGULAR,USD,38.355000000000004,0.09620649198279245,38.355000000000004,mid,0.20360995433479548,2026-09-30,put,0.0410958904109589,757.3900146484375,1.0496573556875055
SPY260930P00797000,2026-09-01 13:33:03+00:00,797.0,36.0,38.5,42.19,0.0,0.0,,0.0,0.22449505981445309,True,REGULAR,USD,40.345,0.09146114760193327,40.345,mid,0.21087479566931727,2026-09-30,put,0.0410958904109589,757.3900146484375,1.0522980031231974
SPY260930P00798000,2026-09-03 16:29:57+00:00,798.0,26.99,39.54,43.19,0.0,0.0,2.0,3.0,0.2282181671142578,True,REGULAR,USD,41.364999999999995,0.0882388492687054,41.364999999999995,mid,0.21525222224295137,2026-09-30,put,0.0410958904109589,757.3900146484375,1.0536183268410433
SPY260930P00799000,2026-09-10 15:31:10+00:00,799.0,41.07,40.55,44.19,0.0,0.0,,2.0,0.23188023986816403,True,REGULAR,USD,42.37,0.08590984186924713,42.37,mid,0.2191476803973317,2026-09-30,put,0.0410958904109589,757.3900146484375,1.0549386505588891
SPY260930P00800000,2026-09-15 19:58:49+00:00,800.0,44.2,41.5,45.19,5.200001,13.333335,2.0,281.0,0.2355423126220703,True,REGULAR,USD,43.345,0.08513092628907597,43.345,mid,0.2220726453334093,2026-09-30,put,0.0410958904109589,757.3900146484375,1.0562589742767352
SPY260930P00802000,2026-09-01 13:30:10+00:00,802.0,40.65,43.47,47.19,0.0,0.0,1.0,3.0,0.24280542358398435,True,REGULAR,USD,45.33,0.08206485771012573,45.33,mid,0.22895378944128755,2026-09-30,put,0.0410958904109589,757.3900146484375,1.058899621712427
SPY260930P00805000,2026-09-10 13:42:12+00:00,805.0,47.52,46.49,50.18,0.0,0.0,1.0,2.0,0.2533033654785156,True,REGULAR,USD,48.335,0.07634219509672076,48.335,mid,0.2400253915421665,2026-09-30,put,0.0410958904109589,757.3900146484375,1.0628605928659647
SPY260930P00806000,2026-09-10 13:55:37+00:00,806.0,50.11,47.58,51.18,0.0,0.0,1.0,3.0,0.256843369140625,True,REGULAR,USD,49.379999999999995,0.07290400972053467,49.379999999999995,mid,0.24513255063742403,2026-09-30,put,0.0410958904109589,757.3900146484375,1.0641809165838108
SPY260930P00808000,2026-08-19 17:19:22+00:00,808.0,38.01,49.6,53.18,0.0,0.0,2.0,0.0,0.2638623419189453,True,REGULAR,USD,51.39,0.06966335863008365,51.39,mid,0.25264921655952927,2026-09-30,put,0.0410958904109589,757.3900146484375,1.0668215640195025
SPY260930P00810000,2026-09-15 14:08:34+00:00,810.0,53.0,51.54,55.18,10.59,24.970526,1.0,13.0,0.2708813146972656,True,REGULAR,USD,53.36,0.06821589205397302,53.36,mid,0.25873867780715243,2026-09-30,put,0.0410958904109589,757.3900146484375,1.0694622114551944
SPY260930P00812000,2026-08-25 14:16:42+00:00,812.0,46.78,53.57,57.18,0.0,0.0,,1.0,0.277778218383789,True,REGULAR,USD,55.375,0.06519187358916477,55.375,mid,0.26630712422877556,2026-09-30,put,0.0410958904109589,757.3900146484375,1.072102858890886
SPY260930P00815000,2026-09-11 15:17:27+00:00,815.0,51.5,56.54,60.17,0.0,0.0,1.0,2.0,0.2877268493652343,True,REGULAR,USD,58.355000000000004,0.062205466540999094,58.355000000000004,mid,0.2760627938508988,2026-09-30,put,0.0410958904109589,757.3900146484375,1.0760638300444239
SPY260930P00820000,2026-09-11 14:45:07+00:00,820.0,57.23,61.53,65.17,0.0,0.0,1.0,0.0,0.30451134948730463,True,REGULAR,USD,63.35,0.05745856353591161,63.35,mid,0.29303174782097346,2026-09-30,put,0.0410958904109589,757.3900146484375,1.0826654486336535
SPY260930P00823000,2026-08-11 13:36:49+00:00,823.0,49.71,64.53,68.16,0.0,0.0,,0.0,0.31409377319335935,True,REGULAR,USD,66.345,0.054713995026000384,66.345,mid,0.30298001109957695,2026-09-30,put,0.0410958904109589,757.3900146484375,1.0866264197871913
SPY260930P00825000,2026-09-15 17:40:07+00:00,825.0,69.33,66.57,70.16,22.120003,46.854485,1.0,4.0,0.3206244696044921,True,REGULAR,USD,68.365,0.05251225042053688,68.365,mid,0.31043878716826434,2026-09-30,put,0.0410958904109589,757.3900146484375,1.089267067222883
SPY260930P00828000,2026-09-10 19:29:50+00:00,828.0,71.4,69.53,73.16,0.0,0.0,,4.0,0.3303289624023437,True,REGULAR,USD,71.345,0.05087952904898725,71.345,mid,0.3196341098308564,2026-09-30,put,0.0410958904109589,757.3900146484375,1.0932280383764208
SPY260930P00845000,2026-04-20 19:49:11+00:00,845.0,137.07,104.72,108.09,0.0,0.0,1.0,0.0,0.7650780328369142,True,REGULAR,USD,106.405,0.03167144401108975,106.405,mid,0.8109466741181909,2026-09-30,put,0.0410958904109589,757.3900146484375,1.1156735415798016
SPY260930P00850000,2026-09-04 15:53:33+00:00,850.0,81.0,91.53,95.15,0.0,0.0,1.0,1.0,0.3983214465332031,True,REGULAR,USD,93.34,0.03878294407542323,93.34,mid,0.3896692842975258,2026-09-30,put,0.0410958904109589,757.3900146484375,1.122275160169031
SPY260930P00855000,2026-04-08 19:59:48+00:00,855.0,181.01,115.66,118.93,0.0,0.0,1.0,0.0,0.8236711968994139,True,REGULAR,USD,117.295,0.027878426190374783,117.295,mid,0.872100822378695,2026-09-30,put,0.0410958904109589,757.3900146484375,1.1288767787582608
SPY260930P00870000,2026-08-18 17:04:02+00:00,870.0,101.19,111.48,115.14,0.0,0.0,,0.0,0.45618219604492194,True,REGULAR,USD,113.31,0.03230076780513632,113.31,mid,0.44855548393130307,2026-09-30,put,0.0410958904109589,757.3900146484375,1.1486816345259494
SPY260930P00885000,2025-11-04 17:07:45+00:00,885.0,207.9,191.05,194.7,0.0,0.0,,0.0,1.737489105529785,True,REGULAR,USD,192.875,0.0189241736876214,192.875,mid,1.8121912135198717,2026-09-30,put,0.0410958904109589,757.3900146484375,1.1684864902936383
SPY260930P00895000,2026-09-10 19:20:34+00:00,895.0,138.32,136.54,140.12,0.0,0.0,4.0,4.0,0.5238695074462891,True,REGULAR,USD,138.32999999999998,0.025880141690161302,138.32999999999998,mid,0.5210348469838502,2026-09-30,put,0.0410958904109589,757.3900146484375,1.1816897274720974
SPY260930P00900000,2026-05-15 15:56:32+00:00,900.0,160.4,146.5,149.69,0.0,0.0,1.0,0.0,0.6506382592773439,True,REGULAR,USD,148.095,0.021540227556635927,148.095,mid,0.7141373679414391,2026-09-30,put,0.0410958904109589,757.3900146484375,1.1882913460613271
SPY261016C00365000,2026-07-13 14:16:50+00:00,365.0,388.48,398.31,400.99,0.0,0.0,,1.0,1.639284030151367,True,REGULAR,USD,399.65,0.006705867634179925,399.65,mid,1.6045234566926956,2026-10-16,call,0.08493150684931507,757.3900146484375,0.4819181570137604
SPY261016C00440000,2026-06-24 18:48:49+00:00,440.0,298.33,323.5,326.28,0.0,0.0,,1.0,1.2855870681762696,True,REGULAR,USD,324.89,0.008556742282003055,324.89,mid,1.2467678608000279,2026-10-16,call,0.08493150684931507,757.3900146484375,0.5809424358522043
SPY261016C00540000,2026-06-30 17:51:41+00:00,540.0,213.41,224.3,227.04,0.0,0.0,1.0,2.0,0.9014902429199219,True,REGULAR,USD,225.67000000000002,0.012141622723445654,225.67000000000002,mid,0.8643402343988419,2026-10-16,call,0.08493150684931507,757.3900146484375,0.7129748076367962
SPY261016C00650000,2026-09-15 20:12:14+00:00,650.0,109.68,109.45,111.51,-2.2200012,-1.9839153,6.0,326.0,0.407232490234375,True,REGULAR,USD,110.48,0.018645908761766857,110.48,mid,0.2990635251998901,2026-10-16,call,0.08493150684931507,757.3900146484375,0.8582104165998473
SPY261016C00655000,2026-09-14 17:55:14+00:00,655.0,109.19,102.86,106.59,0.0,0.0,2.0,35.0,0.39398799377441407,True,REGULAR,USD,104.725,0.03561709238481742,104.725,mid,0.21143880188465114,2026-10-16,call,0.08493150684931507,757.3900146484375,0.8648120351890769
SPY261016C00660000,2026-09-15 19:03:04+00:00,660.0,99.07,97.96,101.67,-4.720001,-4.5476456,2.0,285.0,0.3806214282226562,True,REGULAR,USD,99.815,0.037168762210088746,99.815,mid,0.21498234927654264,2026-10-16,call,0.08493150684931507,757.3900146484375,0.8714136537783065
SPY261016C00665000,2026-09-14 19:38:47+00:00,665.0,98.86,93.07,96.77,0.0,0.0,4.0,475.0,0.3676821044921875,True,REGULAR,USD,94.91999999999999,0.03898019384745052,94.91999999999999,mid,0.2162595015764236,2026-10-16,call,0.08493150684931507,757.3900146484375,0.8780152723675361
SPY261016C00670000,2026-09-14 19:43:16+00:00,670.0,93.59,88.19,91.89,0.0,0.0,10.0,501.0,0.3549869189453124,True,REGULAR,USD,90.03999999999999,0.041092847623278576,90.03999999999999,mid,0.21594184935092925,2026-10-16,call,0.08493150684931507,757.3900146484375,0.8846168909567657
SPY261016C00675000,2026-09-15 18:27:34+00:00,675.0,84.68,83.33,87.01,-4.449997,-4.992704,2.0,124.0,0.3421391470336914,True,REGULAR,USD,85.17,0.04320770224257375,85.17,mid,0.21401377767324448,2026-10-16,call,0.08493150684931507,757.3900146484375,0.8912185095459952
SPY261016C00680000,2026-09-15 18:45:19+00:00,680.0,79.64,78.48,82.16,-4.6800003,-5.550285,8.0,2430.0,0.32971861694335935,True,REGULAR,USD,80.32,0.045816733067728994,80.32,mid,0.21147731870412823,2026-10-16,call,0.08493150684931507,757.3900146484375,0.8978201281352248
SPY261016C00685000,2026-09-15 18:46:10+00:00,685.0,74.5,73.65,77.33,-4.9000015,-6.1712866,2.0,1698.0,0.3174201559448242,True,REGULAR,USD,75.49000000000001,0.04874817856669747,75.49000000000001,mid,0.2082826533913612,2026-10-16,call,0.08493150684931507,757.3900146484375,0.9044217467244545
SPY261016C00690000,2026-09-15 18:01:36+00:00,690.0,69.94,68.85,72.5,-3.619995,-4.9211464,3.0,1197.0,0.3048165222167969,True,REGULAR,USD,70.675,0.051644853201273516,70.675,mid,0.20419273227453227,2026-10-16,call,0.08493150684931507,757.3900146484375,0.9110233653136841
SPY261016C00695000,2026-09-15 17:12:13+00:00,695.0,65.29,64.07,67.71,-3.8600006,-5.582069,62.0,1071.0,0.29267064758300776,True,REGULAR,USD,65.88999999999999,0.05524358779784491,65.88999999999999,mid,0.1998723050951957,2026-10-16,call,0.08493150684931507,757.3900146484375,0.9176249839029137
SPY261016C00700000,2026-09-15 19:55:09+00:00,700.0,60.1,59.33,62.96,-3.7600021,-5.887883,31.0,888.0,0.2808299456787109,True,REGULAR,USD,61.144999999999996,0.0593670782566032,61.144999999999996,mid,0.19549692824482914,2026-10-16,call,0.08493150684931507,757.3900146484375,0.9242266024921433
SPY261016C00701000,2026-09-15 16:55:19+00:00,701.0,59.39,58.39,62.01,-5.209999,-8.065014,1.0,35.0,0.27841908111572267,True,REGULAR,USD,60.2,0.06013289036544846,60.2,mid,0.19456739395856854,2026-10-16,call,0.08493150684931507,757.3900146484375,0.9255469262099891
SPY261016C00702000,2026-08-31 19:16:23+00:00,702.0,68.45,57.44,61.06,0.0,0.0,2.0,75.0,0.2759776992797851,True,REGULAR,USD,59.25,0.061097046413502186,59.25,mid,0.19341627642512324,2026-10-16,call,0.08493150684931507,757.3900146484375,0.9268672499278351
SPY261016C00703000,2026-08-31 15:26:40+00:00,703.0,67.66,56.5,60.12,0.0,0.0,1.0,4.0,0.27368890380859373,True,REGULAR,USD,58.31,0.06208197564740177,58.31,mid,0.19252317696809773,2026-10-16,call,0.08493150684931507,757.3900146484375,0.928187573645681
SPY261016C00704000,2026-09-14 20:01:47+00:00,704.0,61.02,55.56,59.18,0.0,0.0,1.0,73.0,0.27136959106445313,True,REGULAR,USD,57.370000000000005,0.06309918075649289,57.370000000000005,mid,0.19156430892646312,2026-10-16,call,0.08493150684931507,757.3900146484375,0.9295078973635269
SPY261016C00705000,2026-09-15 15:03:25+00:00,705.0,55.37,54.63,58.23,-8.530003,-13.348987,13.0,281.0,0.2688671746826171,True,REGULAR,USD,56.43,0.06379585326953738,56.43,mid,0.19054227478802205,2026-10-16,call,0.08493150684931507,757.3900146484375,0.9308282210813729
SPY261016C00706000,2026-09-15 19:24:22+00:00,706.0,55.56,53.69,57.3,-6.739998,-10.818616,6.0,24.0,0.2666699310302735,True,REGULAR,USD,55.495,0.0650509054869808,55.495,mid,0.18960288822650906,2026-10-16,call,0.08493150684931507,757.3900146484375,0.9321485447992187
SPY261016C00707000,2026-09-14 13:48:46+00:00,707.0,55.97,52.76,56.36,0.0,0.0,1.0,42.0,0.26428958374023437,True,REGULAR,USD,54.56,0.06598240469208214,54.56,mid,0.18859784461557866,2026-10-16,call,0.08493150684931507,757.3900146484375,0.9334688685170647
SPY261016C00708000,2026-09-10 14:24:37+00:00,708.0,55.2,51.83,55.43,0.0,0.0,4.0,16.0,0.2620618228149414,True,REGULAR,USD,53.629999999999995,0.06712660824165582,53.629999999999995,mid,0.18766589373350145,2026-10-16,call,0.08493150684931507,757.3900146484375,0.9347891922349106
SPY261016C00709000,2026-08-27 16:27:11+00:00,709.0,66.69,50.9,54.49,0.0,0.0,4.0,6.0,0.25965095825195317,True,REGULAR,USD,52.695,0.06812790587342259,52.695,mid,0.18653358846902846,2026-10-16,call,0.08493150684931507,757.3900146484375,0.9361095159527565
SPY261016C00710000,2026-09-15 19:30:17+00:00,710.0,50.92,49.97,53.56,-5.080002,-9.071432,27.0,1111.0,0.25736216278076174,True,REGULAR,USD,51.765,0.06935187868250756,51.765,mid,0.1854722939431667,2026-10-16,call,0.08493150684931507,757.3900146484375,0.9374298396706024
SPY261016C00711000,2026-09-15 19:26:13+00:00,711.0,49.87,49.05,52.63,-7.960003,-13.764487,2.0,6.0,0.2550428500366212,True,REGULAR,USD,50.84,0.07041699449252567,50.84,mid,0.18447461165487766,2026-10-16,call,0.08493150684931507,757.3900146484375,0.9387501633884484
SPY261016C00712000,2026-09-15 19:30:39+00:00,712.0,49.01,48.13,51.72,-5.510002,-10.106387,3.0,327.0,0.2530287100219727,True,REGULAR,USD,49.925,0.07190786179268896,49.925,mid,0.18365687280893322,2026-10-16,call,0.08493150684931507,757.3900146484375,0.9400704871062943
SPY261016C00713000,2026-09-10 18:05:12+00:00,713.0,50.69,47.21,50.78,0.0,0.0,1.0,9.0,0.25049577636718745,True,REGULAR,USD,48.995000000000005,0.07286457801816512,48.995000000000005,mid,0.18240169294178482,2026-10-16,call,0.08493150684931507,757.3900146484375,0.9413908108241402
SPY261016C00714000,2026-09-10 16:34:13+00:00,714.0,49.17,46.29,49.87,0.0,0.0,51.0,105.0,0.24842060180664063,True,REGULAR,USD,48.08,0.07445923460898499,48.08,mid,0.18144275054335593,2026-10-16,call,0.08493150684931507,757.3900146484375,0.9427111345419861
SPY261016C00715000,2026-09-15 15:14:37+00:00,715.0,46.36,47.02,48.93,-3.7599983,-7.5019917,19.0,358.0,0.24582663360595702,True,REGULAR,USD,47.975,0.039812402292860795,47.975,mid,0.19792174048721783,2026-10-16,call,0.08493150684931507,757.3900146484375,0.944031458259832
SPY261016C00716000,2026-09-11 18:41:07+00:00,716.0,53.15,44.47,48.02,0.0,0.0,1.0,19.0,0.2436599072265625,True,REGULAR,USD,46.245000000000005,0.07676505568169541,46.245000000000005,mid,0.17920115344226356,2026-10-16,call,0.08493150684931507,757.3900146484375,0.945351781977678
SPY261016C00717000,2026-09-10 15:34:36+00:00,717.0,47.65,43.56,47.11,0.0,0.0,4.0,6.0,0.24149318084716798,True,REGULAR,USD,45.335,0.07830594463438838,45.335,mid,0.17814736895263195,2026-10-16,call,0.08493150684931507,757.3900146484375,0.9466721056955238
SPY261016C00718000,2026-09-14 14:47:59+00:00,718.0,46.01,42.65,46.2,0.0,0.0,1.0,31.0,0.23926541992187497,True,REGULAR,USD,44.425,0.07990996060776599,44.425,mid,0.17702380061149595,2026-10-16,call,0.08493150684931507,757.3900146484375,0.9479924294133698
SPY261016C00719000,2026-09-01 14:49:08+00:00,719.0,50.85,41.75,45.29,0.0,0.0,1.0,12.0,0.23703765899658202,True,REGULAR,USD,43.519999999999996,0.08134191176470587,43.519999999999996,mid,0.17593718759715554,2026-10-16,call,0.08493150684931507,757.3900146484375,0.9493127531312157
SPY261016C00720000,2026-09-15 16:42:07+00:00,720.0,42.31,40.85,44.39,-4.289997,-9.206002,6.0,498.0,0.23490144989013673,True,REGULAR,USD,42.620000000000005,0.08305959643359923,42.620000000000005,mid,0.1748824736475944,2026-10-16,call,0.08493150684931507,757.3900146484375,0.9506330768490616
SPY261016C00721000,2026-09-10 13:34:35+00:00,721.0,42.89,39.96,43.48,0.0,0.0,2.0,54.0,0.23258213714599607,True,REGULAR,USD,41.72,0.08437200383509098,41.72,mid,0.1737548156827688,2026-10-16,call,0.08493150684931507,757.3900146484375,0.9519534005669076
SPY261016C00722000,2026-09-15 15:03:24+00:00,722.0,39.89,39.06,42.57,-2.3100014,-5.473937,1.0,77.0,0.23020178985595702,True,REGULAR,USD,40.815,0.08599779492833513,40.815,mid,0.17245821908116335,2026-10-16,call,0.08493150684931507,757.3900146484375,0.9532737242847534
SPY261016C00723000,2026-09-10 13:38:51+00:00,723.0,40.57,38.17,41.68,0.0,0.0,3.0,19.0,0.22812661529541017,True,REGULAR,USD,39.925,0.08791484032561048,39.925,mid,0.17138439543545242,2026-10-16,call,0.08493150684931507,757.3900146484375,0.9545940480025994
SPY261016C00724000,2026-09-15 16:03:44+00:00,724.0,38.48,37.29,40.79,-4.16,-9.756098,1.0,12.0,0.22595988891601562,True,REGULAR,USD,39.04,0.08965163934426229,39.04,mid,0.17032871484756468,2026-10-16,call,0.08493150684931507,757.3900146484375,0.9559143717204454
SPY261016C00725000,2026-09-15 19:54:10+00:00,725.0,37.35,36.41,39.88,-5.450001,-12.733646,368.0,837.0,0.22348798980712886,True,REGULAR,USD,38.144999999999996,0.09096867217197552,38.144999999999996,mid,0.1690118188410997,2026-10-16,call,0.08493150684931507,757.3900146484375,0.9572346954382912
SPY261016C00726000,2026-09-15 16:09:38+00:00,726.0,36.95,35.53,39.02,-1.1100006,-2.9164493,1.0,22.0,0.22168747070312497,True,REGULAR,USD,37.275000000000006,0.09362843729040916,37.275000000000006,mid,0.16807648472487924,2026-10-16,call,0.08493150684931507,757.3900146484375,0.9585550191561372
SPY261016C00727000,2026-09-14 14:48:54+00:00,727.0,37.59,36.32,36.79,0.0,0.0,2.0,92.0,0.2004169314575195,True,REGULAR,USD,36.555,0.012857338257420295,36.555,mid,0.16967712625861167,2026-10-16,call,0.08493150684931507,757.3900146484375,0.959875342873983
SPY261016C00728000,2026-09-14 16:47:15+00:00,728.0,38.58,35.42,35.94,0.0,0.0,353.0,183.0,0.19886055053710935,True,REGULAR,USD,35.68,0.014573991031390024,35.68,mid,0.16843566522002215,2026-10-16,call,0.08493150684931507,757.3900146484375,0.961195666591829
SPY261016C00729000,2026-09-14 16:47:36+00:00,729.0,38.87,34.56,35.07,0.0,0.0,18.0,42.0,0.19696847961425779,True,REGULAR,USD,34.815,0.014648858250753929,34.815,mid,0.16728625789284698,2026-10-16,call,0.08493150684931507,757.3900146484375,0.9625159903096749
SPY261016C00730000,2026-09-15 20:11:32+00:00,730.0,34.05,33.73,34.16,-3.1500015,-8.467746,439.0,914.0,0.19446606323242188,True,REGULAR,USD,33.94499999999999,0.012667550449256144,33.94499999999999,mid,0.16597512453794477,2026-10-16,call,0.08493150684931507,757.3900146484375,0.9638363140275208
SPY261016C00731000,2026-09-15 17:02:15+00:00,731.0,32.75,32.87,33.36,-7.0999985,-17.81681,1.0,284.0,0.19342847595214846,True,REGULAR,USD,33.114999999999995,0.014796919824852848,33.114999999999995,mid,0.16523114763200286,2026-10-16,call,0.08493150684931507,757.3900146484375,0.9651566377453668
SPY261016C00732000,2026-09-14 16:34:53+00:00,732.0,34.75,32.0,32.51,0.0,0.0,3.0,113.0,0.19165847412109377,True,REGULAR,USD,32.254999999999995,0.015811502092698746,32.254999999999995,mid,0.1639166682213545,2026-10-16,call,0.08493150684931507,757.3900146484375,0.9664769614632126
SPY261016C00733000,2026-09-15 16:04:15+00:00,733.0,30.75,31.14,31.66,-3.9199982,-11.306601,2.0,160.0,0.18979692047119145,True,REGULAR,USD,31.4,0.016560509554140113,31.4,mid,0.16260122217237943,2026-10-16,call,0.08493150684931507,757.3900146484375,0.9677972851810586
SPY261016C00734000,2026-09-15 13:33:56+00:00,734.0,31.93,30.3,30.82,-1.8499985,-5.476609,1.0,226.0,0.1880269186401367,True,REGULAR,USD,30.560000000000002,0.017015706806282706,30.560000000000002,mid,0.16143367178738116,2026-10-16,call,0.08493150684931507,757.3900146484375,0.9691176088989045
SPY261016C00735000,2026-09-15 20:10:46+00:00,735.0,29.73,29.51,29.97,-3.1000023,-9.44259,247.0,2481.0,0.1860432958984375,True,REGULAR,USD,29.740000000000002,0.015467383994619948,29.740000000000002,mid,0.1604775549471378,2026-10-16,call,0.08493150684931507,757.3900146484375,0.9704379326167504
SPY261016C00736000,2026-09-15 17:39:57+00:00,736.0,28.25,28.64,29.16,-2.0599995,-6.796435,3.0,158.0,0.18453269088745117,True,REGULAR,USD,28.9,0.017993079584775074,28.9,mid,0.15913251489400865,2026-10-16,call,0.08493150684931507,757.3900146484375,0.9717582563345963
SPY261016C00737000,2026-09-09 19:54:10+00:00,737.0,32.59,27.84,28.33,0.0,0.0,11.0,177.0,0.1826863958740234,True,REGULAR,USD,28.085,0.0174470357842264,28.085,mid,0.15806333854794502,2026-10-16,call,0.08493150684931507,757.3900146484375,0.9730785800524423
SPY261016C00738000,2026-09-15 14:50:00+00:00,738.0,26.49,27.02,27.52,-1.5599995,-5.5614953,1.0,407.0,0.1810079458618164,True,REGULAR,USD,27.27,0.018335166850018337,27.27,mid,0.15689887396991253,2026-10-16,call,0.08493150684931507,757.3900146484375,0.9743989037702881
SPY261016C00739000,2026-09-15 14:36:02+00:00,739.0,26.0,26.25,26.66,-1.3700008,-5.0054836,3.0,652.0,0.17864285720825196,True,REGULAR,USD,26.455,0.015498015498015504,26.455,mid,0.15564045958220962,2026-10-16,call,0.08493150684931507,757.3900146484375,0.9757192274881341
SPY261016C00740000,2026-09-15 20:13:11+00:00,740.0,25.69,25.43,25.88,-2.8899994,-10.111964,1845.0,3018.0,0.17720854537963865,True,REGULAR,USD,25.655,0.0175404404599493,25.655,mid,0.15449482586234808,2026-10-16,call,0.08493150684931507,757.3900146484375,0.97703955120598
SPY261016C00741000,2026-09-15 19:32:19+00:00,741.0,24.17,24.63,25.1,-3.7800007,-13.524152,4.0,454.0,0.17569794036865233,True,REGULAR,USD,24.865000000000002,0.01890207118439583,24.865000000000002,mid,0.15338581286370756,2026-10-16,call,0.08493150684931507,757.3900146484375,0.9783598749238259
SPY261016C00742000,2026-09-15 19:56:08+00:00,742.0,23.33,23.85,24.31,-3.67,-13.592592,100.0,185.0,0.1739584558105469,True,REGULAR,USD,24.08,0.01910299003322248,24.08,mid,0.1522417964041233,2026-10-16,call,0.08493150684931507,757.3900146484375,0.9796801986416719
SPY261016C00743000,2026-09-15 19:32:19+00:00,743.0,22.63,23.06,23.53,-3.2300014,-12.490338,2.0,469.0,0.17228000579833985,True,REGULAR,USD,23.295,0.02017600343421345,23.295,mid,0.1509953348711133,2026-10-16,call,0.08493150684931507,757.3900146484375,0.9810005223595177
SPY261016C00744000,2026-09-15 19:32:19+00:00,744.0,21.86,22.29,22.75,-1.6899986,-7.176215,20.0,182.0,0.1704947453308106,True,REGULAR,USD,22.52,0.020426287744227393,22.52,mid,0.14977636676281691,2026-10-16,call,0.08493150684931507,757.3900146484375,0.9823208460773637
SPY261016C00745000,2026-09-15 20:12:09+00:00,745.0,21.79,21.53,21.97,-2.9499989,-11.924005,1189.0,2253.0,0.16863319168090823,True,REGULAR,USD,21.75,0.02022988505747116,21.75,mid,0.14851635370403526,2026-10-16,call,0.08493150684931507,757.3900146484375,0.9836411697952097
SPY261016C00746000,2026-09-15 19:46:02+00:00,746.0,20.18,20.78,21.23,-4.029999,-16.64601,23.0,258.0,0.16715310394287114,True,REGULAR,USD,21.005000000000003,0.021423470602237527,21.005000000000003,mid,0.14746487427502872,2026-10-16,call,0.08493150684931507,757.3900146484375,0.9849614935130555
SPY261016C00747000,2026-09-15 17:36:35+00:00,747.0,19.7,20.04,20.49,-3.6799984,-15.739943,4.0,242.0,0.16559672302246098,True,REGULAR,USD,20.265,0.022205773501110252,20.265,mid,0.1463618098199367,2026-10-16,call,0.08493150684931507,757.3900146484375,0.9862818172309015
SPY261016C00748000,2026-09-15 17:59:27+00:00,748.0,19.12,19.3,19.73,-3.0299988,-13.679453,4.0,169.0,0.1636741348266602,True,REGULAR,USD,19.515,0.02203433256469381,19.515,mid,0.1450211568176746,2026-10-16,call,0.08493150684931507,757.3900146484375,0.9876021409487473
SPY261016C00749000,2026-09-15 19:56:25+00:00,749.0,18.16,18.56,19.01,-2.3099995,-11.284804,10.0,354.0,0.16214827117919922,True,REGULAR,USD,18.785,0.023955283470854558,18.785,mid,0.14381155766546727,2026-10-16,call,0.08493150684931507,757.3900146484375,0.9889224646665933
SPY261016C00750000,2026-09-15 20:06:48+00:00,750.0,17.96,17.98,18.17,-1.9200001,-9.6579485,240.0,7495.0,0.15912706115722658,True,REGULAR,USD,18.075000000000003,0.010511756569847925,18.075000000000003,mid,0.14272487029433248,2026-10-16,call,0.08493150684931507,757.3900146484375,0.9902427883844392
SPY261016C00751000,2026-09-15 16:42:08+00:00,751.0,17.17,17.14,17.49,-2.709999,-13.631786,58.0,278.0,0.15784533569335937,True,REGULAR,USD,17.314999999999998,0.020213687554143687,17.314999999999998,mid,0.140919859111309,2026-10-16,call,0.08493150684931507,757.3900146484375,0.9915631121022851
SPY261016C00752000,2026-09-15 18:09:45+00:00,752.0,16.38,16.44,16.88,-1.8700008,-10.24658,6.0,436.0,0.157234990234375,True,REGULAR,USD,16.66,0.026410564225690138,16.66,mid,0.14024183668196194,2026-10-16,call,0.08493150684931507,757.3900146484375,0.992883435820131
SPY261016C00753000,2026-09-15 19:54:10+00:00,753.0,15.23,15.7,16.19,-5.67,-27.129187,8.0,296.0,0.15561757476806642,True,REGULAR,USD,15.945,0.030730636563186076,15.945,mid,0.1387259618937969,2026-10-16,call,0.08493150684931507,757.3900146484375,0.9942037595379769
SPY261016C00754000,2026-09-15 20:12:51+00:00,754.0,15.28,15.16,15.51,-2.4100008,-13.62352,353.0,598.0,0.1540001593017578,True,REGULAR,USD,15.335,0.02282360612976848,15.335,mid,0.13830582741647957,2026-10-16,call,0.08493150684931507,757.3900146484375,0.9955240832558229
SPY261016C00755000,2026-09-15 20:12:09+00:00,755.0,14.64,14.6,14.71,-1.8699999,-11.3264675,2320.0,3947.0,0.15088739746093754,True,REGULAR,USD,14.655000000000001,0.007505970658478417,14.655000000000001,mid,0.13693431634455921,2026-10-16,call,0.08493150684931507,757.3900146484375,0.9968444069736688
SPY261016C00756000,2026-09-15 20:11:10+00:00,756.0,14.0,13.86,14.1,-2.040001,-12.718209,807.0,902.0,0.14981929290771484,True,REGULAR,USD,13.98,0.01716738197424894,13.98,mid,0.13548653379082679,2026-10-16,call,0.08493150684931507,757.3900146484375,0.9981647306915147
SPY261016C00757000,2026-09-15 20:11:26+00:00,757.0,13.38,13.3,13.41,-1.7600002,-11.624837,1048.0,582.0,0.14771360107421877,True,REGULAR,USD,13.355,0.008236615499812762,13.355,mid,0.13447370130568745,2026-10-16,call,0.08493150684931507,757.3900146484375,0.9994850544093606
SPY261016C00758000,2026-09-15 20:12:51+00:00,758.0,12.7,12.68,12.79,-1.8100004,-12.474158,1855.0,879.0,0.14624877197265623,False,REGULAR,USD,12.735,0.00863761287789552,12.735,mid,0.13337364830076692,2026-10-16,call,0.08493150684931507,757.3900146484375,1.0008053781272066
SPY261016C00759000,2026-09-15 20:11:01+00:00,759.0,12.11,12.06,12.15,-2.6400003,-17.898308,725.0,867.0,0.14444825286865232,False,REGULAR,USD,12.105,0.007434944237918204,12.105,mid,0.13201295614242553,2026-10-16,call,0.08493150684931507,757.3900146484375,1.0021257018450525
SPY261016C00760000,2026-09-15 20:14:50+00:00,760.0,11.53,11.46,11.56,-1.6599998,-12.585291,6205.0,8361.0,0.1430444583129883,False,REGULAR,USD,11.510000000000002,0.008688097306689803,11.510000000000002,mid,0.13090003941208125,2026-10-16,call,0.08493150684931507,757.3900146484375,1.0034460255628983
SPY261016C00761000,2026-09-15 19:58:46+00:00,761.0,10.53,10.88,10.98,-2.08,-16.494846,946.0,735.0,0.1416406637573242,False,REGULAR,USD,10.93,0.009149130832570873,10.93,mid,0.12980314657092096,2026-10-16,call,0.08493150684931507,757.3900146484375,1.0047663492807444
SPY261016C00762000,2026-09-15 20:13:39+00:00,762.0,10.37,10.31,10.41,-1.6000004,-13.366753,798.0,1457.0,0.14017583465576172,False,REGULAR,USD,10.36,0.00965250965250962,10.36,mid,0.12866184413433074,2026-10-16,call,0.08493150684931507,757.3900146484375,1.0060866729985902
SPY261016C00763000,2026-09-15 20:09:30+00:00,763.0,9.74,9.76,9.86,-1.8000002,-15.597921,1002.0,1440.0,0.1387872987365723,False,REGULAR,USD,9.809999999999999,0.010193679918450526,9.809999999999999,mid,0.12758632887154817,2026-10-16,call,0.08493150684931507,757.3900146484375,1.007406996716436
SPY261016C00764000,2026-09-15 20:13:07+00:00,764.0,9.27,9.23,9.32,-1.4799995,-13.767438,943.0,1717.0,0.1373682455444336,False,REGULAR,USD,9.275,0.009703504043126669,9.275,mid,0.12651652049273257,2026-10-16,call,0.08493150684931507,757.3900146484375,1.0087273204342821
SPY261016C00765000,2026-09-15 20:13:36+00:00,765.0,8.75,8.72,8.8,-1.5,-14.634147,2712.0,7014.0,0.13599496826171875,False,REGULAR,USD,8.760000000000002,0.009132420091324207,8.760000000000002,mid,0.12550681099295616,2026-10-16,call,0.08493150684931507,757.3900146484375,1.010047644152128
SPY261016C00766000,2026-09-15 19:44:21+00:00,766.0,7.84,8.2,8.3,-2.0100002,-20.406094,634.0,5972.0,0.13471324279785157,False,REGULAR,USD,8.25,0.012121212121212293,8.25,mid,0.1243816253915429,2026-10-16,call,0.08493150684931507,757.3900146484375,1.0113679678699738
SPY261016C00767000,2026-09-15 20:07:52+00:00,767.0,7.7,7.72,7.81,-1.4899998,-16.213272,233.0,7609.0,0.13335522415161133,False,REGULAR,USD,7.765,0.011590470057952332,7.765,mid,0.12336899738758803,2026-10-16,call,0.08493150684931507,757.3900146484375,1.01268829158782
SPY261016C00768000,2026-09-15 20:03:06+00:00,768.0,7.2,7.25,7.33,-1.5900002,-18.08874,343.0,4144.0,0.1319514295959473,False,REGULAR,USD,7.29,0.010973936899862835,7.29,mid,0.12229231100529431,2026-10-16,call,0.08493150684931507,757.3900146484375,1.0140086153056658
SPY261016C00769000,2026-09-15 19:57:15+00:00,769.0,6.48,6.8,6.89,-1.8499999,-22.208881,248.0,2419.0,0.13083754913330076,False,REGULAR,USD,6.845,0.01314828341855367,6.845,mid,0.1213858087360859,2026-10-16,call,0.08493150684931507,757.3900146484375,1.0153289390235116
SPY261016C00770000,2026-09-15 20:14:55+00:00,770.0,6.45,6.36,6.45,-1.23,-16.015625,1790.0,12899.0,0.12955582366943358,False,REGULAR,USD,6.405,0.014051522248243537,6.405,mid,0.12035143136978146,2026-10-16,call,0.08493150684931507,757.3900146484375,1.0166492627413575
SPY261016C00771000,2026-09-15 20:10:21+00:00,771.0,5.92,5.95,6.02,-1.4000001,-19.125685,568.0,2628.0,0.12821306365966795,False,REGULAR,USD,5.984999999999999,0.011695906432748438,5.984999999999999,mid,0.11936631537973878,2026-10-16,call,0.08493150684931507,757.3900146484375,1.0179695864592035
SPY261016C00772000,2026-09-15 19:54:20+00:00,772.0,5.21,5.55,5.62,-1.6599998,-24.163025,287.0,2513.0,0.12702289001464845,False,REGULAR,USD,5.585,0.012533572068039442,5.585,mid,0.1184313530474901,2026-10-16,call,0.08493150684931507,757.3900146484375,1.0192899101770494
SPY261016C00773000,2026-09-15 20:14:55+00:00,773.0,5.18,5.18,5.24,-1.1300001,-17.908085,788.0,2217.0,0.12592426818847657,False,REGULAR,USD,5.21,0.01151631477927073,5.21,mid,0.11761195976287125,2026-10-16,call,0.08493150684931507,757.3900146484375,1.0206102338948952
SPY261016C00774000,2026-09-15 20:10:21+00:00,774.0,4.78,4.8,4.88,-1.23,-20.465889,228.0,1545.0,0.1248561636352539,False,REGULAR,USD,4.84,0.016528925619834725,4.84,mid,0.1166548576951027,2026-10-16,call,0.08493150684931507,757.3900146484375,1.0219305576127413
SPY261016C00775000,2026-09-15 20:12:17+00:00,775.0,4.49,4.47,4.53,-1.0100002,-18.36364,2205.0,16805.0,0.12375754180908202,False,REGULAR,USD,4.5,0.013333333333333443,4.5,mid,0.1158836290240288,2026-10-16,call,0.08493150684931507,757.3900146484375,1.0232508813305872
SPY261016C00776000,2026-09-15 20:11:31+00:00,776.0,4.19,4.14,4.21,-0.94000006,-18.323587,263.0,1696.0,0.12284202362060548,False,REGULAR,USD,4.175,0.016766467065868332,4.175,mid,0.1151078274101019,2026-10-16,call,0.08493150684931507,757.3900146484375,1.024571205048433
SPY261016C00777000,2026-09-15 20:13:58+00:00,777.0,3.89,3.84,3.9,-0.9799998,-20.1232,1829.0,910.0,0.12186547088623048,False,REGULAR,USD,3.87,0.015503875968992262,3.87,mid,0.11439868666231633,2026-10-16,call,0.08493150684931507,757.3900146484375,1.025891528766279
SPY261016C00778000,2026-09-15 20:11:31+00:00,778.0,3.58,3.57,3.61,-0.99000025,-21.663023,531.0,3326.0,0.12096521133422852,False,REGULAR,USD,3.59,0.011142061281337058,3.59,mid,0.11383602879941464,2026-10-16,call,0.08493150684931507,757.3900146484375,1.027211852484125
SPY261016C00779000,2026-09-15 20:14:37+00:00,779.0,3.32,3.3,3.33,-0.8100002,-19.612595,549.0,1740.0,0.12000391723632811,False,REGULAR,USD,3.315,0.009049773755656184,3.315,mid,0.11313908256590366,2026-10-16,call,0.08493150684931507,757.3900146484375,1.0285321762019708
SPY261016C00780000,2026-09-15 20:13:50+00:00,780.0,3.05,3.04,3.07,-0.78,-20.365536,3744.0,13478.0,0.11914943359374999,False,REGULAR,USD,3.0549999999999997,0.009819967266775715,3.0549999999999997,mid,0.1124517097696662,2026-10-16,call,0.08493150684931507,757.3900146484375,1.0298524999198169
SPY261016C00781000,2026-09-15 20:09:21+00:00,781.0,2.78,2.8,2.83,-0.80999994,-22.562672,1194.0,2109.0,0.11835598449707031,False,REGULAR,USD,2.815,0.010657193605683925,2.815,mid,0.11185832396149636,2026-10-16,call,0.08493150684931507,757.3900146484375,1.0311728236376627
SPY261016C00782000,2026-09-15 20:14:47+00:00,782.0,2.58,2.57,2.6,-0.71000004,-21.580547,1419.0,2590.0,0.11756253540039063,False,REGULAR,USD,2.585,0.011605415860735106,2.585,mid,0.11120900325477122,2026-10-16,call,0.08493150684931507,757.3900146484375,1.0324931473555086
SPY261016C00783000,2026-09-15 20:13:58+00:00,783.0,2.37,2.36,2.39,-0.6500001,-21.523182,1020.0,2006.0,0.11686063812255859,False,REGULAR,USD,2.375,0.012631578947368527,2.375,mid,0.11067400611937045,2026-10-16,call,0.08493150684931507,757.3900146484375,1.0338134710733544
SPY261016C00784000,2026-09-15 20:08:48+00:00,784.0,2.15,2.17,2.19,-0.7099998,-24.825169,811.0,2865.0,0.11612822357177735,False,REGULAR,USD,2.1799999999999997,0.009174311926605514,2.1799999999999997,mid,0.11018421791493892,2026-10-16,call,0.08493150684931507,757.3900146484375,1.0351337947912005
SPY261016C00785000,2026-09-15 20:14:55+00:00,785.0,2.0,1.98,2.01,-0.56999993,-22.178986,1981.0,16399.0,0.1155483953857422,False,REGULAR,USD,1.9949999999999999,0.01503759398496231,1.9949999999999999,mid,0.10965884998440742,2026-10-16,call,0.08493150684931507,757.3900146484375,1.0364541185090463
SPY261016C00786000,2026-09-15 19:57:20+00:00,786.0,1.69,1.81,1.84,-0.74,-30.452675,686.0,1184.0,0.11493804992675781,False,REGULAR,USD,1.8250000000000002,0.016438356164383574,1.8250000000000002,mid,0.10919809810817242,2026-10-16,call,0.08493150684931507,757.3900146484375,1.0377744422268922
SPY261016C00787000,2026-09-15 19:53:56+00:00,787.0,1.51,1.66,1.68,-0.6700001,-30.733948,498.0,1688.0,0.11432770446777345,False,REGULAR,USD,1.67,0.011976047904191628,1.67,mid,0.10881928741931914,2026-10-16,call,0.08493150684931507,757.3900146484375,1.0390947659447383
SPY261016C00788000,2026-09-15 19:57:38+00:00,788.0,1.4,1.51,1.54,-0.67999995,-32.692307,499.0,1853.0,0.11390046264648437,False,REGULAR,USD,1.525,0.019672131147541003,1.525,mid,0.10843586660921574,2026-10-16,call,0.08493150684931507,757.3900146484375,1.0404150896625841
SPY261016C00789000,2026-09-15 19:36:38+00:00,789.0,1.27,1.38,1.4,-0.56000006,-30.601097,181.0,1650.0,0.1132901171875,False,REGULAR,USD,1.39,0.014388489208633108,1.39,mid,0.10805634953081607,2026-10-16,call,0.08493150684931507,757.3900146484375,1.04173541338043
SPY261016C00790000,2026-09-15 20:14:55+00:00,790.0,1.27,1.26,1.28,-0.38,-23.030304,8509.0,17178.0,0.11292390991210938,False,REGULAR,USD,1.27,0.015748031496063006,1.27,mid,0.10781048879027366,2026-10-16,call,0.08493150684931507,757.3900146484375,1.043055737098276
SPY261016C00791000,2026-09-15 19:43:53+00:00,791.0,1.05,1.14,1.17,-0.5400001,-33.96227,481.0,1733.0,0.11261873718261718,False,REGULAR,USD,1.1549999999999998,0.025974025974026,1.1549999999999998,mid,0.10747934080660342,2026-10-16,call,0.08493150684931507,757.3900146484375,1.0443760608161219
SPY261016C00792000,2026-09-15 20:11:25+00:00,792.0,1.05,1.04,1.06,-0.35000002,-25.000004,484.0,1920.0,0.11206942626953123,False,REGULAR,USD,1.05,0.019047619047619063,1.05,mid,0.10719195179641246,2026-10-16,call,0.08493150684931507,757.3900146484375,1.0456963845339677
SPY261016C00793000,2026-09-15 19:59:06+00:00,793.0,0.9,0.95,0.97,-0.44000006,-32.835827,702.0,1967.0,0.11188632263183593,False,REGULAR,USD,0.96,0.020833333333333353,0.96,mid,0.10710870936512945,2026-10-16,call,0.08493150684931507,757.3900146484375,1.0470167082518138
SPY261016C00794000,2026-09-15 17:58:33+00:00,794.0,0.84,0.86,0.88,-0.38000005,-31.147543,2514.0,3820.0,0.1115201153564453,False,REGULAR,USD,0.87,0.022988505747126457,0.87,mid,0.10683031752705574,2026-10-16,call,0.08493150684931507,757.3900146484375,1.0483370319696597
SPY261016C00795000,2026-09-15 20:12:45+00:00,795.0,0.77,0.79,0.8,-0.26,-25.24272,1122.0,10307.0,0.11127597717285155,False,REGULAR,USD,0.795,0.012578616352201269,0.795,mid,0.10680778741836547,2026-10-16,call,0.08493150684931507,757.3900146484375,1.0496573556875055
SPY261016C00796000,2026-09-15 19:47:24+00:00,796.0,0.67,0.72,0.73,-0.33999997,-33.663364,1008.0,2124.0,0.11109287353515623,False,REGULAR,USD,0.725,0.013793103448275874,0.725,mid,0.1067654040455818,2026-10-16,call,0.08493150684931507,757.3900146484375,1.0509776794053514
SPY261016C00797000,2026-09-15 19:43:09+00:00,797.0,0.59,0.65,0.67,-0.3,-33.707867,2552.0,12068.0,0.11115390808105467,False,REGULAR,USD,0.66,0.030303030303030328,0.66,mid,0.1067112722992897,2026-10-16,call,0.08493150684931507,757.3900146484375,1.0522980031231974
SPY261016C00798000,2026-09-15 19:48:50+00:00,798.0,0.54,0.6,0.61,-0.40999997,-43.15789,969.0,1892.0,0.1110318389892578,False,REGULAR,USD,0.605,0.016528925619834725,0.605,mid,0.10684526324272156,2026-10-16,call,0.08493150684931507,757.3900146484375,1.0536183268410433
SPY261016C00799000,2026-09-15 20:11:49+00:00,799.0,0.55,0.54,0.55,-0.20999998,-27.631577,555.0,2432.0,0.11072666625976563,False,REGULAR,USD,0.545,0.018348623853211024,0.545,mid,0.10660984963178635,2026-10-16,call,0.08493150684931507,757.3900146484375,1.0549386505588891
SPY261016C00800000,2026-09-15 20:13:07+00:00,800.0,0.5,0.5,0.51,-0.16000003,-24.242426,33696.0,17920.0,0.1110318389892578,False,REGULAR,USD,0.505,0.01980198019801982,0.505,mid,0.10702163755893705,2026-10-16,call,0.08493150684931507,757.3900146484375,1.0562589742767352
SPY261016C00805000,2026-09-15 20:13:16+00:00,805.0,0.32,0.32,0.33,-0.110000014,-25.5814,434.0,10035.0,0.11170321899414062,False,REGULAR,USD,0.325,0.030769230769230795,0.325,mid,0.10797340452671052,2026-10-16,call,0.08493150684931507,757.3900146484375,1.0628605928659647
SPY261016C00810000,2026-09-15 20:08:48+00:00,810.0,0.21,0.22,0.23,-0.07000001,-25.000004,325.0,15122.0,0.11390046264648437,False,REGULAR,USD,0.225,0.04444444444444448,0.225,mid,0.11045543432235719,2026-10-16,call,0.08493150684931507,757.3900146484375,1.0694622114551944
SPY261016C00815000,2026-09-15 20:07:05+00:00,815.0,0.16,0.15,0.16,-0.030000001,-15.789474,532.0,16549.0,0.116219775390625,False,REGULAR,USD,0.155,0.06451612903225812,0.155,mid,0.11281611382961275,2026-10-16,call,0.08493150684931507,757.3900146484375,1.0760638300444239
SPY261016C00820000,2026-09-15 19:54:15+00:00,820.0,0.1,0.11,0.12,-0.04,-28.571428,61.0,14489.0,0.11963770996093749,False,REGULAR,USD,0.11499999999999999,0.0869565217391304,0.11499999999999999,mid,0.11628024816513063,2026-10-16,call,0.08493150684931507,757.3900146484375,1.0826654486336535
SPY261016C00825000,2026-09-15 20:14:25+00:00,825.0,0.09,0.09,0.1,-0.019999996,-18.181814,91.0,16128.0,0.1245204736328125,False,REGULAR,USD,0.095,0.10526315789473693,0.095,mid,0.12121129333972931,2026-10-16,call,0.08493150684931507,757.3900146484375,1.089267067222883
SPY261016C00830000,2026-09-15 18:27:58+00:00,830.0,0.06,0.06,0.08,-0.02,-25.0,31.0,18437.0,0.12842668457031248,False,REGULAR,USD,0.07,0.28571428571428575,0.07,mid,0.12419775962829589,2026-10-16,call,0.08493150684931507,757.3900146484375,1.0958686858121127
SPY261016C00835000,2026-09-15 16:08:22+00:00,835.0,0.05,0.06,0.07,-0.02,-28.571428,4.0,3442.0,0.133797724609375,False,REGULAR,USD,0.065,0.15384615384615397,0.065,mid,0.1304508686065674,2026-10-16,call,0.08493150684931507,757.3900146484375,1.1024703044013424
SPY261016C00840000,2026-09-15 20:07:19+00:00,840.0,0.04,0.05,0.06,-0.02,-33.333336,40.0,3097.0,0.1381922119140625,False,REGULAR,USD,0.055,0.18181818181818174,0.055,mid,0.13511928558349612,2026-10-16,call,0.08493150684931507,757.3900146484375,1.109071922990572
SPY261016C00845000,2026-09-15 19:05:17+00:00,845.0,0.03,0.04,0.05,-0.020000001,-40.000004,45.0,1873.0,0.14258669921875,False,REGULAR,USD,0.045,0.22222222222222227,0.045,mid,0.13910718917846676,2026-10-16,call,0.08493150684931507,757.3900146484375,1.1156735415798016
SPY261016C00850000,2026-09-15 20:05:23+00:00,850.0,0.03,0.03,0.04,-0.01,-25.0,27.0,10076.0,0.145516357421875,False,REGULAR,USD,0.035,0.28571428571428575,0.035,mid,0.14220340609550472,2026-10-16,call,0.08493150684931507,757.3900146484375,1.122275160169031
SPY261016C00855000,2026-09-15 16:35:25+00:00,855.0,0.03,0.02,0.03,-0.01,-25.0,24.0,650.0,0.148446015625,False,REGULAR,USD,0.025,0.3999999999999999,0.025,mid,0.1439986765384674,2026-10-16,call,0.08493150684931507,757.3900146484375,1.1288767787582608
SPY261016C00860000,2026-09-14 20:11:13+00:00,860.0,0.02,0.02,0.03,0.0,0.0,1.0,2031.0,0.15430533203125002,False,REGULAR,USD,0.025,0.3999999999999999,0.025,mid,0.15038860201835633,2026-10-16,call,0.08493150684931507,757.3900146484375,1.1354783973474902
SPY261016C00865000,2026-09-14 19:17:24+00:00,865.0,0.03,0.02,0.03,0.0,0.0,1.0,509.0,0.1601646484375,False,REGULAR,USD,0.025,0.3999999999999999,0.025,mid,0.15671487808227538,2026-10-16,call,0.08493150684931507,757.3900146484375,1.14208001593672
SPY261016C00870000,2026-09-11 18:59:53+00:00,870.0,0.03,0.02,0.03,0.0,0.0,2.0,2234.0,0.16700051757812504,False,REGULAR,USD,0.025,0.3999999999999999,0.025,mid,0.16297988414764408,2026-10-16,call,0.08493150684931507,757.3900146484375,1.1486816345259494
SPY261016P00365000,2026-09-10 16:47:19+00:00,365.0,0.03,0.02,0.03,0.0,0.0,11.0,1817.0,0.7773459765625,False,REGULAR,USD,0.025,0.3999999999999999,0.025,mid,0.793874941444397,2026-10-16,put,0.08493150684931507,757.3900146484375,0.4819181570137604
SPY261016P00370000,2026-09-10 19:06:13+00:00,370.0,0.04,0.02,0.03,0.0,0.0,85.0,10612.0,0.7656273437500001,False,REGULAR,USD,0.025,0.3999999999999999,0.025,mid,0.7798705142021178,2026-10-16,put,0.08493150684931507,757.3900146484375,0.48851977560299
SPY261016P00375000,2026-09-15 17:34:52+00:00,375.0,0.02,0.02,0.03,-0.01,-33.333336,56.0,6887.0,0.7500025,False,REGULAR,USD,0.025,0.3999999999999999,0.025,mid,0.7660472814559937,2026-10-16,put,0.08493150684931507,757.3900146484375,0.4951213941922196
SPY261016P00380000,2026-09-15 16:20:44+00:00,380.0,0.03,0.02,0.03,-0.01,-25.0,10.0,1913.0,0.7382838671874999,False,REGULAR,USD,0.025,0.3999999999999999,0.025,mid,0.7524052432060241,2026-10-16,put,0.08493150684931507,757.3900146484375,0.5017230127814492
SPY261016P00385000,2026-09-15 19:39:17+00:00,385.0,0.03,0.02,0.03,0.0,0.0,50.0,3710.0,0.7226590234375,False,REGULAR,USD,0.025,0.3999999999999999,0.025,mid,0.7389348628997803,2026-10-16,put,0.08493150684931507,757.3900146484375,0.5083246313706787
SPY261016P00390000,2026-09-11 14:11:32+00:00,390.0,0.03,0.02,0.03,0.0,0.0,100.0,4633.0,0.710940390625,False,REGULAR,USD,0.025,0.3999999999999999,0.025,mid,0.725636140537262,2026-10-16,put,0.08493150684931507,757.3900146484375,0.5149262499599084
SPY261016P00395000,2026-09-15 20:13:38+00:00,395.0,0.03,0.03,0.04,-0.01,-25.0,24.0,2771.0,0.7187528125,False,REGULAR,USD,0.035,0.28571428571428575,0.035,mid,0.732309343099594,2026-10-16,put,0.08493150684931507,757.3900146484375,0.521527868549138
SPY261016P00400000,2026-09-15 19:50:35+00:00,400.0,0.03,0.03,0.04,-0.01,-25.0,57.0,21318.0,0.70312796875,False,REGULAR,USD,0.035,0.28571428571428575,0.035,mid,0.7190082365989685,2026-10-16,put,0.08493150684931507,757.3900146484375,0.5281294871383676
SPY261016P00405000,2026-09-15 19:49:14+00:00,405.0,0.03,0.03,0.04,-0.01,-25.0,47.0,3288.0,0.6914093359375001,False,REGULAR,USD,0.035,0.28571428571428575,0.035,mid,0.7058668673515319,2026-10-16,put,0.08493150684931507,757.3900146484375,0.5347311057275972
SPY261016P00410000,2026-09-15 19:58:47+00:00,410.0,0.04,0.03,0.04,0.0,0.0,44.0,12419.0,0.6796907031250001,False,REGULAR,USD,0.035,0.28571428571428575,0.035,mid,0.69288046708107,2026-10-16,put,0.08493150684931507,757.3900146484375,0.5413327243168268
SPY261016P00415000,2026-09-15 14:37:06+00:00,415.0,0.05,0.04,0.05,-0.009999998,-16.666662,1.0,884.0,0.6796907031250001,False,REGULAR,USD,0.045,0.22222222222222227,0.045,mid,0.6947925458431243,2026-10-16,put,0.08493150684931507,757.3900146484375,0.5479343429060564
SPY261016P00420000,2026-09-15 17:54:00+00:00,420.0,0.05,0.04,0.05,0.010000002,25.000004,20.0,1463.0,0.6679720703125002,False,REGULAR,USD,0.045,0.22222222222222227,0.045,mid,0.6818585966110229,2026-10-16,put,0.08493150684931507,757.3900146484375,0.554535961495286
SPY261016P00425000,2026-09-15 14:37:26+00:00,425.0,0.06,0.05,0.06,0.0,0.0,1.0,154926.0,0.6660189648437502,False,REGULAR,USD,0.055,0.18181818181818174,0.055,mid,0.6810479896545409,2026-10-16,put,0.08493150684931507,757.3900146484375,0.5611375800845155
SPY261016P00430000,2026-09-14 14:31:45+00:00,430.0,0.06,0.05,0.06,0.0,0.0,28.0,15670.0,0.6543003320312502,False,REGULAR,USD,0.055,0.18181818181818174,0.055,mid,0.6681998693943024,2026-10-16,put,0.08493150684931507,757.3900146484375,0.5677391986737451
SPY261016P00435000,2026-09-15 15:17:27+00:00,435.0,0.06,0.05,0.06,0.0,0.0,24.0,1174.0,0.64062859375,False,REGULAR,USD,0.055,0.18181818181818174,0.055,mid,0.6554947974205017,2026-10-16,put,0.08493150684931507,757.3900146484375,0.5743408172629747
SPY261016P00440000,2026-09-15 16:55:52+00:00,440.0,0.06,0.05,0.06,0.0,0.0,124.0,506.0,0.6289099609375001,False,REGULAR,USD,0.055,0.18181818181818174,0.055,mid,0.642925621318817,2026-10-16,put,0.08493150684931507,757.3900146484375,0.5809424358522043
SPY261016P00445000,2026-09-15 14:23:58+00:00,445.0,0.07,0.06,0.07,0.0,0.0,24.0,4445.0,0.6269568554687501,False,REGULAR,USD,0.065,0.15384615384615397,0.065,mid,0.6402041276693344,2026-10-16,put,0.08493150684931507,757.3900146484375,0.5875440544414339
SPY261016P00450000,2026-09-14 17:39:53+00:00,450.0,0.06,0.06,0.07,0.0,0.0,10.0,1658.0,0.6132851171875001,False,REGULAR,USD,0.065,0.15384615384615397,0.065,mid,0.6277315091609954,2026-10-16,put,0.08493150684931507,757.3900146484375,0.5941456730306636
SPY261016P00455000,2026-09-15 18:44:04+00:00,455.0,0.07,0.07,0.08,-0.049999997,-41.666664,57.0,2981.0,0.6093789062500001,False,REGULAR,USD,0.07500000000000001,0.13333333333333325,0.07500000000000001,mid,0.6237261571407318,2026-10-16,put,0.08493150684931507,757.3900146484375,0.6007472916198932
SPY261016P00460000,2026-09-15 16:35:56+00:00,460.0,0.09,0.07,0.08,0.0,0.0,39.0,1805.0,0.5976602734375001,False,REGULAR,USD,0.07500000000000001,0.13333333333333325,0.07500000000000001,mid,0.6113632089853287,2026-10-16,put,0.08493150684931507,757.3900146484375,0.6073489102091227
SPY261016P00465000,2026-09-14 14:51:00+00:00,465.0,0.1,0.08,0.09,0.0,0.0,12.0,2905.0,0.5927775097656252,False,REGULAR,USD,0.08499999999999999,0.11764705882352937,0.08499999999999999,mid,0.6063958572387695,2026-10-16,put,0.08493150684931507,757.3900146484375,0.6139505287983523
SPY261016P00470000,2026-09-15 14:23:58+00:00,470.0,0.1,0.08,0.09,0.0,0.0,4.0,4157.0,0.5810588769531251,False,REGULAR,USD,0.08499999999999999,0.11764705882352937,0.08499999999999999,mid,0.5941497318506241,2026-10-16,put,0.08493150684931507,757.3900146484375,0.6205521473875819
SPY261016P00475000,2026-09-15 19:42:25+00:00,475.0,0.1,0.09,0.1,0.009999998,11.111108,22.0,239.0,0.5751995605468749,False,REGULAR,USD,0.095,0.10526315789473693,0.095,mid,0.5884421052217483,2026-10-16,put,0.08493150684931507,757.3900146484375,0.6271537659768115
SPY261016P00480000,2026-09-15 17:24:33+00:00,480.0,0.11,0.09,0.1,-0.009999998,-8.333331,16.0,2234.0,0.5634809277343751,False,REGULAR,USD,0.095,0.10526315789473693,0.095,mid,0.5763151867389679,2026-10-16,put,0.08493150684931507,757.3900146484375,0.6337553845660411
SPY261016P00485000,2026-09-15 16:27:51+00:00,485.0,0.12,0.1,0.11,0.0,0.0,42.0,173.0,0.5566450585937501,False,REGULAR,USD,0.10500000000000001,0.09523809523809518,0.10500000000000001,mid,0.5700234462738039,2026-10-16,put,0.08493150684931507,757.3900146484375,0.6403570031552707
SPY261016P00490000,2026-09-15 15:56:59+00:00,490.0,0.13,0.11,0.12,0.0,0.0,10.0,89.0,0.5507857421875001,False,REGULAR,USD,0.11499999999999999,0.0869565217391304,0.11499999999999999,mid,0.5632501099109651,2026-10-16,put,0.08493150684931507,757.3900146484375,0.6469586217445003
SPY261016P00495000,2026-09-15 15:54:55+00:00,495.0,0.14,0.11,0.12,0.0,0.0,20.0,189.0,0.5390671093750001,False,REGULAR,USD,0.11499999999999999,0.0869565217391304,0.11499999999999999,mid,0.5512572991967204,2026-10-16,put,0.08493150684931507,757.3900146484375,0.6535602403337298
SPY261016P00500000,2026-09-15 15:34:24+00:00,500.0,0.14,0.13,0.14,0.0,0.0,2.0,3897.0,0.5361374511718751,False,REGULAR,USD,0.135,0.07407407407407414,0.135,mid,0.548554878652096,2026-10-16,put,0.08493150684931507,757.3900146484375,0.6601618589229594
SPY261016P00505000,2026-09-15 17:15:54+00:00,505.0,0.14,0.13,0.14,-0.010000005,-6.6666694,5.0,445.0,0.524418818359375,False,REGULAR,USD,0.135,0.07407407407407414,0.135,mid,0.5366025982856751,2026-10-16,put,0.08493150684931507,757.3900146484375,0.666763477512189
SPY261016P00510000,2026-09-15 19:54:07+00:00,510.0,0.16,0.14,0.15,0.00999999,6.66666,2.0,1514.0,0.516606396484375,False,REGULAR,USD,0.14500000000000002,0.06896551724137917,0.14500000000000002,mid,0.5288183873653414,2026-10-16,put,0.08493150684931507,757.3900146484375,0.6733650961014187
SPY261016P00515000,2026-09-15 16:17:33+00:00,515.0,0.17,0.15,0.16,0.010000005,6.2500033,1.0,336.0,0.508793974609375,False,REGULAR,USD,0.155,0.06451612903225812,0.155,mid,0.5207838419437409,2026-10-16,put,0.08493150684931507,757.3900146484375,0.6799667146906483
SPY261016P00520000,2026-09-15 16:22:35+00:00,520.0,0.17,0.16,0.17,-0.010000005,-5.555558,2.0,944.0,0.5004932763671875,False,REGULAR,USD,0.165,0.060606060606060656,0.165,mid,0.5125323399543764,2026-10-16,put,0.08493150684931507,757.3900146484375,0.6865683332798779
SPY261016P00525000,2026-09-15 18:56:09+00:00,525.0,0.18,0.18,0.19,-0.00999999,-5.263153,15.0,301526.0,0.49658706542968756,False,REGULAR,USD,0.185,0.054054054054054106,0.185,mid,0.5072866400837899,2026-10-16,put,0.08493150684931507,757.3900146484375,0.6931699518691075
SPY261016P00530000,2026-09-15 17:17:06+00:00,530.0,0.2,0.18,0.19,0.010000005,5.2631607,4.0,823.0,0.4848684326171875,False,REGULAR,USD,0.185,0.054054054054054106,0.185,mid,0.49548217628002167,2026-10-16,put,0.08493150684931507,757.3900146484375,0.699771570458337
SPY261016P00535000,2026-09-15 19:14:45+00:00,535.0,0.2,0.19,0.2,-0.030000001,-13.043478,11.0,634.0,0.4760794580078125,False,REGULAR,USD,0.195,0.05128205128205133,0.195,mid,0.48672464097738266,2026-10-16,put,0.08493150684931507,757.3900146484375,0.7063731890475666
SPY261016P00540000,2026-09-15 18:32:51+00:00,540.0,0.22,0.2,0.21,0.010000005,4.761907,76.0,5179.0,0.4672904833984375,False,REGULAR,USD,0.20500000000000002,0.04878048780487795,0.20500000000000002,mid,0.4778359780788422,2026-10-16,put,0.08493150684931507,757.3900146484375,0.7129748076367962
SPY261016P00545000,2026-09-15 18:23:55+00:00,545.0,0.24,0.22,0.23,0.0,0.0,2.0,736.0,0.46094289062500005,False,REGULAR,USD,0.225,0.04444444444444448,0.225,mid,0.4713839043259621,2026-10-16,put,0.08493150684931507,757.3900146484375,0.7195764262260258
SPY261016P00550000,2026-09-15 20:06:05+00:00,550.0,0.25,0.23,0.24,-0.02000001,-7.4074106,31.0,12679.0,0.45166563964843753,False,REGULAR,USD,0.235,0.042553191489361625,0.235,mid,0.4621411969184875,2026-10-16,put,0.08493150684931507,757.3900146484375,0.7261780448152554
SPY261016P00555000,2026-09-15 20:09:03+00:00,555.0,0.25,0.25,0.26,-0.030000001,-10.714286,24.0,505.0,0.44482977050781247,False,REGULAR,USD,0.255,0.03921568627450984,0.255,mid,0.45505255829095836,2026-10-16,put,0.08493150684931507,757.3900146484375,0.732779663404485
SPY261016P00560000,2026-09-15 18:27:52+00:00,560.0,0.28,0.26,0.27,0.0,0.0,3.0,388.0,0.43506424316406256,False,REGULAR,USD,0.265,0.03773584905660381,0.265,mid,0.4455392512083054,2026-10-16,put,0.08493150684931507,757.3900146484375,0.7393812819937146
SPY261016P00565000,2026-09-15 14:53:30+00:00,565.0,0.33,0.28,0.29,0.030000001,10.0,48.0,851.0,0.42774009765625004,False,REGULAR,USD,0.28500000000000003,0.035087719298245446,0.28500000000000003,mid,0.43794428125023843,2026-10-16,put,0.08493150684931507,757.3900146484375,0.7459829005829441
SPY261016P00570000,2026-09-15 17:14:34+00:00,570.0,0.32,0.3,0.31,-0.030000001,-8.571428,2.0,912.0,0.41968353759765625,False,REGULAR,USD,0.305,0.03278688524590167,0.305,mid,0.43006768497824666,2026-10-16,put,0.08493150684931507,757.3900146484375,0.7525845191721738
SPY261016P00575000,2026-09-15 15:32:29+00:00,575.0,0.36,0.32,0.33,0.04000002,12.500007,64.0,977.0,0.4116269775390625,False,REGULAR,USD,0.325,0.030769230769230795,0.325,mid,0.42194194627404213,2026-10-16,put,0.08493150684931507,757.3900146484375,0.7591861377614034
SPY261016P00580000,2026-09-15 19:43:11+00:00,580.0,0.38,0.34,0.35,0.030000001,8.571428,5.0,1720.0,0.40332627929687503,False,REGULAR,USD,0.345,0.02898550724637668,0.345,mid,0.4135935886740686,2026-10-16,put,0.08493150684931507,757.3900146484375,0.765787756350633
SPY261016P00585000,2026-09-14 13:31:09+00:00,585.0,0.45,0.37,0.38,0.0,0.0,26.0,1810.0,0.39624627197265627,False,REGULAR,USD,0.375,0.02666666666666669,0.375,mid,0.40654428832530976,2026-10-16,put,0.08493150684931507,757.3900146484375,0.7723893749398626
SPY261016P00590000,2026-09-15 19:34:55+00:00,590.0,0.42,0.39,0.4,-0.01000002,-2.325586,42.0,3207.0,0.3874572973632812,False,REGULAR,USD,0.395,0.025316455696202552,0.395,mid,0.3977295337080955,2026-10-16,put,0.08493150684931507,757.3900146484375,0.7789909935290922
SPY261016P00595000,2026-09-15 13:36:38+00:00,595.0,0.4,0.42,0.43,-0.06999999,-14.893615,1.0,1690.0,0.379889013671875,False,REGULAR,USD,0.425,0.023529411764705903,0.425,mid,0.3900707880556583,2026-10-16,put,0.08493150684931507,757.3900146484375,0.7855926121183218
SPY261016P00600000,2026-09-15 19:56:00+00:00,600.0,0.47,0.45,0.46,-0.02000001,-4.0816345,444.0,11909.0,0.372076591796875,False,REGULAR,USD,0.455,0.021978021978021997,0.455,mid,0.3821080647945404,2026-10-16,put,0.08493150684931507,757.3900146484375,0.7921942307075514
SPY261016P00605000,2026-09-15 19:36:18+00:00,605.0,0.5,0.48,0.49,0.03999999,8.69565,10.0,2515.0,0.36377589355468753,False,REGULAR,USD,0.485,0.020618556701030948,0.485,mid,0.37387295375466345,2026-10-16,put,0.08493150684931507,757.3900146484375,0.7987958492967809
SPY261016P00610000,2026-09-15 19:20:09+00:00,610.0,0.54,0.51,0.52,0.02000004,3.8461618,14.0,3739.0,0.35535312622070303,False,REGULAR,USD,0.515,0.019417475728155355,0.515,mid,0.3653919784724712,2026-10-16,put,0.08493150684931507,757.3900146484375,0.8053974678860105
SPY261016P00615000,2026-09-15 19:43:08+00:00,615.0,0.59,0.54,0.55,0.03999996,7.2727203,64.0,1206.0,0.34668622070312494,False,REGULAR,USD,0.545,0.018348623853211024,0.545,mid,0.3566868942081928,2026-10-16,put,0.08493150684931507,757.3900146484375,0.8119990864752401
SPY261016P00620000,2026-09-15 20:12:57+00:00,620.0,0.59,0.58,0.59,0.0,0.0,12.0,4265.0,0.33875172973632806,False,REGULAR,USD,0.585,0.01709401709401711,0.585,mid,0.34871672051548963,2026-10-16,put,0.08493150684931507,757.3900146484375,0.8186007050644697
SPY261016P00625000,2026-09-15 19:57:23+00:00,625.0,0.65,0.62,0.63,0.029999971,4.838705,311.0,156864.0,0.3305731005859375,False,REGULAR,USD,0.625,0.016000000000000014,0.625,mid,0.34043988705873485,2026-10-16,put,0.08493150684931507,757.3900146484375,0.8252023236536993
SPY261016P00630000,2026-09-15 19:58:30+00:00,630.0,0.7,0.67,0.68,0.0,0.0,1106.0,33290.0,0.3227606787109374,False,REGULAR,USD,0.675,0.014814814814814828,0.675,mid,0.3326990376502275,2026-10-16,put,0.08493150684931507,757.3900146484375,0.831803942242929
SPY261016P00635000,2026-09-15 20:00:01+00:00,635.0,0.74,0.71,0.72,0.0,0.0,1578.0,1892.0,0.3139717041015625,False,REGULAR,USD,0.715,0.013986013986014,0.715,mid,0.32383734531402586,2026-10-16,put,0.08493150684931507,757.3900146484375,0.8384055608321586
SPY261016P00640000,2026-09-15 19:57:38+00:00,640.0,0.81,0.77,0.78,0.07999998,10.958901,1353.0,4918.0,0.3064034204101562,False,REGULAR,USD,0.775,0.012903225806451623,0.775,mid,0.31616310276389126,2026-10-16,put,0.08493150684931507,757.3900146484375,0.8450071794213881
SPY261016P00645000,2026-09-15 19:50:58+00:00,645.0,0.87,0.82,0.83,0.07999998,10.126579,2297.0,5101.0,0.29761444580078117,False,REGULAR,USD,0.825,0.012121212121212133,0.825,mid,0.30742925983369357,2026-10-16,put,0.08493150684931507,757.3900146484375,0.8516087980106177
SPY261016P00650000,2026-09-15 20:13:50+00:00,650.0,0.89,0.89,0.9,-0.00999999,-1.1111101,5960.0,22261.0,0.28992409301757804,False,REGULAR,USD,0.895,0.011173184357541908,0.895,mid,0.2996440058529378,2026-10-16,put,0.08493150684931507,757.3900146484375,0.8582104165998473
SPY261016P00655000,2026-09-15 20:11:19+00:00,655.0,0.97,0.96,0.97,-0.059999943,-5.8252373,4621.0,9810.0,0.28174546386718746,False,REGULAR,USD,0.965,0.010362694300518144,0.965,mid,0.29143385375887154,2026-10-16,put,0.08493150684931507,757.3900146484375,0.8648120351890769
SPY261016P00660000,2026-09-15 20:00:53+00:00,660.0,1.07,1.04,1.05,0.01000011,0.94340664,1804.0,7629.0,0.27368890380859373,False,REGULAR,USD,1.045,0.00956937799043063,1.045,mid,0.2833615346491337,2026-10-16,put,0.08493150684931507,757.3900146484375,0.8714136537783065
SPY261016P00665000,2026-09-15 19:50:57+00:00,665.0,1.2,1.13,1.14,0.120000005,11.111111,686.0,4183.0,0.26563234375,False,REGULAR,USD,1.1349999999999998,0.008810572687224679,1.1349999999999998,mid,0.27534375269860034,2026-10-16,put,0.08493150684931507,757.3900146484375,0.8780152723675361
SPY261016P00670000,2026-09-15 20:04:41+00:00,670.0,1.25,1.23,1.24,0.0,0.0,2736.0,13369.0,0.25757578369140627,False,REGULAR,USD,1.2349999999999999,0.008097165991902843,1.2349999999999999,mid,0.2673077916949987,2026-10-16,put,0.08493150684931507,757.3900146484375,0.8846168909567657
SPY261016P00675000,2026-09-15 19:54:54+00:00,675.0,1.43,1.35,1.36,0.14999998,11.718749,593.0,14194.0,0.24988543090820312,False,REGULAR,USD,1.355,0.007380073800738014,1.355,mid,0.2596031513839961,2026-10-16,put,0.08493150684931507,757.3900146484375,0.8912185095459952
SPY261016P00680000,2026-09-15 20:13:50+00:00,680.0,1.48,1.48,1.49,0.03999996,2.777775,1604.0,27167.0,0.24195093994140626,False,REGULAR,USD,1.4849999999999999,0.006734006734006741,1.4849999999999999,mid,0.2516979454547167,2026-10-16,put,0.08493150684931507,757.3900146484375,0.8978201281352248
SPY261016P00685000,2026-09-15 20:10:51+00:00,685.0,1.64,1.64,1.65,0.00999999,0.61349636,784.0,16920.0,0.23444369079589844,False,REGULAR,USD,1.645,0.0060790273556231055,1.645,mid,0.24424810990393164,2026-10-16,put,0.08493150684931507,757.3900146484375,0.9044217467244545
SPY261016P00690000,2026-09-15 20:11:33+00:00,690.0,1.83,1.82,1.83,0.07000005,3.9772756,711.0,12157.0,0.22687540710449217,False,REGULAR,USD,1.8250000000000002,0.005479452054794525,1.8250000000000002,mid,0.23672865006998184,2026-10-16,put,0.08493150684931507,757.3900146484375,0.9110233653136841
SPY261016P00695000,2026-09-15 20:10:51+00:00,695.0,2.04,2.02,2.04,0.07999992,4.081629,1297.0,7710.0,0.21936815795898437,False,REGULAR,USD,2.0300000000000002,0.00985221674876848,2.0300000000000002,mid,0.22918959560096264,2026-10-16,put,0.08493150684931507,757.3900146484375,0.9176249839029137
SPY261016P00700000,2026-09-15 20:14:25+00:00,700.0,2.27,2.26,2.28,0.07999992,3.6529644,8381.0,27306.0,0.21186090881347652,False,REGULAR,USD,2.2699999999999996,0.008810572687224679,2.2699999999999996,mid,0.2217785022944212,2026-10-16,put,0.08493150684931507,757.3900146484375,0.9242266024921433
SPY261016P00701000,2026-09-15 20:01:13+00:00,701.0,2.37,2.31,2.33,0.31999993,15.609753,63.0,2835.0,0.21030452789306642,False,REGULAR,USD,2.3200000000000003,0.00862068965517242,2.3200000000000003,mid,0.22023879610300068,2026-10-16,put,0.08493150684931507,757.3900146484375,0.9255469262099891
SPY261016P00702000,2026-09-15 19:14:21+00:00,702.0,2.52,2.37,2.39,0.37999988,17.757004,134.0,1132.0,0.2089312506103515,False,REGULAR,USD,2.38,0.008403361344537823,2.38,mid,0.21891865413039924,2026-10-16,put,0.08493150684931507,757.3900146484375,0.9268672499278351
SPY261016P00703000,2026-09-15 19:48:05+00:00,703.0,2.61,2.42,2.45,0.41999984,19.178074,179.0,1172.0,0.2075579733276367,False,REGULAR,USD,2.435,0.012320328542094557,2.435,mid,0.21742737574428325,2026-10-16,put,0.08493150684931507,757.3900146484375,0.928187573645681
SPY261016P00704000,2026-09-15 17:29:22+00:00,704.0,2.73,2.48,2.5,0.45000005,19.736843,51.0,1522.0,0.20587952331542966,False,REGULAR,USD,2.49,0.008032128514056231,2.49,mid,0.2158962375491858,2026-10-16,put,0.08493150684931507,757.3900146484375,0.9295078973635269
SPY261016P00705000,2026-09-15 20:00:17+00:00,705.0,2.63,2.54,2.56,0.24000001,10.041841,5598.0,6687.0,0.20441469421386715,False,REGULAR,USD,2.55,0.007843137254901968,2.55,mid,0.21444735211879015,2026-10-16,put,0.08493150684931507,757.3900146484375,0.9308282210813729
SPY261016P00706000,2026-09-15 19:52:14+00:00,706.0,2.82,2.6,2.63,0.45000005,18.987345,350.0,1100.0,0.20310245147705075,False,REGULAR,USD,2.615,0.011472275334607955,2.615,mid,0.213074833612144,2026-10-16,put,0.08493150684931507,757.3900146484375,0.9321485447992187
SPY261016P00707000,2026-09-15 19:35:52+00:00,707.0,2.86,2.67,2.69,0.42999983,17.695467,200.0,1014.0,0.20154607055664062,False,REGULAR,USD,2.6799999999999997,0.007462686567164187,2.6799999999999997,mid,0.21165615968182683,2026-10-16,put,0.08493150684931507,757.3900146484375,0.9334688685170647
SPY261016P00708000,2026-09-15 19:19:49+00:00,708.0,2.9,2.73,2.76,0.2800002,10.687032,1531.0,1753.0,0.20014227600097656,False,REGULAR,USD,2.745,0.010928961748633809,2.745,mid,0.210192187127471,2026-10-16,put,0.08493150684931507,757.3900146484375,0.9347891922349106
SPY261016P00709000,2026-09-15 19:25:35+00:00,709.0,3.0,2.8,2.83,0.30999994,11.524161,48.0,1670.0,0.19873848144531248,False,REGULAR,USD,2.815,0.010657193605683925,2.815,mid,0.20879653503075246,2026-10-16,put,0.08493150684931507,757.3900146484375,0.9361095159527565
SPY261016P00710000,2026-09-15 20:00:37+00:00,710.0,2.96,2.87,2.9,0.21000004,7.636365,1791.0,12105.0,0.19724313507080077,False,REGULAR,USD,2.885,0.010398613518197507,2.885,mid,0.20735323742404588,2026-10-16,put,0.08493150684931507,757.3900146484375,0.9374298396706024
SPY261016P00711000,2026-09-15 19:19:49+00:00,711.0,3.12,2.95,2.97,0.4499998,16.853926,257.0,3779.0,0.19568675415039063,False,REGULAR,USD,2.96,0.006756756756756763,2.96,mid,0.2059718901559711,2026-10-16,put,0.08493150684931507,757.3900146484375,0.9387501633884484
SPY261016P00712000,2026-09-15 19:19:49+00:00,712.0,3.2,3.02,3.05,0.31999993,11.111108,52.0,847.0,0.194343994140625,False,REGULAR,USD,3.035,0.009884678747940627,3.035,mid,0.2045407740049064,2026-10-16,put,0.08493150684931507,757.3900146484375,0.9400704871062943
SPY261016P00713000,2026-09-15 19:34:55+00:00,713.0,3.31,3.09,3.12,0.3599999,12.203385,22.0,1310.0,0.1926960614013672,False,REGULAR,USD,3.105,0.00966183574879235,3.105,mid,0.20295588094592099,2026-10-16,put,0.08493150684931507,757.3900146484375,0.9413908108241402
SPY261016P00714000,2026-09-15 18:49:23+00:00,714.0,3.45,3.18,3.2,0.5,16.949152,95.0,1247.0,0.1912312322998047,False,REGULAR,USD,3.1900000000000004,0.006269592476489033,3.1900000000000004,mid,0.20163573897331952,2026-10-16,put,0.08493150684931507,757.3900146484375,0.9427111345419861
SPY261016P00715000,2026-09-15 20:03:03+00:00,715.0,3.34,3.26,3.29,0.25,8.090615,1826.0,9416.0,0.1899189895629883,False,REGULAR,USD,3.275,0.009160305343511527,3.275,mid,0.20026102258935574,2026-10-16,put,0.08493150684931507,757.3900146484375,0.944031458259832
SPY261016P00716000,2026-09-15 19:03:21+00:00,716.0,3.51,3.35,3.37,0.3599999,11.428568,359.0,1271.0,0.18836260864257812,False,REGULAR,USD,3.3600000000000003,0.005952380952380957,3.3600000000000003,mid,0.19883273760229347,2026-10-16,put,0.08493150684931507,757.3900146484375,0.945351781977678
SPY261016P00717000,2026-09-15 18:53:48+00:00,717.0,3.67,3.43,3.46,0.52,16.507936,230.0,1405.0,0.18692829681396483,False,REGULAR,USD,3.4450000000000003,0.008708272859216198,3.4450000000000003,mid,0.19735181531608104,2026-10-16,put,0.08493150684931507,757.3900146484375,0.9466721056955238
SPY261016P00718000,2026-09-15 19:57:38+00:00,718.0,3.75,3.53,3.56,0.56999993,17.924526,165.0,1636.0,0.18561605407714843,False,REGULAR,USD,3.545,0.00846262341325818,3.545,mid,0.1961066619373858,2026-10-16,put,0.08493150684931507,757.3900146484375,0.9479924294133698
SPY261016P00719000,2026-09-15 19:59:21+00:00,719.0,3.78,3.63,3.65,0.3599999,10.526312,75.0,1352.0,0.18405967315673827,False,REGULAR,USD,3.6399999999999997,0.0054945054945055,3.6399999999999997,mid,0.19470635332092645,2026-10-16,put,0.08493150684931507,757.3900146484375,0.9493127531312157
SPY261016P00720000,2026-09-15 20:08:19+00:00,720.0,3.78,3.73,3.75,0.27999997,7.999999,18436.0,26184.0,0.18265587860107418,False,REGULAR,USD,3.74,0.0053475935828877046,3.74,mid,0.1933419185325503,2026-10-16,put,0.08493150684931507,757.3900146484375,0.9506330768490616
SPY261016P00721000,2026-09-15 19:52:58+00:00,721.0,4.16,3.83,3.85,0.75999975,22.352934,313.0,1117.0,0.18116053222656248,False,REGULAR,USD,3.84,0.005208333333333338,3.84,mid,0.19191858808249238,2026-10-16,put,0.08493150684931507,757.3900146484375,0.9519534005669076
SPY261016P00722000,2026-09-15 19:58:36+00:00,722.0,4.15,3.93,3.96,0.45000005,12.162163,5237.0,23006.0,0.17978725494384767,False,REGULAR,USD,3.9450000000000003,0.007604562737642535,3.9450000000000003,mid,0.19052654944509267,2026-10-16,put,0.08493150684931507,757.3900146484375,0.9532737242847534
SPY261016P00723000,2026-09-15 19:57:38+00:00,723.0,4.29,4.04,4.07,0.49,12.894737,193.0,5341.0,0.1783834603881836,False,REGULAR,USD,4.055,0.007398273736128298,4.055,mid,0.18916204015240073,2026-10-16,put,0.08493150684931507,757.3900146484375,0.9545940480025994
SPY261016P00724000,2026-09-15 20:01:41+00:00,724.0,4.25,4.15,4.18,0.3499999,8.974357,13119.0,13349.0,0.17688811401367188,False,REGULAR,USD,4.165,0.007202881152460831,4.165,mid,0.18773535700812938,2026-10-16,put,0.08493150684931507,757.3900146484375,0.9559143717204454
SPY261016P00725000,2026-09-15 20:13:48+00:00,725.0,4.26,4.27,4.3,0.24000025,5.9701552,1152.0,37582.0,0.1754843194580078,False,REGULAR,USD,4.285,0.007001166861143581,4.285,mid,0.18641677962616082,2026-10-16,put,0.08493150684931507,757.3900146484375,0.9572346954382912
SPY261016P00726000,2026-09-15 20:00:06+00:00,726.0,4.55,4.39,4.42,0.4300003,10.436901,366.0,10454.0,0.17401949035644532,False,REGULAR,USD,4.404999999999999,0.006810442678774177,4.404999999999999,mid,0.18503204241171478,2026-10-16,put,0.08493150684931507,757.3900146484375,0.9585550191561372
SPY261016P00727000,2026-09-15 19:59:24+00:00,727.0,4.7,4.52,4.55,0.5899997,14.355224,190.0,12163.0,0.1726767303466797,False,REGULAR,USD,4.535,0.006615214994487376,4.535,mid,0.18374583715498444,2026-10-16,put,0.08493150684931507,757.3900146484375,0.959875342873983
SPY261016P00728000,2026-09-15 20:00:32+00:00,728.0,4.79,4.65,4.68,0.42999983,9.862382,259.0,24049.0,0.17124241851806643,False,REGULAR,USD,4.665,0.006430868167202435,4.665,mid,0.18238993311077353,2026-10-16,put,0.08493150684931507,757.3900146484375,0.961195666591829
SPY261016P00729000,2026-09-15 19:59:21+00:00,729.0,4.99,4.78,4.81,0.5499997,12.387381,524.0,1558.0,0.1697165548706055,False,REGULAR,USD,4.795,0.0062565172054221815,4.795,mid,0.1809652615830302,2026-10-16,put,0.08493150684931507,757.3900146484375,0.9625159903096749
SPY261016P00730000,2026-09-15 20:13:48+00:00,730.0,4.9,4.91,4.95,0.3000002,6.5217433,4691.0,36770.0,0.16831276031494147,False,REGULAR,USD,4.93,0.00811359026369169,4.93,mid,0.17955061088576912,2026-10-16,put,0.08493150684931507,757.3900146484375,0.9638363140275208
SPY261016P00731000,2026-09-15 20:09:21+00:00,731.0,5.16,5.06,5.09,0.42000008,8.860762,343.0,1370.0,0.16681741394042973,False,REGULAR,USD,5.074999999999999,0.005911330049261134,5.074999999999999,mid,0.1782196099091321,2026-10-16,put,0.08493150684931507,757.3900146484375,0.9651566377453668
SPY261016P00732000,2026-09-15 19:49:40+00:00,732.0,5.52,5.2,5.24,0.71000004,14.760915,511.0,36575.0,0.16538310211181645,False,REGULAR,USD,5.220000000000001,0.007662835249042151,5.220000000000001,mid,0.1768148869119584,2026-10-16,put,0.08493150684931507,757.3900146484375,0.9664769614632126
SPY261016P00733000,2026-09-15 20:04:34+00:00,733.0,5.45,5.36,5.4,0.42999983,8.565734,1062.0,3480.0,0.16404034210205082,False,REGULAR,USD,5.380000000000001,0.007434944237918221,5.380000000000001,mid,0.17555991758964956,2026-10-16,put,0.08493150684931507,757.3900146484375,0.9677972851810586
SPY261016P00734000,2026-09-15 19:45:18+00:00,734.0,5.98,5.52,5.56,0.8299999,16.116503,1727.0,2748.0,0.1626060302734375,False,REGULAR,USD,5.539999999999999,0.007220216606498202,5.539999999999999,mid,0.17422589918822048,2026-10-16,put,0.08493150684931507,757.3900146484375,0.9691176088989045
SPY261016P00735000,2026-09-15 20:10:23+00:00,735.0,5.73,5.69,5.72,0.4499998,8.522723,2376.0,25234.0,0.16108016662597657,False,REGULAR,USD,5.705,0.005258545135845638,5.705,mid,0.1728856410503387,2026-10-16,put,0.08493150684931507,757.3900146484375,0.9704379326167504
SPY261016P00736000,2026-09-15 19:54:32+00:00,736.0,6.28,5.83,5.93,0.8100004,14.808053,270.0,26603.0,0.1601646484375,False,REGULAR,USD,5.88,0.017006802721088374,5.88,mid,0.1716075195118785,2026-10-16,put,0.08493150684931507,757.3900146484375,0.9717582563345963
SPY261016P00737000,2026-09-15 19:43:41+00:00,737.0,6.54,6.01,6.1,0.90999985,16.163406,51.0,2738.0,0.15860826751708984,False,REGULAR,USD,6.055,0.014863748967795187,6.055,mid,0.17024628840908407,2026-10-16,put,0.08493150684931507,757.3900146484375,0.9730785800524423
SPY261016P00738000,2026-09-15 19:54:54+00:00,738.0,6.65,6.2,6.29,0.96000004,16.871704,153.0,6542.0,0.1572502488708496,False,REGULAR,USD,6.245,0.01441152922337868,6.245,mid,0.16900918149650096,2026-10-16,put,0.08493150684931507,757.3900146484375,0.9743989037702881
SPY261016P00739000,2026-09-15 19:54:47+00:00,739.0,6.83,6.38,6.48,0.9899998,16.952051,179.0,2478.0,0.15580067840576173,False,REGULAR,USD,6.43,0.015552099533437098,6.43,mid,0.1676165468245745,2026-10-16,put,0.08493150684931507,757.3900146484375,0.9757192274881341
SPY261016P00740000,2026-09-15 20:14:50+00:00,740.0,6.63,6.58,6.67,0.48000002,7.8048778,3948.0,27360.0,0.15424429748535157,False,REGULAR,USD,6.625,0.013584905660377337,6.625,mid,0.16627261934913695,2026-10-16,put,0.08493150684931507,757.3900146484375,0.97703955120598
SPY261016P00741000,2026-09-15 19:40:02+00:00,741.0,7.35,6.78,6.89,1.0499997,16.666662,239.0,3446.0,0.15299308929443362,False,REGULAR,USD,6.835,0.016093635698610012,6.835,mid,0.16503843673095103,2026-10-16,put,0.08493150684931507,757.3900146484375,0.9783598749238259
SPY261016P00742000,2026-09-15 19:49:35+00:00,742.0,7.45,7.0,7.1,0.90999985,13.914371,227.0,5885.0,0.15152826019287113,False,REGULAR,USD,7.05,0.014184397163120517,7.05,mid,0.16377622186392546,2026-10-16,put,0.08493150684931507,757.3900146484375,0.9796801986416719
SPY261016P00743000,2026-09-15 20:14:55+00:00,743.0,7.27,7.21,7.33,0.69000006,10.486323,266.0,2178.0,0.1501855001831055,False,REGULAR,USD,7.27,0.01650618982118296,7.27,mid,0.16248398175761097,2026-10-16,put,0.08493150684931507,757.3900146484375,0.9810005223595177
SPY261016P00744000,2026-09-15 19:45:03+00:00,744.0,8.04,7.44,7.55,1.29,19.11111,138.0,2418.0,0.14862911926269531,False,REGULAR,USD,7.495,0.014676450967311464,7.495,mid,0.16115966754332184,2026-10-16,put,0.08493150684931507,757.3900146484375,0.9823208460773637
SPY261016P00745000,2026-09-15 20:13:16+00:00,745.0,7.74,7.69,7.78,0.5899997,8.251744,838.0,43469.0,0.14710325561523438,False,REGULAR,USD,7.735,0.011635423400129264,7.735,mid,0.15992684462890033,2026-10-16,put,0.08493150684931507,757.3900146484375,0.9836411697952097
SPY261016P00746000,2026-09-15 20:02:57+00:00,746.0,8.11,7.92,8.03,0.75999975,10.340133,1364.0,1939.0,0.1457299783325195,False,REGULAR,USD,7.975,0.01379310344827579,7.975,mid,0.1585927517231554,2026-10-16,put,0.08493150684931507,757.3900146484375,0.9849614935130555
SPY261016P00747000,2026-09-15 19:54:10+00:00,747.0,8.8,8.18,8.29,1.19,15.6373205,443.0,2905.0,0.14432618377685547,False,REGULAR,USD,8.235,0.013357619914996895,8.235,mid,0.15740325306840236,2026-10-16,put,0.08493150684931507,757.3900146484375,0.9862818172309015
SPY261016P00748000,2026-09-15 20:05:20+00:00,748.0,8.61,8.44,8.55,0.7499995,9.541979,218.0,2419.0,0.14283083740234376,False,REGULAR,USD,8.495000000000001,0.012948793407887132,8.495000000000001,mid,0.15610719461590053,2026-10-16,put,0.08493150684931507,757.3900146484375,0.9876021409487473
SPY261016P00749000,2026-09-15 19:43:22+00:00,749.0,9.41,8.71,8.82,1.4899998,18.813128,512.0,1714.0,0.14135074966430666,False,REGULAR,USD,8.765,0.012549914432401532,8.765,mid,0.1548248635835946,2026-10-16,put,0.08493150684931507,757.3900146484375,0.9889224646665933
SPY261016P00750000,2026-09-15 20:14:35+00:00,750.0,9.05,9.01,9.11,0.7399998,8.904931,7470.0,29747.0,0.1399622137451172,False,REGULAR,USD,9.059999999999999,0.011037527593818947,9.059999999999999,mid,0.15373158725276587,2026-10-16,put,0.08493150684931507,757.3900146484375,0.9902427883844392
SPY261016P00751000,2026-09-15 20:09:21+00:00,751.0,9.46,9.29,9.4,1.2399998,15.085155,373.0,2180.0,0.13846686737060548,False,REGULAR,USD,9.344999999999999,0.011771000535045609,9.344999999999999,mid,0.1524046653874218,2026-10-16,put,0.08493150684931507,757.3900146484375,0.9915631121022851
SPY261016P00752000,2026-09-15 19:59:48+00:00,752.0,10.05,9.59,9.71,1.5799999,18.654072,189.0,5425.0,0.13707833145141607,False,REGULAR,USD,9.65,0.012435233160621863,9.65,mid,0.151198887539655,2026-10-16,put,0.08493150684931507,757.3900146484375,0.992883435820131
SPY261016P00753000,2026-09-15 19:59:48+00:00,753.0,10.24,9.91,10.03,1.0500002,11.425465,2558.0,27446.0,0.13565927825927737,False,REGULAR,USD,9.969999999999999,0.012036108324974848,9.969999999999999,mid,0.15004971434585757,2026-10-16,put,0.08493150684931507,757.3900146484375,0.9942037595379769
SPY261016P00754000,2026-09-15 20:14:37+00:00,754.0,10.29,10.24,10.36,0.8199997,8.658919,216.0,2075.0,0.13422496643066406,False,REGULAR,USD,10.3,0.011650485436893128,10.3,mid,0.1488946925632656,2026-10-16,put,0.08493150684931507,757.3900146484375,0.9955240832558229
SPY261016P00755000,2026-09-15 20:14:16+00:00,755.0,10.68,10.62,10.72,0.94000053,9.650929,7839.0,25560.0,0.1330042755126953,False,REGULAR,USD,10.67,0.009372071227741464,10.67,mid,0.14807652341872454,2026-10-16,put,0.08493150684931507,757.3900146484375,0.9968444069736688
SPY261016P00756000,2026-09-15 20:11:24+00:00,756.0,10.98,10.94,11.08,0.87999916,8.712863,198.0,1798.0,0.13163099822998048,False,REGULAR,USD,11.01,0.012715712988192605,11.01,mid,0.14678385491259394,2026-10-16,put,0.08493150684931507,757.3900146484375,0.9981647306915147
SPY261016P00757000,2026-09-15 20:14:42+00:00,757.0,11.39,11.3,11.44,1.0900002,10.582525,2663.0,25334.0,0.1301051345825195,False,REGULAR,USD,11.370000000000001,0.012313104661389514,11.370000000000001,mid,0.1455912643287331,2026-10-16,put,0.08493150684931507,757.3900146484375,0.9994850544093606
SPY261016P00758000,2026-09-15 20:13:19+00:00,758.0,11.75,11.7,11.84,0.97999954,9.099345,1248.0,2572.0,0.12889970230102538,True,REGULAR,USD,11.77,0.011894647408666149,11.77,mid,0.14472207835391165,2026-10-16,put,0.08493150684931507,757.3900146484375,1.0008053781272066
SPY261016P00759000,2026-09-15 19:44:34+00:00,759.0,12.92,12.08,12.23,2.2600002,21.200754,442.0,1849.0,0.12741961456298828,True,REGULAR,USD,12.155000000000001,0.012340600575894721,12.155000000000001,mid,0.1435455061979592,2026-10-16,put,0.08493150684931507,757.3900146484375,1.0021257018450525
SPY261016P00760000,2026-09-15 20:14:02+00:00,760.0,12.55,12.5,12.65,1.0500002,9.130436,6347.0,20293.0,0.12610737182617188,True,REGULAR,USD,12.575,0.011928429423459274,12.575,mid,0.14262806005254386,2026-10-16,put,0.08493150684931507,757.3900146484375,1.0034460255628983
SPY261016P00761000,2026-09-15 19:47:18+00:00,761.0,13.76,12.92,13.09,1.8400002,15.436243,110.0,1181.0,0.1248561636352539,True,REGULAR,USD,13.004999999999999,0.013071895424836596,13.004999999999999,mid,0.14168243264965713,2026-10-16,put,0.08493150684931507,757.3900146484375,1.0047663492807444
SPY261016P00762000,2026-09-15 19:49:35+00:00,762.0,14.15,13.37,13.54,1.9299994,15.793776,57.0,1518.0,0.1235439208984375,True,REGULAR,USD,13.454999999999998,0.012634708286882197,13.454999999999998,mid,0.14081980305463074,2026-10-16,put,0.08493150684931507,757.3900146484375,1.0060866729985902
SPY261016P00763000,2026-09-15 20:01:30+00:00,763.0,14.15,13.83,14.0,1.3799992,10.80657,520.0,2237.0,0.12218590225219728,True,REGULAR,USD,13.915,0.012217031979877826,13.915,mid,0.13992429843023424,2026-10-16,put,0.08493150684931507,757.3900146484375,1.007406996716436
SPY261016P00764000,2026-09-15 20:02:01+00:00,764.0,14.65,14.15,14.67,1.4699993,11.153257,37.0,1586.0,0.12305564453125001,True,REGULAR,USD,14.41,0.03608605135322689,14.41,mid,0.13927920281141995,2026-10-16,put,0.08493150684931507,757.3900146484375,1.0087273204342821
SPY261016P00765000,2026-09-15 20:13:58+00:00,765.0,14.71,14.77,15.04,1.1099997,8.161762,618.0,13033.0,0.12029383132934571,True,REGULAR,USD,14.905,0.018114726601811446,14.905,mid,0.13848401824831968,2026-10-16,put,0.08493150684931507,757.3900146484375,1.010047644152128
SPY261016P00766000,2026-09-15 20:00:55+00:00,766.0,15.76,15.31,15.56,1.7600002,12.571431,67.0,4523.0,0.11908839904785155,True,REGULAR,USD,15.435,0.016196954972465177,15.435,mid,0.13793898192569615,2026-10-16,put,0.08493150684931507,757.3900146484375,1.0113679678699738
SPY261016P00767000,2026-09-15 20:12:46+00:00,767.0,15.94,15.7,16.1,1.3199997,9.028726,138.0,6029.0,0.11789822540283201,True,REGULAR,USD,15.9,0.02515723270440265,15.9,mid,0.13648637127950786,2026-10-16,put,0.08493150684931507,757.3900146484375,1.01268829158782
SPY261016P00768000,2026-09-15 18:20:37+00:00,768.0,16.92,16.24,16.79,1.7600002,11.609501,2.0,3451.0,0.1183254672241211,True,REGULAR,USD,16.515,0.03330305782621863,16.515,mid,0.13662055355235936,2026-10-16,put,0.08493150684931507,757.3900146484375,1.0140086153056658
SPY261016P00769000,2026-09-15 19:46:53+00:00,769.0,18.06,16.83,17.35,2.7799997,18.193716,13.0,3113.0,0.11701322448730468,True,REGULAR,USD,17.09,0.030427150380339562,17.09,mid,0.1361374675683677,2026-10-16,put,0.08493150684931507,757.3900146484375,1.0153289390235116
SPY261016P00770000,2026-09-15 20:13:58+00:00,770.0,17.47,17.54,17.85,1.2699986,7.839497,700.0,9820.0,0.1147549462890625,True,REGULAR,USD,17.695,0.017519073184515527,17.695,mid,0.135855282472074,2026-10-16,put,0.08493150684931507,757.3900146484375,1.0166492627413575
SPY261016P00771000,2026-09-15 19:30:11+00:00,771.0,19.17,17.97,18.58,3.4099998,21.637056,2.0,1469.0,0.11515167083740235,True,REGULAR,USD,18.275,0.033378932968536223,18.275,mid,0.1351179877623916,2026-10-16,put,0.08493150684931507,757.3900146484375,1.0179695864592035
SPY261016P00772000,2026-09-15 19:21:56+00:00,772.0,19.69,18.67,19.21,3.6599998,22.83219,79.0,2285.0,0.11408356628417969,True,REGULAR,USD,18.94,0.028511087645195308,18.94,mid,0.13525235629603266,2026-10-16,put,0.08493150684931507,757.3900146484375,1.0192899101770494
SPY261016P00773000,2026-09-15 20:00:32+00:00,773.0,20.0,19.28,19.87,3.0300007,17.855043,2.0,1171.0,0.11319856536865235,True,REGULAR,USD,19.575000000000003,0.030140485312899094,19.575000000000003,mid,0.13487124809436501,2026-10-16,put,0.08493150684931507,757.3900146484375,1.0206102338948952
SPY261016P00774000,2026-09-15 18:19:25+00:00,774.0,20.7,19.98,20.55,2.5300007,13.924054,4.0,1088.0,0.11237459899902343,True,REGULAR,USD,20.265,0.028127313101406377,20.265,mid,0.13502120665609835,2026-10-16,put,0.08493150684931507,757.3900146484375,1.0219305576127413
SPY261016P00775000,2026-09-15 20:04:49+00:00,775.0,21.17,20.68,21.23,2.3099995,12.24814,127.0,6882.0,0.11133701171874999,True,REGULAR,USD,20.955,0.02624671916010502,20.955,mid,0.13502783754020928,2026-10-16,put,0.08493150684931507,757.3900146484375,1.0232508813305872
SPY261016P00776000,2026-09-15 17:20:23+00:00,776.0,22.82,21.42,23.18,3.2999992,16.905735,3.0,847.0,0.12784685638427734,True,REGULAR,USD,22.3,0.07892376681614341,22.3,mid,0.14329487367942928,2026-10-16,put,0.08493150684931507,757.3900146484375,1.024571205048433
SPY261016P00777000,2026-09-15 19:00:20+00:00,777.0,23.08,22.12,24.28,1.2600002,5.77452,9.0,1232.0,0.1326685855102539,True,REGULAR,USD,23.200000000000003,0.09310344827586206,23.200000000000003,mid,0.14585305386856195,2026-10-16,put,0.08493150684931507,757.3900146484375,1.025891528766279
SPY261016P00778000,2026-09-15 19:48:04+00:00,778.0,24.27,22.94,24.59,0.6100006,2.5781937,1.0,590.0,0.12641254455566403,True,REGULAR,USD,23.765,0.06942983378918571,23.765,mid,0.1439656360350549,2026-10-16,put,0.08493150684931507,757.3900146484375,1.027211852484125
SPY261016P00779000,2026-09-15 19:00:20+00:00,779.0,24.67,23.66,25.89,-0.25,-1.0032103,4.0,633.0,0.1339808282470703,True,REGULAR,USD,24.775,0.09001009081735623,24.775,mid,0.1477968528430909,2026-10-16,put,0.08493150684931507,757.3900146484375,1.0285321762019708
SPY261016P00780000,2026-09-15 19:58:52+00:00,780.0,25.75,24.5,25.04,2.9500008,12.9386,32.0,2758.0,0.10892614715576171,True,REGULAR,USD,24.77,0.02180056519983848,24.77,mid,0.13781886234246193,2026-10-16,put,0.08493150684931507,757.3900146484375,1.0298524999198169
SPY261016P00781000,2026-09-14 17:12:18+00:00,781.0,22.14,24.22,27.5,0.0,0.0,2.0,347.0,0.13480479461669925,True,REGULAR,USD,25.86,0.12683681361175567,25.86,mid,0.1425759256575257,2026-10-16,put,0.08493150684931507,757.3900146484375,1.0311728236376627
SPY261016P00782000,2026-09-15 13:55:38+00:00,782.0,25.25,26.08,28.34,1.0499992,4.3388395,1.0,205.0,0.13556772644042972,True,REGULAR,USD,27.21,0.08305769937522975,27.21,mid,0.15092988970726726,2026-10-16,put,0.08493150684931507,757.3900146484375,1.0324931473555086
SPY261016P00783000,2026-09-11 19:46:29+00:00,783.0,21.73,25.66,29.18,0.0,0.0,16.0,145.0,0.1362391064453125,True,REGULAR,USD,27.42,0.12837345003646972,27.42,mid,0.14320993875935673,2026-10-16,put,0.08493150684931507,757.3900146484375,1.0338134710733544
SPY261016P00784000,2026-09-14 14:55:48+00:00,784.0,27.55,26.49,30.05,0.0,0.0,4.0,225.0,0.13724617645263676,True,REGULAR,USD,28.27,0.12592854616200927,28.27,mid,0.1443712002784014,2026-10-16,put,0.08493150684931507,757.3900146484375,1.0351337947912005
SPY261016P00785000,2026-09-15 15:06:36+00:00,785.0,29.99,27.34,30.92,3.7800007,14.421979,4.0,398.0,0.1381922119140625,True,REGULAR,USD,29.130000000000003,0.12289735667696539,29.130000000000003,mid,0.14559336907565595,2026-10-16,put,0.08493150684931507,757.3900146484375,1.0364541185090463
SPY261016P00786000,2026-09-03 15:53:46+00:00,786.0,19.14,28.25,31.82,0.0,0.0,31.0,114.0,0.13953497192382813,True,REGULAR,USD,30.035,0.11886132845014151,30.035,mid,0.14741578189358112,2026-10-16,put,0.08493150684931507,757.3900146484375,1.0377744422268922
SPY261016P00787000,2026-09-10 19:20:22+00:00,787.0,31.0,29.11,32.72,0.0,0.0,1.0,71.0,0.14078618011474608,True,REGULAR,USD,30.915,0.1167717936276888,30.915,mid,0.14879055415578185,2026-10-16,put,0.08493150684931507,757.3900146484375,1.0390947659447383
SPY261016P00788000,2026-09-14 15:15:15+00:00,788.0,30.62,30.03,33.64,0.0,0.0,2.0,3.0,0.14234256103515625,True,REGULAR,USD,31.835,0.11339720433485155,31.835,mid,0.15071906111948197,2026-10-16,put,0.08493150684931507,757.3900146484375,1.0404150896625841
SPY261016P00789000,2026-09-14 15:15:15+00:00,789.0,31.52,30.96,34.57,0.0,0.0,2.0,17.0,0.14399049377441403,True,REGULAR,USD,32.765,0.11017854417823895,32.765,mid,0.1527526377946138,2026-10-16,put,0.08493150684931507,757.3900146484375,1.04173541338043
SPY261016P00790000,2026-09-15 18:13:20+00:00,790.0,34.0,31.85,35.51,3.209999,10.42546,4.0,119.0,0.14576049560546872,True,REGULAR,USD,33.68,0.10866983372921606,33.68,mid,0.15449551725536584,2026-10-16,put,0.08493150684931507,757.3900146484375,1.043055737098276
SPY261016P00791000,2026-09-15 16:07:24+00:00,791.0,35.75,32.82,36.45,4.6000004,14.767257,2.0,143.0,0.147469462890625,True,REGULAR,USD,34.635000000000005,0.10480727587700309,34.635000000000005,mid,0.15683752317205069,2026-10-16,put,0.08493150684931507,757.3900146484375,1.0443760608161219
SPY261016P00792000,2026-09-15 20:01:55+00:00,792.0,36.0,33.75,37.4,4.0,12.5,1.0,2.0,0.14933101654052733,True,REGULAR,USD,35.575,0.1026001405481377,35.575,mid,0.15889458733275535,2026-10-16,put,0.08493150684931507,757.3900146484375,1.0456963845339677
SPY261016P00793000,2026-09-04 16:25:11+00:00,793.0,25.31,34.71,38.37,0.0,0.0,2.0,2.0,0.15152826019287113,True,REGULAR,USD,36.54,0.10016420361247938,36.54,mid,0.16132830806225537,2026-10-16,put,0.08493150684931507,757.3900146484375,1.0470167082518138
SPY261016P00794000,2026-08-27 13:38:18+00:00,794.0,29.48,35.65,39.33,0.0,0.0,1.0,1.0,0.15348136566162113,True,REGULAR,USD,37.489999999999995,0.09815950920245399,37.489999999999995,mid,0.16347641649693248,2026-10-16,put,0.08493150684931507,757.3900146484375,1.0483370319696597
SPY261016P00795000,2026-09-15 19:44:37+00:00,795.0,39.63,36.61,40.3,2.2999992,6.161262,1.0,25.0,0.15561757476806642,True,REGULAR,USD,38.455,0.09595631257313737,38.455,mid,0.16584513221085073,2026-10-16,put,0.08493150684931507,757.3900146484375,1.0496573556875055
SPY261016P00796000,2026-09-15 14:42:44+00:00,796.0,40.54,37.6,41.28,6.7800026,20.082947,1.0,,0.1579063702392578,True,REGULAR,USD,39.44,0.09330628803245436,39.44,mid,0.16853045401498679,2026-10-16,put,0.08493150684931507,757.3900146484375,1.0509776794053514
SPY261016P00797000,2026-08-24 15:14:53+00:00,797.0,35.9,38.6,42.26,0.0,0.0,80.0,40.0,0.1601646484375,True,REGULAR,USD,40.43,0.09052683650754383,40.43,mid,0.17128081808686257,2026-10-16,put,0.08493150684931507,757.3900146484375,1.0522980031231974
SPY261016P00798000,2026-09-03 19:41:46+00:00,798.0,27.23,39.58,43.25,0.0,0.0,2.0,28.0,0.1626060302734375,True,REGULAR,USD,41.415,0.08861523602559464,41.415,mid,0.17392289013564582,2026-10-16,put,0.08493150684931507,757.3900146484375,1.0536183268410433
SPY261016P00799000,2026-08-19 15:20:40+00:00,799.0,30.8,40.63,44.23,0.0,0.0,,100.0,0.16483379119873048,True,REGULAR,USD,42.43,0.08484562809333006,42.43,mid,0.17707688133865596,2026-10-16,put,0.08493150684931507,757.3900146484375,1.0549386505588891
SPY261016P00800000,2026-09-15 19:44:37+00:00,800.0,44.58,41.56,45.22,4.470001,11.144356,11.0,488.0,0.16724465576171876,True,REGULAR,USD,43.39,0.084351233002996,43.39,mid,0.17923378128260378,2026-10-16,put,0.08493150684931507,757.3900146484375,1.0562589742767352
SPY261016P00805000,2026-09-14 18:39:25+00:00,805.0,44.09,46.52,50.42,0.0,0.0,5.0,18.0,0.18412070770263672,True,REGULAR,USD,48.47,0.0804621415308438,48.47,mid,0.19482831688597796,2026-10-16,put,0.08493150684931507,757.3900146484375,1.0628605928659647
SPY261016P00810000,2026-09-14 16:47:06+00:00,810.0,48.61,51.51,55.4,0.0,0.0,1.0,83.0,0.196297099609375,True,REGULAR,USD,53.455,0.07277149003835003,53.455,mid,0.20835807713195686,2026-10-16,put,0.08493150684931507,757.3900146484375,1.0694622114551944
SPY261016P00815000,2026-09-14 17:06:38+00:00,815.0,53.62,56.51,60.39,0.0,0.0,4.0,8.0,0.20838193969726557,True,REGULAR,USD,58.45,0.06638152266894785,58.45,mid,0.22175700779929758,2026-10-16,put,0.08493150684931507,757.3900146484375,1.0760638300444239
SPY261016P00820000,2026-09-14 17:02:28+00:00,820.0,58.51,61.51,65.39,0.0,0.0,8.0,9.0,0.220436262512207,True,REGULAR,USD,63.45,0.06115051221434204,63.45,mid,0.2349729558669031,2026-10-16,put,0.08493150684931507,757.3900146484375,1.0826654486336535
SPY261016P00825000,2026-09-01 19:34:40+00:00,825.0,63.65,66.5,70.38,0.0,0.0,,1.0,0.23200230895996093,True,REGULAR,USD,68.44,0.056691992986557506,68.44,mid,0.24772749870643018,2026-10-16,put,0.08493150684931507,757.3900146484375,1.089267067222883
SPY261016P00830000,2026-09-15 14:51:56+00:00,830.0,75.05,71.55,75.38,2.0,2.7378507,3.0,50.0,0.24359887268066405,True,REGULAR,USD,73.465,0.05213366909412643,73.465,mid,0.26098550446033486,2026-10-16,put,0.08493150684931507,757.3900146484375,1.0958686858121127
SPY261016P00835000,2026-09-14 16:57:46+00:00,835.0,73.56,76.54,80.16,0.0,0.0,4.0,4.0,0.24945818908691403,True,REGULAR,USD,78.35,0.04620293554562847,78.35,mid,0.270987187333405,2026-10-16,put,0.08493150684931507,757.3900146484375,1.1024703044013424
SPY261016P00840000,2026-08-18 14:05:48+00:00,840.0,71.36,81.52,85.16,0.0,0.0,1.0,1.0,0.26047492462158206,True,REGULAR,USD,83.34,0.04367650587952964,83.34,mid,0.2830289473831654,2026-10-16,put,0.08493150684931507,757.3900146484375,1.109071922990572
SPY261016P00845000,2026-09-09 20:00:19+00:00,845.0,83.59,86.47,90.15,0.0,0.0,1.0,1.0,0.271064418334961,True,REGULAR,USD,88.31,0.04167138489412305,88.31,mid,0.29441387738436464,2026-10-16,put,0.08493150684931507,757.3900146484375,1.1156735415798016
SPY261016P00850000,2026-09-14 16:59:34+00:00,850.0,88.55,91.48,95.15,0.0,0.0,4.0,11.0,0.28174546386718746,True,REGULAR,USD,93.315,0.0393291539409527,93.315,mid,0.3064227065265178,2026-10-16,put,0.08493150684931507,757.3900146484375,1.122275160169031
SPY261016P00855000,2026-09-09 20:00:19+00:00,855.0,93.54,96.48,100.15,0.0,0.0,1.0,1.0,0.29224340576171864,True,REGULAR,USD,98.315,0.03732899354116871,98.315,mid,0.3181528522752226,2026-10-16,put,0.08493150684931507,757.3900146484375,1.1288767787582608
SPY261016P00865000,2026-08-20 14:19:47+00:00,865.0,99.46,106.47,110.14,0.0,0.0,1.0,0.0,0.3125679095458984,True,REGULAR,USD,108.305,0.03388578551313422,108.305,mid,0.34090930150076737,2026-10-16,put,0.08493150684931507,757.3900146484375,1.14208001593672
SPY261016P00880000,2026-09-11 16:57:35+00:00,880.0,115.9,121.46,125.13,0.0,0.0,,91.0,0.3421086297607422,True,REGULAR,USD,123.29499999999999,0.029766008353947864,123.29499999999999,mid,0.3741135281905531,2026-10-16,put,0.08493150684931507,757.3900146484375,1.1618848717044086
SPY261016P00895000,2026-09-14 17:01:17+00:00,895.0,133.43,136.53,140.12,0.0,0.0,4.0,4.0,0.37055072814941403,True,REGULAR,USD,138.325,0.02595337068498105,138.325,mid,0.4072825515910984,2026-10-16,put,0.08493150684931507,757.3900146484375,1.1816897274720974
SPY261016P00930000,2026-09-02 19:18:14+00:00,930.0,164.9,171.52,175.1,0.0,0.0,,1.0,0.43329424133300787,True,REGULAR,USD,173.31,0.02065662685361482,173.31,mid,0.4787627372637392,2026-10-16,put,0.08493150684931507,757.3900146484375,1.2279010575967046
SPY261016P01000000,2026-06-22 14:16:54+00:00,1000.0,250.79,259.32,262.51,0.0,0.0,,0.0,0.9103402520751953,True,REGULAR,USD,260.91499999999996,0.01222620393614778,260.91499999999996,mid,0.9734052719481289,2026-10-16,put,0.08493150684931507,757.3900146484375,1.3203237178459188
SPY261120C00350000,2026-07-13 14:16:50+00:00,350.0,404.55,414.25,416.95,0.0,0.0,,1.0,1.2232704852294922,True,REGULAR,USD,415.6,0.00649663137632336,415.6,mid,1.1455075141787532,2026-11-20,call,0.18082191780821918,757.3900146484375,0.46211330124607164
SPY261120C00410000,2026-07-13 14:16:50+00:00,410.0,345.76,355.02,357.71,0.0,0.0,,1.0,1.0277758572387699,True,REGULAR,USD,356.365,0.007548440503416434,356.365,mid,0.9525488816201686,2026-11-20,call,0.18082191780821918,757.3900146484375,0.5413327243168268
SPY261120C00430000,2026-07-29 17:09:23+00:00,430.0,311.32,340.02,343.54,0.0,0.0,,1.0,1.0914962417602543,True,REGULAR,USD,341.78,0.010299022763181108,341.78,mid,1.03871007733047,2026-11-20,call,0.18082191780821918,757.3900146484375,0.5677391986737451
SPY261120C00490000,2026-07-27 18:49:52+00:00,490.0,254.08,280.74,284.26,0.0,0.0,20.0,33.0,0.9015207601928711,True,REGULAR,USD,282.5,0.012460176991150379,282.5,mid,0.8502546781301498,2026-11-20,call,0.18082191780821918,757.3900146484375,0.6469586217445003
SPY261120C00530000,2026-09-10 13:55:06+00:00,530.0,231.1,229.36,233.15,0.0,0.0,2.0,85.0,0.5394943511962893,True,REGULAR,USD,231.255,0.01638883483600351,231.255,mid,0.2969065833091736,2026-11-20,call,0.18082191780821918,757.3900146484375,0.699771570458337
SPY261120C00535000,2026-09-10 19:06:53+00:00,535.0,226.03,224.44,228.21,0.0,0.0,4.0,10.0,0.5299119274902344,True,REGULAR,USD,226.325,0.01665746161493432,226.325,mid,0.3057841897010803,2026-11-20,call,0.18082191780821918,757.3900146484375,0.7063731890475666
SPY261120C00540000,2026-09-10 18:48:39+00:00,540.0,221.08,219.52,223.26,0.0,0.0,4.0,8.0,0.5202074346923828,True,REGULAR,USD,221.39,0.016893265278467774,221.39,mid,0.30813326954841613,2026-11-20,call,0.18082191780821918,757.3900146484375,0.7129748076367962
SPY261120C00545000,2026-09-14 17:07:26+00:00,545.0,220.49,214.6,218.38,0.0,0.0,1.0,5.0,0.5114489773559571,True,REGULAR,USD,216.49,0.017460390780174608,216.49,mid,0.3163725972175599,2026-11-20,call,0.18082191780821918,757.3900146484375,0.7195764262260258
SPY261120C00550000,2026-09-15 16:55:02+00:00,550.0,211.22,209.68,213.46,-4.199997,-1.9496783,1.0,24.0,0.5021106918334962,True,REGULAR,USD,211.57,0.017866427187219366,211.57,mid,0.3169145095348359,2026-11-20,call,0.18082191780821918,757.3900146484375,0.7261780448152554
SPY261120C00555000,2026-09-15 16:55:02+00:00,555.0,206.34,204.76,208.55,-3.2700043,-1.5600421,1.0,12.0,0.539189178466797,True,REGULAR,USD,206.655,0.018339744985604124,206.655,mid,0.3168169534206391,2026-11-20,call,0.18082191780821918,757.3900146484375,0.732779663404485
SPY261120C00560000,2026-09-14 19:55:24+00:00,560.0,204.65,199.85,203.64,0.0,0.0,1.0,16.0,0.5289353747558594,True,REGULAR,USD,201.745,0.01878609135294551,201.745,mid,0.3161673724651337,2026-11-20,call,0.18082191780821918,757.3900146484375,0.7393812819937146
SPY261120C00565000,2026-09-15 17:03:03+00:00,565.0,196.11,194.93,198.73,-5.279999,-2.621778,5.0,12.0,0.5186510537719727,True,REGULAR,USD,196.82999999999998,0.019306000101610443,196.82999999999998,mid,0.3139048439264298,2026-11-20,call,0.18082191780821918,757.3900146484375,0.7459829005829441
SPY261120C00570000,2026-09-10 18:48:55+00:00,570.0,191.65,190.04,193.8,0.0,0.0,4.0,5.0,0.5079700082397461,True,REGULAR,USD,191.92000000000002,0.01959149645685712,191.92000000000002,mid,0.3114647513628006,2026-11-20,call,0.18082191780821918,757.3900146484375,0.7525845191721738
SPY261120C00575000,2026-09-10 19:57:05+00:00,575.0,187.94,185.14,188.89,0.0,0.0,5.0,5.0,0.4977162045288086,True,REGULAR,USD,187.015,0.020051867497259578,187.015,mid,0.3088289517164231,2026-11-20,call,0.18082191780821918,757.3900146484375,0.7591861377614034
SPY261120C00580000,2026-09-15 14:00:18+00:00,580.0,183.44,180.24,183.99,1.5800018,0.8688012,1.0,52.0,0.4876455044555664,True,REGULAR,USD,182.115,0.02059138456469813,182.115,mid,0.3059876298904419,2026-11-20,call,0.18082191780821918,757.3900146484375,0.765787756350633
SPY261120C00585000,2026-09-15 19:48:02+00:00,585.0,176.15,175.35,179.11,-0.83000183,-0.46898058,5.0,5.0,0.47794101165771485,True,REGULAR,USD,177.23000000000002,0.02121536985837623,177.23000000000002,mid,0.30367766171693805,2026-11-20,call,0.18082191780821918,757.3900146484375,0.7723893749398626
SPY261120C00590000,2026-09-11 19:25:06+00:00,590.0,179.21,170.45,174.2,0.0,0.0,,4.0,0.46762617340087886,True,REGULAR,USD,172.325,0.021761207021616134,172.325,mid,0.2993356710672379,2026-11-20,call,0.18082191780821918,757.3900146484375,0.7789909935290922
SPY261120C00595000,2026-09-11 19:28:01+00:00,595.0,174.45,165.57,169.31,0.0,0.0,6.0,12.0,0.4576775424194337,True,REGULAR,USD,167.44,0.022336359292881088,167.44,mid,0.2958951821923256,2026-11-20,call,0.18082191780821918,757.3900146484375,0.7855926121183218
SPY261120C00600000,2026-09-14 18:29:26+00:00,600.0,166.69,160.69,164.41,0.0,0.0,3.0,1553.0,0.44751529052734373,True,REGULAR,USD,162.55,0.022885266071977845,162.55,mid,0.2916740956902504,2026-11-20,call,0.18082191780821918,757.3900146484375,0.7921942307075514
SPY261120C00605000,2026-08-05 13:30:08+00:00,605.0,177.37,167.69,171.22,0.0,0.0,1.0,0.0,0.5847819842529296,True,REGULAR,USD,169.45499999999998,0.020831489185919573,169.45499999999998,mid,0.5413762197643517,2026-11-20,call,0.18082191780821918,757.3900146484375,0.7987958492967809
SPY261120C00610000,2026-09-15 15:24:49+00:00,610.0,151.77,150.95,154.64,-10.0,-6.181616,21.0,9.0,0.4276485458374024,True,REGULAR,USD,152.795,0.02415000490853757,152.795,mid,0.28336345985531797,2026-11-20,call,0.18082191780821918,757.3900146484375,0.8053974678860105
SPY261120C00615000,2026-09-14 13:30:06+00:00,615.0,148.9,146.09,149.77,0.0,0.0,1.0,21.0,0.4179135357666015,True,REGULAR,USD,147.93,0.02487663083891034,147.93,mid,0.2791839388012886,2026-11-20,call,0.18082191780821918,757.3900146484375,0.8119990864752401
SPY261120C00620000,2026-09-08 18:40:36+00:00,620.0,152.44,141.23,144.94,0.0,0.0,4.0,14.0,0.4087583538818359,True,REGULAR,USD,143.08499999999998,0.025928643813118137,143.08499999999998,mid,0.2754278796911239,2026-11-20,call,0.18082191780821918,757.3900146484375,0.8186007050644697
SPY261120C00625000,2026-09-15 14:22:05+00:00,625.0,137.39,136.39,140.1,-5.2400055,-3.673845,1.0,5.0,0.3993590338134766,True,REGULAR,USD,138.245,0.0268364136135123,138.245,mid,0.27138316750526414,2026-11-20,call,0.18082191780821918,757.3900146484375,0.8252023236536993
SPY261120C00630000,2026-09-15 16:51:37+00:00,630.0,132.8,131.55,135.26,-4.6100006,-3.3549235,22.0,781.0,0.3898681619262696,True,REGULAR,USD,133.405,0.02781005209699771,133.405,mid,0.26689090177416797,2026-11-20,call,0.18082191780821918,757.3900146484375,0.831803942242929
SPY261120C00635000,2026-09-09 14:08:42+00:00,635.0,134.7,126.72,130.43,0.0,0.0,1.0,139.0,0.38043832458496096,True,REGULAR,USD,128.575,0.028854754034610214,128.575,mid,0.26233401998877526,2026-11-20,call,0.18082191780821918,757.3900146484375,0.8384055608321586
SPY261120C00640000,2026-09-15 18:20:43+00:00,640.0,123.3,121.91,125.61,-3.7999954,-2.9897683,50.0,427.0,0.37106952178955077,True,REGULAR,USD,123.75999999999999,0.0298965740142211,123.75999999999999,mid,0.2578406389057637,2026-11-20,call,0.18082191780821918,757.3900146484375,0.8450071794213881
SPY261120C00645000,2026-09-14 17:12:33+00:00,645.0,122.76,117.11,120.81,0.0,0.0,1.0,69.0,0.36188382263183594,True,REGULAR,USD,118.96000000000001,0.03110289172831206,118.96000000000001,mid,0.2533577421307564,2026-11-20,call,0.18082191780821918,757.3900146484375,0.8516087980106177
SPY261120C00650000,2026-09-15 18:24:02+00:00,650.0,113.36,112.32,116.01,-7.699997,-6.36048,30.0,2045.0,0.3525760543823242,True,REGULAR,USD,114.16499999999999,0.032321639731967,114.16499999999999,mid,0.24857511311769487,2026-11-20,call,0.18082191780821918,757.3900146484375,0.8582104165998473
SPY261120C00655000,2026-09-15 18:39:37+00:00,655.0,108.5,107.54,111.22,-2.2300034,-2.0139108,6.0,153.0,0.34323776885986323,True,REGULAR,USD,109.38,0.03364417626622777,109.38,mid,0.24363343492150305,2026-11-20,call,0.18082191780821918,757.3900146484375,0.8648120351890769
SPY261120C00660000,2026-09-15 19:47:56+00:00,660.0,103.76,102.79,106.45,-4.25,-3.934821,91.0,241.0,0.3340520697021484,True,REGULAR,USD,104.62,0.034983750716880105,104.62,mid,0.2388695438206196,2026-11-20,call,0.18082191780821918,757.3900146484375,0.8714136537783065
SPY261120C00665000,2026-09-15 16:23:23+00:00,665.0,99.2,98.05,101.7,-3.850006,-3.7360563,1.0,97.0,0.3249579223632812,True,REGULAR,USD,99.875,0.03654568210262834,99.875,mid,0.23398887537419794,2026-11-20,call,0.18082191780821918,757.3900146484375,0.8780152723675361
SPY261120C00670000,2026-09-15 19:50:47+00:00,670.0,94.0,93.33,96.98,-10.919998,-10.4079275,28.0,457.0,0.31607739593505857,True,REGULAR,USD,95.155,0.038358467763123384,95.155,mid,0.22916910514235492,2026-11-20,call,0.18082191780821918,757.3900146484375,0.8846168909567657
SPY261120C00675000,2026-09-15 15:22:57+00:00,675.0,89.47,88.63,92.29,-5.4300003,-5.7218122,1.0,75.0,0.3073341972351074,True,REGULAR,USD,90.46000000000001,0.04045987176652676,90.46000000000001,mid,0.22434952080249781,2026-11-20,call,0.18082191780821918,757.3900146484375,0.8912185095459952
SPY261120C00680000,2026-09-14 19:13:36+00:00,680.0,89.56,83.96,87.61,0.0,0.0,4.0,650.0,0.29846892944335934,True,REGULAR,USD,85.785,0.04254823104272316,85.785,mid,0.21938958801329134,2026-11-20,call,0.18082191780821918,757.3900146484375,0.8978201281352248
SPY261120C00685000,2026-09-15 19:44:25+00:00,685.0,80.01,79.32,82.95,-2.4399948,-2.9593632,1.0,302.0,0.2896189202880859,True,REGULAR,USD,81.13499999999999,0.04474024773525618,81.13499999999999,mid,0.21434336416423322,2026-11-20,call,0.18082191780821918,757.3900146484375,0.9044217467244545
SPY261120C00690000,2026-09-15 16:03:21+00:00,690.0,75.78,74.72,78.32,-3.8499985,-4.8348594,2.0,1385.0,0.28079942840576166,True,REGULAR,USD,76.52,0.047046523784631394,76.52,mid,0.20932446643710134,2026-11-20,call,0.18082191780821918,757.3900146484375,0.9110233653136841
SPY261120C00695000,2026-09-15 15:50:42+00:00,695.0,72.13,70.15,73.75,-0.9700012,-1.326951,1.0,119.0,0.27234614379882804,True,REGULAR,USD,71.95,0.050034746351633,71.95,mid,0.2044123078882694,2026-11-20,call,0.18082191780821918,757.3900146484375,0.9176249839029137
SPY261120C00700000,2026-09-15 19:14:40+00:00,700.0,67.0,65.62,69.21,-4.3700027,-6.1230245,8.0,6115.0,0.2638623419189453,True,REGULAR,USD,67.41499999999999,0.05325224356597181,67.41499999999999,mid,0.19938586294651028,2026-11-20,call,0.18082191780821918,757.3900146484375,0.9242266024921433
SPY261120C00705000,2026-09-15 16:00:21+00:00,705.0,62.1,61.15,64.71,-4.5,-6.756757,1.0,251.0,0.2554090573120118,True,REGULAR,USD,62.92999999999999,0.05657079294454148,62.92999999999999,mid,0.19438704155385494,2026-11-20,call,0.18082191780821918,757.3900146484375,0.9308282210813729
SPY261120C00710000,2026-09-15 17:39:54+00:00,710.0,57.84,56.73,60.26,-4.380001,-7.039539,4.0,448.0,0.2470473245239258,True,REGULAR,USD,58.495,0.060347038208393905,58.495,mid,0.1893360588699579,2026-11-20,call,0.18082191780821918,757.3900146484375,0.9374298396706024
SPY261120C00715000,2026-09-15 19:46:45+00:00,715.0,53.27,53.98,54.53,-4.2700005,-7.4209256,7.0,116.0,0.22617350982666018,True,REGULAR,USD,54.254999999999995,0.010137314533222823,54.254999999999995,mid,0.18579963114112613,2026-11-20,call,0.18082191780821918,757.3900146484375,0.944031458259832
SPY261120C00720000,2026-09-15 19:30:16+00:00,720.0,49.14,49.68,50.24,-3.1900024,-6.095934,21.0,1878.0,0.21872729522705076,True,REGULAR,USD,49.96,0.011208967173739037,49.96,mid,0.1807714759930968,2026-11-20,call,0.18082191780821918,757.3900146484375,0.9506330768490616
SPY261120C00725000,2026-09-15 14:14:36+00:00,725.0,46.15,45.48,46.03,-3.949997,-7.884226,1.0,1610.0,0.21138789108276362,True,REGULAR,USD,45.754999999999995,0.012020544202819458,45.754999999999995,mid,0.17585799761116502,2026-11-20,call,0.18082191780821918,757.3900146484375,0.9572346954382912
SPY261120C00730000,2026-09-15 16:10:06+00:00,730.0,40.72,41.36,41.92,-3.2299995,-7.349259,579.0,1770.0,0.20423159057617185,True,REGULAR,USD,41.64,0.013448607108549527,41.64,mid,0.17094232570379966,2026-11-20,call,0.18082191780821918,757.3900146484375,0.9638363140275208
SPY261120C00735000,2026-09-15 20:01:19+00:00,735.0,37.49,37.36,37.9,-2.9799995,-7.363477,624.0,1899.0,0.19707529006958008,True,REGULAR,USD,37.629999999999995,0.014350252458145077,37.629999999999995,mid,0.16605448182672267,2026-11-20,call,0.18082191780821918,757.3900146484375,0.9704379326167504
SPY261120C00740000,2026-09-15 20:06:55+00:00,740.0,33.64,33.46,34.01,-2.7799988,-7.633166,638.0,2825.0,0.19013261047363283,True,REGULAR,USD,33.735,0.016303542315102924,33.735,mid,0.16116312459111212,2026-11-20,call,0.18082191780821918,757.3900146484375,0.97703955120598
SPY261120C00745000,2026-09-15 19:59:32+00:00,745.0,29.57,29.73,30.25,-3.0999985,-9.488824,67.0,2811.0,0.1833119999694824,True,REGULAR,USD,29.990000000000002,0.01733911303767921,29.990000000000002,mid,0.15643923744559288,2026-11-20,call,0.18082191780821918,757.3900146484375,0.9836411697952097
SPY261120C00750000,2026-09-15 20:05:17+00:00,750.0,26.35,26.28,26.5,-2.039999,-7.1856256,85.0,6565.0,0.17551483673095702,True,REGULAR,USD,26.39,0.008336491095111741,26.39,mid,0.15169410284608598,2026-11-20,call,0.18082191780821918,757.3900146484375,0.9902427883844392
SPY261120C00755000,2026-09-15 20:06:18+00:00,755.0,22.89,22.72,23.22,-1.9500008,-7.8502445,256.0,1760.0,0.17023534851074223,True,REGULAR,USD,22.97,0.021767522855899,22.97,mid,0.14706916600465775,2026-11-20,call,0.18082191780821918,757.3900146484375,0.9968444069736688
SPY261120C00760000,2026-09-15 20:14:59+00:00,760.0,19.71,19.72,19.87,-1.8300018,-8.49583,862.0,5306.0,0.1630790480041504,False,REGULAR,USD,19.795,0.007577671129073105,19.795,mid,0.14292106999084347,2026-11-20,call,0.18082191780821918,757.3900146484375,1.0034460255628983
SPY261120C00765000,2026-09-15 20:07:50+00:00,765.0,16.73,16.72,16.82,-1.7200012,-9.322499,554.0,5775.0,0.15677723114013675,False,REGULAR,USD,16.77,0.005963029218843258,16.77,mid,0.13835547916591162,2026-11-20,call,0.18082191780821918,757.3900146484375,1.010047644152128
SPY261120C00770000,2026-09-15 20:02:11+00:00,770.0,13.93,13.98,14.11,-1.6499996,-10.590499,1812.0,6141.0,0.15151300155639652,False,REGULAR,USD,14.045,0.009255962976148025,14.045,mid,0.13440529305487872,2026-11-20,call,0.18082191780821918,757.3900146484375,1.0166492627413575
SPY261120C00775000,2026-09-15 20:02:59+00:00,775.0,11.5,11.53,11.65,-1.4799995,-11.402154,714.0,8543.0,0.14646239288330076,False,REGULAR,USD,11.59,0.010353753235547972,11.59,mid,0.13072502210736275,2026-11-20,call,0.18082191780821918,757.3900146484375,1.0232508813305872
SPY261120C00780000,2026-09-15 20:13:25+00:00,780.0,9.5,9.36,9.48,-1.3299999,-12.280702,544.0,8883.0,0.14190006057739257,False,REGULAR,USD,9.42,0.01273885350318482,9.42,mid,0.1273639276996255,2026-11-20,call,0.18082191780821918,757.3900146484375,1.0298524999198169
SPY261120C00785000,2026-09-15 19:56:21+00:00,785.0,7.25,7.51,7.59,-1.3500004,-15.697678,455.0,6633.0,0.13770393554687502,False,REGULAR,USD,7.55,0.010596026490066236,7.55,mid,0.12443953074514866,2026-11-20,call,0.18082191780821918,757.3900146484375,1.0364541185090463
SPY261120C00790000,2026-09-15 20:02:11+00:00,790.0,5.9,5.92,6.03,-0.94000006,-13.742691,333.0,6643.0,0.13442332870483398,False,REGULAR,USD,5.975,0.018410041841004237,5.975,mid,0.12198938142508267,2026-11-20,call,0.18082191780821918,757.3900146484375,1.043055737098276
SPY261120C00795000,2026-09-15 19:59:31+00:00,795.0,4.51,4.65,4.69,-0.90999985,-16.789665,221.0,4506.0,0.13114272186279297,False,REGULAR,USD,4.67,0.00856531049250536,4.67,mid,0.11994655862450598,2026-11-20,call,0.18082191780821918,757.3900146484375,1.0496573556875055
SPY261120C00800000,2026-09-15 20:14:41+00:00,800.0,3.58,3.57,3.61,-0.63999987,-15.165874,1163.0,5368.0,0.12848771911621093,False,REGULAR,USD,3.59,0.011142061281337058,3.59,mid,0.11806272923946377,2026-11-20,call,0.18082191780821918,757.3900146484375,1.0562589742767352
SPY261120C00805000,2026-09-15 20:13:07+00:00,805.0,2.72,2.71,2.75,-0.48000002,-15.0,126.0,3574.0,0.12629047546386718,False,REGULAR,USD,2.73,0.014652014652014666,2.73,mid,0.11655891884118319,2026-11-20,call,0.18082191780821918,757.3900146484375,1.0628605928659647
SPY261120C00810000,2026-09-15 20:10:05+00:00,810.0,2.04,2.04,2.07,-0.3800001,-15.702483,253.0,8144.0,0.12442892181396485,False,REGULAR,USD,2.0549999999999997,0.014598540145985309,2.0549999999999997,mid,0.11537369012832643,2026-11-20,call,0.18082191780821918,757.3900146484375,1.0694622114551944
SPY261120C00815000,2026-09-15 20:11:04+00:00,815.0,1.54,1.52,1.54,-0.25,-13.966481,78.0,3295.0,0.12281150634765625,False,REGULAR,USD,1.53,0.013071895424836612,1.53,mid,0.11441229395568371,2026-11-20,call,0.18082191780821918,757.3900146484375,1.0760638300444239
SPY261120C00820000,2026-09-15 20:07:06+00:00,820.0,1.12,1.13,1.14,-0.26999998,-19.42446,284.0,3655.0,0.12165184997558594,False,REGULAR,USD,1.1349999999999998,0.008810572687224679,1.1349999999999998,mid,0.11381836906075479,2026-11-20,call,0.18082191780821918,757.3900146484375,1.0826654486336535
SPY261120C00825000,2026-09-15 20:10:14+00:00,825.0,0.83,0.83,0.85,-0.21999997,-20.952377,531.0,4653.0,0.12107202178955079,False,REGULAR,USD,0.84,0.023809523809523832,0.84,mid,0.11352815449237824,2026-11-20,call,0.18082191780821918,757.3900146484375,1.089267067222883
SPY261120C00830000,2026-09-15 19:56:28+00:00,830.0,0.58,0.62,0.63,-0.19999999,-25.641024,244.0,3949.0,0.12067529724121094,False,REGULAR,USD,0.625,0.016000000000000014,0.625,mid,0.11362965151667595,2026-11-20,call,0.18082191780821918,757.3900146484375,1.0958686858121127
SPY261120C00835000,2026-09-15 19:54:06+00:00,835.0,0.43,0.46,0.48,-0.17000002,-28.333336,38.0,2011.0,0.1211025390625,False,REGULAR,USD,0.47,0.042553191489361625,0.47,mid,0.11413200601935386,2026-11-20,call,0.18082191780821918,757.3900146484375,1.1024703044013424
SPY261120C00840000,2026-09-15 19:37:38+00:00,840.0,0.32,0.35,0.36,-0.13,-28.88889,38.0,1060.0,0.12134667724609374,False,REGULAR,USD,0.355,0.028169014084507067,0.355,mid,0.1148305881023407,2026-11-20,call,0.18082191780821918,757.3900146484375,1.109071922990572
SPY261120C00845000,2026-09-14 19:49:05+00:00,845.0,0.35,0.27,0.28,0.0,0.0,3.0,1221.0,0.12232322998046877,False,REGULAR,USD,0.275,0.03636363636363639,0.275,mid,0.11604349613189699,2026-11-20,call,0.18082191780821918,757.3900146484375,1.1156735415798016
SPY261120C00850000,2026-09-15 20:05:23+00:00,850.0,0.22,0.21,0.22,-0.03999999,-15.384612,912.0,4322.0,0.1235439208984375,False,REGULAR,USD,0.215,0.046511627906976785,0.215,mid,0.11741746097803116,2026-11-20,call,0.18082191780821918,757.3900146484375,1.122275160169031
SPY261120C00855000,2026-09-15 15:26:31+00:00,855.0,0.17,0.17,0.18,-0.06999999,-29.166664,2.0,991.0,0.12549702636718751,False,REGULAR,USD,0.175,0.05714285714285704,0.175,mid,0.11941884845495224,2026-11-20,call,0.18082191780821918,757.3900146484375,1.1288767787582608
SPY261120C00860000,2026-09-15 14:52:54+00:00,860.0,0.14,0.14,0.15,-0.049999997,-26.315786,38.0,688.0,0.1274501318359375,False,REGULAR,USD,0.14500000000000002,0.06896551724137917,0.14500000000000002,mid,0.12163319379091261,2026-11-20,call,0.18082191780821918,757.3900146484375,1.1354783973474902
SPY261120C00865000,2026-09-15 18:58:48+00:00,865.0,0.11,0.12,0.13,-0.030000001,-21.428572,36.0,700.0,0.13013565185546871,False,REGULAR,USD,0.125,0.08000000000000007,0.125,mid,0.124376959502697,2026-11-20,call,0.18082191780821918,757.3900146484375,1.14208001593672
SPY261120C00870000,2026-09-15 18:45:56+00:00,870.0,0.09,0.1,0.11,-0.029999994,-24.999994,13.0,261.0,0.13233289550781252,False,REGULAR,USD,0.10500000000000001,0.09523809523809518,0.10500000000000001,mid,0.12663666248321537,2026-11-20,call,0.18082191780821918,757.3900146484375,1.1486816345259494
SPY261120C00875000,2026-09-15 18:42:14+00:00,875.0,0.08,0.08,0.09,-0.04,-33.333336,46.0,23277.0,0.13404186279296876,False,REGULAR,USD,0.08499999999999999,0.11764705882352937,0.08499999999999999,mid,0.12828202962875368,2026-11-20,call,0.18082191780821918,757.3900146484375,1.155283253115179
SPY261120C00880000,2026-09-15 17:34:48+00:00,880.0,0.07,0.07,0.08,-0.030000001,-30.0,10.0,1106.0,0.13672738281250002,False,REGULAR,USD,0.07500000000000001,0.13333333333333325,0.07500000000000001,mid,0.13111591577529907,2026-11-20,call,0.18082191780821918,757.3900146484375,1.1618848717044086
SPY261120C00885000,2026-09-15 15:30:09+00:00,885.0,0.07,0.06,0.07,-0.009999998,-12.499997,1.0,757.0,0.13941290283203128,False,REGULAR,USD,0.065,0.15384615384615397,0.065,mid,0.1336095452308655,2026-11-20,call,0.18082191780821918,757.3900146484375,1.1684864902936383
SPY261120C00890000,2026-09-14 13:30:01+00:00,890.0,0.09,0.05,0.06,0.0,0.0,1.0,779.0,0.141610146484375,False,REGULAR,USD,0.055,0.18181818181818174,0.055,mid,0.13569153547286988,2026-11-20,call,0.18082191780821918,757.3900146484375,1.1750881088828677
SPY261120C00895000,2026-09-14 16:14:02+00:00,895.0,0.06,0.04,0.05,0.0,0.0,1.0,995.0,0.1430749755859375,False,REGULAR,USD,0.045,0.22222222222222227,0.045,mid,0.13725064873695372,2026-11-20,call,0.18082191780821918,757.3900146484375,1.1816897274720974
SPY261120C00900000,2026-09-15 17:31:56+00:00,900.0,0.04,0.04,0.05,0.0,0.0,7.0,1935.0,0.147469462890625,False,REGULAR,USD,0.045,0.22222222222222227,0.045,mid,0.14151634931564328,2026-11-20,call,0.18082191780821918,757.3900146484375,1.1882913460613271
SPY261120C00905000,2026-09-14 14:45:13+00:00,905.0,0.04,0.03,0.04,0.0,0.0,3.0,1205.0,0.148446015625,False,REGULAR,USD,0.035,0.28571428571428575,0.035,mid,0.1422456407546997,2026-11-20,call,0.18082191780821918,757.3900146484375,1.1948929646505566
SPY261120C00910000,2026-09-14 17:28:31+00:00,910.0,0.04,0.03,0.04,0.0,0.0,28.0,266.0,0.15235222656250003,False,REGULAR,USD,0.035,0.28571428571428575,0.035,mid,0.14635548949241636,2026-11-20,call,0.18082191780821918,757.3900146484375,1.2014945832397863
SPY261120C00915000,2026-09-10 14:06:07+00:00,915.0,0.05,0.03,0.04,0.0,0.0,4.0,241.0,0.1562584375,False,REGULAR,USD,0.035,0.28571428571428575,0.035,mid,0.15043083667755125,2026-11-20,call,0.18082191780821918,757.3900146484375,1.2080962018290158
SPY261120C00920000,2026-09-15 16:42:34+00:00,920.0,0.03,0.02,0.03,-0.01,-25.0,900.0,137.0,0.1562584375,False,REGULAR,USD,0.025,0.3999999999999999,0.025,mid,0.14980207562446593,2026-11-20,call,0.18082191780821918,757.3900146484375,1.2146978204182455
SPY261120C00925000,2026-09-11 15:01:29+00:00,925.0,0.03,0.02,0.03,0.0,0.0,25.0,87.0,0.1601646484375,False,REGULAR,USD,0.025,0.3999999999999999,0.025,mid,0.1537108635902405,2026-11-20,call,0.18082191780821918,757.3900146484375,1.221299439007475
SPY261120C00930000,2026-09-14 14:45:13+00:00,930.0,0.03,0.02,0.03,0.0,0.0,6.0,65.0,0.16407085937500002,False,REGULAR,USD,0.025,0.3999999999999999,0.025,mid,0.15758931398391723,2026-11-20,call,0.18082191780821918,757.3900146484375,1.2279010575967046
SPY261120C00935000,2026-09-11 15:02:39+00:00,935.0,0.03,0.02,0.03,0.0,0.0,4.0,13.0,0.16797707031250003,False,REGULAR,USD,0.025,0.3999999999999999,0.025,mid,0.16143683195114134,2026-11-20,call,0.18082191780821918,757.3900146484375,1.2345026761859341
SPY261120P00300000,2026-09-15 20:06:21+00:00,300.0,0.04,0.04,0.05,0.0,0.0,72.0,4140.0,0.7070341796875,False,REGULAR,USD,0.045,0.22222222222222227,0.045,mid,0.718264385509491,2026-11-20,put,0.18082191780821918,757.3900146484375,0.3960971153537757
SPY261120P00305000,2026-09-15 20:03:44+00:00,305.0,0.05,0.04,0.05,0.0,0.0,140.0,1405.0,0.6953155468750001,False,REGULAR,USD,0.045,0.22222222222222227,0.045,mid,0.7060933604717254,2026-11-20,put,0.18082191780821918,757.3900146484375,0.40269873394300526
SPY261120P00310000,2026-09-03 17:32:38+00:00,310.0,0.07,0.05,0.06,0.0,0.0,2.0,126.0,0.6953155468750001,False,REGULAR,USD,0.055,0.18181818181818174,0.055,mid,0.7060897842645644,2026-11-20,put,0.18082191780821918,757.3900146484375,0.40930035253223485
SPY261120P00315000,2026-09-10 14:45:33+00:00,315.0,0.07,0.05,0.06,0.0,0.0,12.0,506.0,0.6835969140625001,False,REGULAR,USD,0.055,0.18181818181818174,0.055,mid,0.6941202188968658,2026-11-20,put,0.18082191780821918,757.3900146484375,0.4159019711214645
SPY261120P00320000,2026-09-09 15:23:44+00:00,320.0,0.08,0.05,0.06,0.0,0.0,305.0,391.0,0.6718782812500002,False,REGULAR,USD,0.055,0.18181818181818174,0.055,mid,0.6823378083705902,2026-11-20,put,0.18082191780821918,757.3900146484375,0.42250358971069407
SPY261120P00325000,2026-09-03 18:41:48+00:00,325.0,0.08,0.06,0.07,0.0,0.0,4.0,242.0,0.6699251757812501,False,REGULAR,USD,0.065,0.15384615384615397,0.065,mid,0.6806426861763001,2026-11-20,put,0.18082191780821918,757.3900146484375,0.42910520829992366
SPY261120P00330000,2026-09-10 20:09:54+00:00,330.0,0.09,0.06,0.07,0.0,0.0,10.0,148.0,0.65820654296875,False,REGULAR,USD,0.065,0.15384615384615397,0.065,mid,0.6690641194581985,2026-11-20,put,0.18082191780821918,757.3900146484375,0.43570682688915324
SPY261120P00335000,2026-09-14 19:49:12+00:00,335.0,0.08,0.07,0.08,0.0,0.0,1.0,78.0,0.6562534375000001,False,REGULAR,USD,0.07500000000000001,0.13333333333333325,0.07500000000000001,mid,0.6661781202793122,2026-11-20,put,0.18082191780821918,757.3900146484375,0.44230844547838283
SPY261120P00340000,2026-09-15 15:42:39+00:00,340.0,0.08,0.07,0.08,-0.020000003,-20.000002,1.0,2066.0,0.6445348046875,False,REGULAR,USD,0.07500000000000001,0.13333333333333325,0.07500000000000001,mid,0.6548081656455993,2026-11-20,put,0.18082191780821918,757.3900146484375,0.4489100640676124
SPY261120P00345000,2026-09-15 19:52:09+00:00,345.0,0.08,0.07,0.08,-0.010000005,-11.111116,10.0,369.0,0.632816171875,False,REGULAR,USD,0.07500000000000001,0.13333333333333325,0.07500000000000001,mid,0.6436027165412903,2026-11-20,put,0.18082191780821918,757.3900146484375,0.45551168265684205
SPY261120P00350000,2026-09-15 17:58:54+00:00,350.0,0.1,0.08,0.09,0.009999998,11.111108,6.0,841.0,0.6289099609375001,False,REGULAR,USD,0.08499999999999999,0.11764705882352937,0.08499999999999999,mid,0.6398906135082245,2026-11-20,put,0.18082191780821918,757.3900146484375,0.46211330124607164
SPY261120P00355000,2026-09-15 17:03:34+00:00,355.0,0.1,0.08,0.09,0.009999998,11.111108,10.0,2685.0,0.6191444335937502,False,REGULAR,USD,0.08499999999999999,0.11764705882352937,0.08499999999999999,mid,0.6288854320049286,2026-11-20,put,0.18082191780821918,757.3900146484375,0.4687149198353012
SPY261120P00360000,2026-09-15 17:03:35+00:00,360.0,0.1,0.09,0.1,0.0,0.0,10.0,2198.0,0.614261669921875,False,REGULAR,USD,0.095,0.10526315789473693,0.095,mid,0.6245272275447846,2026-11-20,put,0.18082191780821918,757.3900146484375,0.4753165384245308
SPY261120P00365000,2026-09-15 15:03:05+00:00,365.0,0.11,0.1,0.11,0.0,0.0,25.0,14798.0,0.6093789062500001,False,REGULAR,USD,0.10500000000000001,0.09523809523809518,0.10500000000000001,mid,0.619623055458069,2026-11-20,put,0.18082191780821918,757.3900146484375,0.4819181570137604
SPY261120P00370000,2026-09-15 14:02:54+00:00,370.0,0.11,0.1,0.11,0.0,0.0,5.0,10556.0,0.5986368261718751,False,REGULAR,USD,0.10500000000000001,0.09523809523809518,0.10500000000000001,mid,0.6088658243179322,2026-11-20,put,0.18082191780821918,757.3900146484375,0.48851977560299
SPY261120P00375000,2026-09-15 14:51:58+00:00,375.0,0.12,0.11,0.12,0.0,0.0,5.0,1398.0,0.5937540625000001,False,REGULAR,USD,0.11499999999999999,0.0869565217391304,0.11499999999999999,mid,0.6035730377197266,2026-11-20,put,0.18082191780821918,757.3900146484375,0.4951213941922196
SPY261120P00380000,2026-09-15 16:12:28+00:00,380.0,0.12,0.12,0.13,0.0,0.0,56.0,150506.0,0.58789474609375,False,REGULAR,USD,0.125,0.08000000000000007,0.125,mid,0.5979202462673188,2026-11-20,put,0.18082191780821918,757.3900146484375,0.5017230127814492
SPY261120P00385000,2026-09-15 14:50:07+00:00,385.0,0.14,0.12,0.13,0.0,0.0,10.0,194.0,0.577152666015625,False,REGULAR,USD,0.125,0.08000000000000007,0.125,mid,0.5874157337665559,2026-11-20,put,0.18082191780821918,757.3900146484375,0.5083246313706787
SPY261120P00390000,2026-09-15 14:02:54+00:00,390.0,0.15,0.13,0.14,0.0,0.0,5.0,104241.0,0.5712933496093751,False,REGULAR,USD,0.135,0.07407407407407414,0.135,mid,0.5815215483307838,2026-11-20,put,0.18082191780821918,757.3900146484375,0.5149262499599084
SPY261120P00395000,2026-09-15 14:22:03+00:00,395.0,0.15,0.14,0.15,0.0,0.0,5.0,262.0,0.5654340332031251,False,REGULAR,USD,0.14500000000000002,0.06896551724137917,0.14500000000000002,mid,0.5753782204627991,2026-11-20,put,0.18082191780821918,757.3900146484375,0.521527868549138
SPY261120P00400000,2026-09-15 20:03:19+00:00,400.0,0.16,0.15,0.16,-0.010000005,-5.8823557,6.0,75333.0,0.5585981640625001,False,REGULAR,USD,0.155,0.06451612903225812,0.155,mid,0.5690227043032645,2026-11-20,put,0.18082191780821918,757.3900146484375,0.5281294871383676
SPY261120P00405000,2026-09-14 13:35:48+00:00,405.0,0.18,0.16,0.17,0.0,0.0,5.0,305.0,0.5522505712890625,False,REGULAR,USD,0.165,0.060606060606060656,0.165,mid,0.5624883777856828,2026-11-20,put,0.18082191780821918,757.3900146484375,0.5347311057275972
SPY261120P00410000,2026-09-15 20:03:07+00:00,410.0,0.17,0.17,0.18,0.0,0.0,2.0,1449.0,0.5459029785156251,False,REGULAR,USD,0.175,0.05714285714285704,0.175,mid,0.5557996783256531,2026-11-20,put,0.18082191780821918,757.3900146484375,0.5413327243168268
SPY261120P00415000,2026-09-15 19:01:34+00:00,415.0,0.19,0.18,0.19,-0.019999996,-9.523808,12.0,355.0,0.5390671093750001,False,REGULAR,USD,0.185,0.054054054054054106,0.185,mid,0.5489798512697222,2026-11-20,put,0.18082191780821918,757.3900146484375,0.5479343429060564
SPY261120P00420000,2026-09-14 19:00:42+00:00,420.0,0.19,0.19,0.2,0.0,0.0,2.0,774.0,0.532231240234375,False,REGULAR,USD,0.195,0.05128205128205133,0.195,mid,0.542047373688221,2026-11-20,put,0.18082191780821918,757.3900146484375,0.554535961495286
SPY261120P00425000,2026-09-15 15:45:58+00:00,425.0,0.22,0.2,0.21,0.010000005,4.761907,50.0,231.0,0.5249070947265625,False,REGULAR,USD,0.20500000000000002,0.04878048780487795,0.20500000000000002,mid,0.5350177424788476,2026-11-20,put,0.18082191780821918,757.3900146484375,0.5611375800845155
SPY261120P00430000,2026-09-08 15:10:36+00:00,430.0,0.21,0.22,0.23,0.0,0.0,20.0,2752.0,0.5205126074218749,False,REGULAR,USD,0.225,0.04444444444444448,0.225,mid,0.5305814574956895,2026-11-20,put,0.18082191780821918,757.3900146484375,0.5677391986737451
SPY261120P00435000,2026-09-14 16:13:14+00:00,435.0,0.23,0.23,0.24,0.0,0.0,10.0,151.0,0.5131884619140624,False,REGULAR,USD,0.235,0.042553191489361625,0.235,mid,0.5232696039378645,2026-11-20,put,0.18082191780821918,757.3900146484375,0.5743408172629747
SPY261120P00440000,2026-09-08 19:17:13+00:00,440.0,0.24,0.24,0.25,0.0,0.0,2.0,63.0,0.50586431640625,False,REGULAR,USD,0.245,0.04081632653061228,0.245,mid,0.5159052993416788,2026-11-20,put,0.18082191780821918,757.3900146484375,0.5809424358522043
SPY261120P00445000,2026-09-14 14:07:10+00:00,445.0,0.27,0.26,0.27,0.0,0.0,1.0,91.0,0.5007374145507812,False,REGULAR,USD,0.265,0.03773584905660381,0.265,mid,0.5107567530989647,2026-11-20,put,0.18082191780821918,757.3900146484375,0.5875440544414339
SPY261120P00450000,2026-09-15 18:50:22+00:00,450.0,0.3,0.27,0.28,0.0,0.0,14.0,1160.0,0.49414568359375005,False,REGULAR,USD,0.275,0.03636363636363639,0.275,mid,0.5032133401274681,2026-11-20,put,0.18082191780821918,757.3900146484375,0.5941456730306636
SPY261120P00455000,2026-09-15 14:22:28+00:00,455.0,0.32,0.29,0.3,0.00999999,3.2258034,1.0,159.0,0.4887746435546876,False,REGULAR,USD,0.295,0.0338983050847458,0.295,mid,0.497667238855362,2026-11-20,put,0.18082191780821918,757.3900146484375,0.6007472916198932
SPY261120P00460000,2026-09-15 20:03:04+00:00,460.0,0.32,0.31,0.32,0.01999998,6.66666,7.0,824.0,0.48291532714843755,False,REGULAR,USD,0.315,0.03174603174603177,0.315,mid,0.49189404842853546,2026-11-20,put,0.18082191780821918,757.3900146484375,0.6073489102091227
SPY261120P00465000,2026-09-15 16:25:59+00:00,465.0,0.35,0.32,0.33,0.030000001,9.375,1.0,3046.0,0.47510290527343746,False,REGULAR,USD,0.325,0.030769230769230795,0.325,mid,0.4841363610446454,2026-11-20,put,0.18082191780821918,757.3900146484375,0.6139505287983523
SPY261120P00470000,2026-09-14 19:42:26+00:00,470.0,0.36,0.34,0.35,0.0,0.0,3.0,5930.0,0.4689994506835938,False,REGULAR,USD,0.345,0.02898550724637668,0.345,mid,0.4780934649944306,2026-11-20,put,0.18082191780821918,757.3900146484375,0.6205521473875819
SPY261120P00475000,2026-09-14 19:18:06+00:00,475.0,0.35,0.36,0.37,0.0,0.0,2.0,3204.0,0.4626518579101563,False,REGULAR,USD,0.365,0.02739726027397263,0.365,mid,0.47188934160470963,2026-11-20,put,0.18082191780821918,757.3900146484375,0.6271537659768115
SPY261120P00480000,2026-09-15 19:23:54+00:00,480.0,0.39,0.38,0.39,0.0,0.0,3.0,5320.0,0.4563042651367188,False,REGULAR,USD,0.385,0.025974025974025997,0.385,mid,0.4655424679458141,2026-11-20,put,0.18082191780821918,757.3900146484375,0.6337553845660411
SPY261120P00485000,2026-09-15 17:20:04+00:00,485.0,0.44,0.41,0.42,-0.00999999,-2.2222202,2.0,203.0,0.45117736328125,False,REGULAR,USD,0.415,0.024096385542168697,0.415,mid,0.46050567817687993,2026-11-20,put,0.18082191780821918,757.3900146484375,0.6403570031552707
SPY261120P00490000,2026-09-14 15:00:00+00:00,490.0,0.47,0.43,0.44,0.0,0.0,3.0,146.0,0.4445856323242187,False,REGULAR,USD,0.435,0.022988505747126457,0.435,mid,0.4538512507021427,2026-11-20,put,0.18082191780821918,757.3900146484375,0.6469586217445003
SPY261120P00495000,2026-09-14 14:05:16+00:00,495.0,0.48,0.45,0.46,0.0,0.0,2.0,205.0,0.43774976318359377,False,REGULAR,USD,0.455,0.021978021978021997,0.455,mid,0.44710235175490376,2026-11-20,put,0.18082191780821918,757.3900146484375,0.6535602403337298
SPY261120P00500000,2026-09-15 19:56:32+00:00,500.0,0.49,0.48,0.49,0.030000001,6.521739,43.0,303778.0,0.4321345849609375,False,REGULAR,USD,0.485,0.020618556701030948,0.485,mid,0.44149247478842735,2026-11-20,put,0.18082191780821918,757.3900146484375,0.6601618589229594
SPY261120P00505000,2026-09-15 19:43:09+00:00,505.0,0.53,0.51,0.52,0.03999996,8.163258,13.0,195.0,0.42627526855468756,False,REGULAR,USD,0.515,0.019417475728155355,0.515,mid,0.43568262823820125,2026-11-20,put,0.18082191780821918,757.3900146484375,0.666763477512189
SPY261120P00510000,2026-09-15 16:57:43+00:00,510.0,0.55,0.54,0.55,0.00999999,1.85185,5.0,200281.0,0.42017181396484377,False,REGULAR,USD,0.545,0.018348623853211024,0.545,mid,0.42969561042487625,2026-11-20,put,0.18082191780821918,757.3900146484375,0.6733650961014187
SPY261120P00515000,2026-09-15 19:40:24+00:00,515.0,0.6,0.57,0.58,0.050000012,9.090911,10.0,8055.0,0.414068359375,False,REGULAR,USD,0.575,0.017391304347826105,0.575,mid,0.42355049445331094,2026-11-20,put,0.18082191780821918,757.3900146484375,0.6799667146906483
SPY261120P00520000,2026-09-15 20:05:48+00:00,520.0,0.61,0.6,0.61,-0.00999999,-1.6129017,2.0,152704.0,0.40772076660156253,False,REGULAR,USD,0.605,0.016528925619834725,0.605,mid,0.41726367127299313,2026-11-20,put,0.18082191780821918,757.3900146484375,0.6865683332798779
SPY261120P00525000,2026-09-15 13:32:39+00:00,525.0,0.64,0.63,0.64,-0.06999999,-9.859154,6.0,462.0,0.4012511047363281,False,REGULAR,USD,0.635,0.015748031496063006,0.635,mid,0.4108492967039347,2026-11-20,put,0.18082191780821918,757.3900146484375,0.6931699518691075
SPY261120P00530000,2026-09-15 20:00:10+00:00,530.0,0.68,0.67,0.68,0.04000002,6.2500033,152.0,629.0,0.39551385742187506,False,REGULAR,USD,0.675,0.014814814814814828,0.675,mid,0.40519888938963416,2026-11-20,put,0.18082191780821918,757.3900146484375,0.699771570458337
SPY261120P00535000,2026-09-14 18:51:20+00:00,535.0,0.68,0.7,0.71,0.0,0.0,22.0,289.0,0.38892212646484375,False,REGULAR,USD,0.705,0.014184397163120581,0.705,mid,0.3985233026891946,2026-11-20,put,0.18082191780821918,757.3900146484375,0.7063731890475666
SPY261120P00540000,2026-09-15 16:52:31+00:00,540.0,0.77,0.74,0.75,0.049999952,6.9444375,76.0,733.0,0.38281867187499996,False,REGULAR,USD,0.745,0.01342281879194632,0.745,mid,0.39254924862682816,2026-11-20,put,0.18082191780821918,757.3900146484375,0.7129748076367962
SPY261120P00545000,2026-09-15 16:29:39+00:00,545.0,0.81,0.79,0.8,0.01999998,2.5316432,2.0,861.0,0.37744763183593744,False,REGULAR,USD,0.795,0.012578616352201269,0.795,mid,0.3871618415474892,2026-11-20,put,0.18082191780821918,757.3900146484375,0.7195764262260258
SPY261120P00550000,2026-09-15 15:45:46+00:00,550.0,0.87,0.83,0.84,0.060000002,7.4074073,35.0,4448.0,0.3711000390625,False,REGULAR,USD,0.835,0.011976047904191628,0.835,mid,0.3808441735804081,2026-11-20,put,0.18082191780821918,757.3900146484375,0.7261780448152554
SPY261120P00555000,2026-09-15 20:13:16+00:00,555.0,0.88,0.88,0.89,0.01999998,2.3255792,17.0,774.0,0.36524072265625,False,REGULAR,USD,0.885,0.011299435028248598,0.885,mid,0.37506815198957916,2026-11-20,put,0.18082191780821918,757.3900146484375,0.732779663404485
SPY261120P00560000,2026-09-15 17:13:46+00:00,560.0,0.95,0.93,0.94,0.060000002,6.7415733,5.0,4830.0,0.35925933715820313,False,REGULAR,USD,0.935,0.010695187165775291,0.935,mid,0.36910601861774917,2026-11-20,put,0.18082191780821918,757.3900146484375,0.7393812819937146
SPY261120P00565000,2026-09-15 19:58:07+00:00,565.0,1.0,0.98,0.99,0.04000002,4.166669,15.0,2022.0,0.3530338134765625,False,REGULAR,USD,0.985,0.0101522842639594,0.985,mid,0.36297490945756433,2026-11-20,put,0.18082191780821918,757.3900146484375,0.7459829005829441
SPY261120P00570000,2026-09-15 16:24:13+00:00,570.0,1.07,1.03,1.04,0.03000009,2.8846242,22.0,1121.0,0.34680828979492184,False,REGULAR,USD,1.0350000000000001,0.009661835748792277,1.0350000000000001,mid,0.356689352850616,2026-11-20,put,0.18082191780821918,757.3900146484375,0.7525845191721738
SPY261120P00575000,2026-09-15 18:11:15+00:00,575.0,1.12,1.09,1.1,0.00999999,0.9009,4.0,943.0,0.340826904296875,False,REGULAR,USD,1.0950000000000002,0.009132420091324207,1.0950000000000002,mid,0.35080507648885256,2026-11-20,put,0.18082191780821918,757.3900146484375,0.7591861377614034
SPY261120P00580000,2026-09-15 19:23:54+00:00,580.0,1.18,1.16,1.17,0.01999998,1.7241364,17.0,17466.0,0.33521172607421873,False,REGULAR,USD,1.165,0.00858369098712447,1.165,mid,0.34524899163842193,2026-11-20,put,0.18082191780821918,757.3900146484375,0.765787756350633
SPY261120P00585000,2026-09-15 18:09:08+00:00,585.0,1.25,1.22,1.23,0.0,0.0,1.0,517.0,0.3289251678466796,False,REGULAR,USD,1.225,0.008163265306122455,1.225,mid,0.33898541380465036,2026-11-20,put,0.18082191780821918,757.3900146484375,0.7723893749398626
SPY261120P00590000,2026-09-15 18:43:44+00:00,590.0,1.32,1.29,1.3,0.07000005,5.600004,10.0,1598.0,0.3228827478027343,False,REGULAR,USD,1.295,0.007722007722007729,1.295,mid,0.33302894276082523,2026-11-20,put,0.18082191780821918,757.3900146484375,0.7789909935290922
SPY261120P00595000,2026-09-14 19:43:50+00:00,595.0,1.33,1.37,1.38,0.0,0.0,1.0,624.0,0.3171455004882812,False,REGULAR,USD,1.375,0.0072727272727271175,1.375,mid,0.3273199005499482,2026-11-20,put,0.18082191780821918,757.3900146484375,0.7855926121183218
SPY261120P00600000,2026-09-15 19:04:35+00:00,600.0,1.48,1.45,1.46,0.03999996,2.777775,397.0,4867.0,0.31116411499023433,False,REGULAR,USD,1.455,0.006872852233676982,1.455,mid,0.32139211366772646,2026-11-20,put,0.18082191780821918,757.3900146484375,0.7921942307075514
SPY261120P00605000,2026-09-15 18:27:21+00:00,605.0,1.58,1.53,1.54,0.100000024,6.7567577,17.0,711.0,0.30493859130859374,False,REGULAR,USD,1.5350000000000001,0.0065146579804560316,1.5350000000000001,mid,0.3152629416197539,2026-11-20,put,0.18082191780821918,757.3900146484375,0.7987958492967809
SPY261120P00610000,2026-09-15 16:30:36+00:00,610.0,1.68,1.62,1.64,0.109999895,7.0063624,24.0,2110.0,0.29932341308593746,False,REGULAR,USD,1.63,0.012269938650306624,1.63,mid,0.30950301296114924,2026-11-20,put,0.18082191780821918,757.3900146484375,0.8053974678860105
SPY261120P00615000,2026-09-14 19:48:00+00:00,615.0,1.66,1.72,1.73,0.0,0.0,25.0,3392.0,0.2930978894042968,False,REGULAR,USD,1.725,0.005797101449275368,1.725,mid,0.30351286596655846,2026-11-20,put,0.18082191780821918,757.3900146484375,0.8119990864752401
SPY261120P00620000,2026-09-15 19:56:30+00:00,620.0,1.88,1.83,1.84,0.049999952,2.7322378,406.0,161287.0,0.28729960754394523,False,REGULAR,USD,1.835,0.005449591280653956,1.835,mid,0.2978067294239999,2026-11-20,put,0.18082191780821918,757.3900146484375,0.8186007050644697
SPY261120P00625000,2026-09-15 20:01:08+00:00,625.0,1.97,1.94,1.95,0.110000014,5.9139795,434.0,2117.0,0.28125718749999995,False,REGULAR,USD,1.9449999999999998,0.005141388174807203,1.9449999999999998,mid,0.29185040738880635,2026-11-20,put,0.18082191780821918,757.3900146484375,0.8252023236536993
SPY261120P00630000,2026-09-15 19:49:50+00:00,630.0,2.13,2.07,2.08,0.1500001,7.5757623,550.0,102099.0,0.27558097473144527,False,REGULAR,USD,2.075,0.0048192771084338455,2.075,mid,0.2862542764686048,2026-11-20,put,0.18082191780821918,757.3900146484375,0.831803942242929
SPY261120P00635000,2026-09-15 20:13:16+00:00,635.0,2.21,2.2,2.21,0.10000014,4.7393436,31.0,1297.0,0.26963010650634767,False,REGULAR,USD,2.205,0.004535147392290152,2.205,mid,0.2803791268855334,2026-11-20,put,0.18082191780821918,757.3900146484375,0.8384055608321586
SPY261120P00640000,2026-09-15 20:03:38+00:00,640.0,2.38,2.35,2.36,0.1400001,6.250005,464.0,78604.0,0.26392337646484376,False,REGULAR,USD,2.355,0.004246284501061481,2.355,mid,0.2747729751348496,2026-11-20,put,0.18082191780821918,757.3900146484375,0.8450071794213881
SPY261120P00645000,2026-09-15 19:45:57+00:00,645.0,2.62,2.51,2.52,0.16999984,6.9387693,9.0,1606.0,0.2581556118774414,False,REGULAR,USD,2.5149999999999997,0.003976143141153174,2.5149999999999997,mid,0.2691172035098076,2026-11-20,put,0.18082191780821918,757.3900146484375,0.8516087980106177
SPY261120P00650000,2026-09-15 20:13:50+00:00,650.0,2.67,2.68,2.69,0.06000018,2.2988577,323.0,15065.0,0.2523268127441406,False,REGULAR,USD,2.685,0.0037243947858472204,2.685,mid,0.2633914723321795,2026-11-20,put,0.18082191780821918,757.3900146484375,0.8582104165998473
SPY261120P00655000,2026-09-15 20:01:08+00:00,655.0,2.9,2.87,2.88,0.11000013,3.9426572,69.0,11917.0,0.24658956542968752,False,REGULAR,USD,2.875,0.0034782608695651434,2.875,mid,0.25779888036698106,2026-11-20,put,0.18082191780821918,757.3900146484375,0.8648120351890769
SPY261120P00660000,2026-09-15 19:56:39+00:00,660.0,3.16,3.06,3.09,0.1500001,4.983392,114.0,12771.0,0.240943869934082,False,REGULAR,USD,3.075,0.009756097560975546,3.075,mid,0.252076650892198,2026-11-20,put,0.18082191780821918,757.3900146484375,0.8714136537783065
SPY261120P00665000,2026-09-15 19:45:54+00:00,665.0,3.45,3.29,3.32,0.24000001,7.4766355,45.0,1620.0,0.23529817443847656,False,REGULAR,USD,3.3049999999999997,0.009077155824508262,3.3049999999999997,mid,0.24660587348341945,2026-11-20,put,0.18082191780821918,757.3900146484375,0.8780152723675361
SPY261120P00670000,2026-09-15 19:45:59+00:00,670.0,3.71,3.54,3.56,0.26,7.536232,50.0,4548.0,0.2294693753051758,False,REGULAR,USD,3.55,0.005633802816901414,3.55,mid,0.24102915093749766,2026-11-20,put,0.18082191780821918,757.3900146484375,0.8846168909567657
SPY261120P00675000,2026-09-15 19:54:40+00:00,675.0,3.97,3.81,3.84,0.37000012,10.2777815,53.0,4539.0,0.22391523162841792,False,REGULAR,USD,3.825,0.007843137254901909,3.825,mid,0.23558616363853216,2026-11-20,put,0.18082191780821918,757.3900146484375,0.8912185095459952
SPY261120P00680000,2026-09-15 20:13:50+00:00,680.0,4.12,4.1,4.13,0.25,6.4599485,509.0,46662.0,0.21808643249511717,False,REGULAR,USD,4.115,0.007290400972053523,4.115,mid,0.22996395620778204,2026-11-20,put,0.18082191780821918,757.3900146484375,0.8978201281352248
SPY261120P00685000,2026-09-15 19:45:59+00:00,685.0,4.65,4.43,4.46,0.48000002,11.510791,61.0,7244.0,0.21244073699951171,False,REGULAR,USD,4.445,0.006749156355455623,4.445,mid,0.22453464045077562,2026-11-20,put,0.18082191780821918,757.3900146484375,0.9044217467244545
SPY261120P00690000,2026-09-15 19:45:59+00:00,690.0,5.04,4.8,4.83,0.52999973,11.751657,352.0,20084.0,0.20685607604980466,False,REGULAR,USD,4.8149999999999995,0.006230529595015628,4.8149999999999995,mid,0.21921622436791657,2026-11-20,put,0.18082191780821918,757.3900146484375,0.9110233653136841
SPY261120P00695000,2026-09-15 20:04:19+00:00,695.0,5.26,5.19,5.23,0.3800001,7.7868876,50.0,5055.0,0.20116460464477537,False,REGULAR,USD,5.210000000000001,0.007677543186180428,5.210000000000001,mid,0.21372838547080755,2026-11-20,put,0.18082191780821918,757.3900146484375,0.9176249839029137
SPY261120P00700000,2026-09-15 20:09:52+00:00,700.0,5.71,5.64,5.67,0.26000023,4.7706466,4242.0,36641.0,0.19544261596679688,False,REGULAR,USD,5.654999999999999,0.005305039787798453,5.654999999999999,mid,0.20836614222414795,2026-11-20,put,0.18082191780821918,757.3900146484375,0.9242266024921433
SPY261120P00705000,2026-09-15 19:54:10+00:00,705.0,6.43,6.13,6.17,0.52999973,8.983047,71.0,7296.0,0.18982743774414065,False,REGULAR,USD,6.15,0.006504065040650412,6.15,mid,0.20304595666378736,2026-11-20,put,0.18082191780821918,757.3900146484375,0.9308282210813729
SPY261120P00710000,2026-09-15 20:03:38+00:00,710.0,6.78,6.69,6.73,0.5100002,8.133975,320.0,7733.0,0.1842732940673828,False,REGULAR,USD,6.710000000000001,0.0059612518628912115,6.710000000000001,mid,0.1978669195298105,2026-11-20,put,0.18082191780821918,757.3900146484375,0.9374298396706024
SPY261120P00715000,2026-09-15 20:02:54+00:00,715.0,7.4,7.3,7.34,0.59000015,8.663733,71.0,23239.0,0.1785360467529297,False,REGULAR,USD,7.32,0.005464480874316944,7.32,mid,0.19256720403023064,2026-11-20,put,0.18082191780821918,757.3900146484375,0.944031458259832
SPY261120P00720000,2026-09-15 19:57:53+00:00,720.0,8.3,7.99,8.03,0.72000027,9.498685,594.0,24479.0,0.17289035125732422,False,REGULAR,USD,8.01,0.00499375780274646,8.01,mid,0.1873980945963412,2026-11-20,put,0.18082191780821918,757.3900146484375,0.9506330768490616
SPY261120P00725000,2026-09-15 20:04:10+00:00,725.0,8.9,8.76,8.81,0.7599993,9.336599,483.0,15492.0,0.1672904316711426,False,REGULAR,USD,8.785,0.005691519635742824,8.785,mid,0.18230307970456777,2026-11-20,put,0.18082191780821918,757.3900146484375,0.9572346954382912
SPY261120P00730000,2026-09-15 20:11:04+00:00,730.0,9.7,9.58,9.74,0.46000004,4.9783554,370.0,29605.0,0.16217878845214845,False,REGULAR,USD,9.66,0.01656314699792962,9.66,mid,0.17731970953010023,2026-11-20,put,0.18082191780821918,757.3900146484375,0.9638363140275208
SPY261120P00735000,2026-09-15 19:58:50+00:00,735.0,10.95,10.56,10.71,1.0500002,10.606063,184.0,5812.0,0.15639576522827148,False,REGULAR,USD,10.635000000000002,0.014104372355430215,10.635000000000002,mid,0.17233241856601086,2026-11-20,put,0.18082191780821918,757.3900146484375,0.9704379326167504
SPY261120P00740000,2026-09-15 20:11:04+00:00,740.0,11.81,11.68,11.84,0.6000004,5.3523674,419.0,13563.0,0.15090265609741216,False,REGULAR,USD,11.76,0.01360544217687076,11.76,mid,0.16766713525503876,2026-11-20,put,0.18082191780821918,757.3900146484375,0.97703955120598
SPY261120P00745000,2026-09-15 19:59:51+00:00,745.0,13.37,12.89,13.1,1.1899996,9.770111,68.0,25760.0,0.14527221923828126,False,REGULAR,USD,12.995000000000001,0.016160061562139214,12.995000000000001,mid,0.16283979574404656,2026-11-20,put,0.18082191780821918,757.3900146484375,0.9836411697952097
SPY261120P00750000,2026-09-15 20:06:59+00:00,750.0,14.65,14.31,14.53,0.9699993,7.090638,2521.0,31810.0,0.1396722996520996,False,REGULAR,USD,14.42,0.015256588072121975,14.42,mid,0.15839443986043333,2026-11-20,put,0.18082191780821918,757.3900146484375,0.9902427883844392
SPY261120P00755000,2026-09-15 20:14:37+00:00,755.0,16.06,15.94,16.15,0.77999973,5.10471,559.0,8809.0,0.13405712142944337,False,REGULAR,USD,16.044999999999998,0.01308818946712366,16.044999999999998,mid,0.15425596725381907,2026-11-20,put,0.18082191780821918,757.3900146484375,0.9968444069736688
SPY261120P00760000,2026-09-15 20:14:59+00:00,760.0,17.9,17.8,17.9,0.97999954,5.7919593,1940.0,6457.0,0.1277858218383789,True,REGULAR,USD,17.85,0.005602240896358424,17.85,mid,0.1501287447988987,2026-11-20,put,0.18082191780821918,757.3900146484375,1.0034460255628983
SPY261120P00765000,2026-09-15 20:08:45+00:00,765.0,20.17,19.87,20.13,1.2900009,6.832632,370.0,5686.0,0.1233455586242676,True,REGULAR,USD,20.0,0.0129999999999999,20.0,mid,0.147176185326837,2026-11-20,put,0.18082191780821918,757.3900146484375,1.010047644152128
SPY261120P00770000,2026-09-15 19:54:42+00:00,770.0,23.16,22.2,22.72,2.039999,9.659086,176.0,12372.0,0.11968348587036132,True,REGULAR,USD,22.46,0.02315227070347282,22.46,mid,0.14503009782172738,2026-11-20,put,0.18082191780821918,757.3900146484375,1.0166492627413575
SPY261120P00775000,2026-09-15 20:03:18+00:00,775.0,25.4,24.4,25.79,2.17,9.341369,51.0,3535.0,0.11777615631103515,True,REGULAR,USD,25.095,0.05538951982466629,25.095,mid,0.14258908498231324,2026-11-20,put,0.18082191780821918,757.3900146484375,1.0232508813305872
SPY261120P00780000,2026-09-15 19:53:35+00:00,780.0,29.2,27.38,28.9,3.130001,12.006143,26.0,2973.0,0.1139309799194336,True,REGULAR,USD,28.14,0.05401563610518833,28.14,mid,0.14173894417323174,2026-11-20,put,0.18082191780821918,757.3900146484375,1.0298524999198169
SPY261120P00785000,2026-09-15 20:07:57+00:00,785.0,31.78,30.76,32.31,2.7800007,9.586209,19.0,679.0,0.11025364852905273,True,REGULAR,USD,31.535000000000004,0.0491517361661646,31.535000000000004,mid,0.1421614022701979,2026-11-20,put,0.18082191780821918,757.3900146484375,1.0364541185090463
SPY261120P00790000,2026-09-15 20:05:22+00:00,790.0,35.76,34.55,36.08,3.459999,10.712071,12.0,1417.0,0.10753761123657227,True,REGULAR,USD,35.315,0.04332436641653692,35.315,mid,0.14443844042345877,2026-11-20,put,0.18082191780821918,757.3900146484375,1.043055737098276
SPY261120P00795000,2026-09-15 17:27:10+00:00,795.0,40.05,37.84,41.41,1.1199989,2.876956,2.0,161.0,0.1212856427001953,True,REGULAR,USD,39.625,0.0900946372239746,39.625,mid,0.1503608071167022,2026-11-20,put,0.18082191780821918,757.3900146484375,1.0496573556875055
SPY261120P00800000,2026-09-15 19:07:55+00:00,800.0,44.7,42.16,45.83,4.799999,12.030073,15.0,490.0,0.12375754180908202,True,REGULAR,USD,43.995,0.08341857029207869,43.995,mid,0.1559940784383565,2026-11-20,put,0.18082191780821918,757.3900146484375,1.0562589742767352
SPY261120P00805000,2026-09-10 14:55:49+00:00,805.0,47.79,46.74,50.49,0.0,0.0,1.0,24.0,0.1283046154785156,True,REGULAR,USD,48.615,0.0771366862079605,48.615,mid,0.16339211486354466,2026-11-20,put,0.18082191780821918,757.3900146484375,1.0628605928659647
SPY261120P00810000,2026-09-15 17:27:53+00:00,810.0,54.18,51.6,55.31,8.610001,18.89401,2.0,9.0,0.1344385873413086,True,REGULAR,USD,53.455,0.06940417173323359,53.455,mid,0.17256970549896355,2026-11-20,put,0.18082191780821918,757.3900146484375,1.0694622114551944
SPY261120P00815000,2026-09-09 14:40:22+00:00,815.0,52.71,56.48,60.22,0.0,0.0,3.0,44.0,0.14154911193847658,True,REGULAR,USD,58.349999999999994,0.06409597257926311,58.349999999999994,mid,0.18199131639488036,2026-11-20,put,0.18082191780821918,757.3900146484375,1.0760638300444239
SPY261120P00820000,2026-08-21 15:55:58+00:00,820.0,53.5,61.44,65.18,0.0,0.0,1.0,6.0,0.14914791290283202,True,REGULAR,USD,63.31,0.059074395830042786,63.31,mid,0.19184691493064168,2026-11-20,put,0.18082191780821918,757.3900146484375,1.0826654486336535
SPY261120P00825000,2026-09-09 16:34:57+00:00,825.0,64.05,66.32,70.39,0.0,0.0,5.0,135.0,0.1606224075317383,True,REGULAR,USD,68.35499999999999,0.05954209640845597,68.35499999999999,mid,0.20243757304660975,2026-11-20,put,0.18082191780821918,757.3900146484375,1.089267067222883
SPY261120P00830000,2026-09-03 14:01:37+00:00,830.0,61.79,71.33,75.39,0.0,0.0,1.0,1.0,0.16861793304443362,True,REGULAR,USD,73.36,0.05534351145038171,73.36,mid,0.21239459058232601,2026-11-20,put,0.18082191780821918,757.3900146484375,1.0958686858121127
SPY261120P00835000,2026-09-11 13:30:18+00:00,835.0,72.34,76.37,80.38,0.0,0.0,1.0,0.0,0.17630828582763675,True,REGULAR,USD,78.375,0.05116427432216894,78.375,mid,0.22229492895975705,2026-11-20,put,0.18082191780821918,757.3900146484375,1.1024703044013424
SPY261120P00850000,2026-06-16 19:17:52+00:00,850.0,100.49,109.23,112.51,0.0,0.0,19.0,0.0,0.39444575286865236,True,REGULAR,USD,110.87,0.029584197709028603,110.87,mid,0.425012827912718,2026-11-20,put,0.18082191780821918,757.3900146484375,1.122275160169031
SPY261120P00900000,2026-06-15 16:49:15+00:00,900.0,145.67,143.85,147.3,0.0,0.0,,0.0,0.30512169494628905,True,REGULAR,USD,145.575,0.023699124162802798,145.575,mid,0.36604625674821434,2026-11-20,put,0.18082191780821918,757.3900146484375,1.1882913460613271
SPY261120P00950000,2026-09-03 20:10:30+00:00,950.0,177.32,191.43,195.09,0.0,0.0,1.0,1.0,0.323126885986328,True,REGULAR,USD,193.26,0.018938217944737643,193.26,mid,0.41287613073848195,2026-11-20,put,0.18082191780821918,757.3900146484375,1.254307531953623
SPY261130C00500000,2026-07-15 18:10:28+00:00,500.0,262.32,266.95,270.07,0.0,0.0,1.0,1.0,0.7400233517456053,True,REGULAR,USD,268.51,0.011619678969125934,268.51,mid,0.6685602448135612,2026-11-30,call,0.20821917808219179,757.3900146484375,0.6601618589229594
SPY261130C00545000,2026-08-14 16:47:33+00:00,545.0,237.06,215.06,219.07,0.0,0.0,1.0,4.0,0.5370224520874024,True,REGULAR,USD,217.065,0.01847372906733002,217.065,mid,0.2921001601219177,2026-11-30,call,0.20821917808219179,757.3900146484375,0.7195764262260258
SPY261130C00550000,2026-09-11 14:29:33+00:00,550.0,219.78,210.15,214.14,0.0,0.0,2.0,4.0,0.5267076138305665,True,REGULAR,USD,212.14499999999998,0.01880789082938547,212.14499999999998,mid,0.29229586720466616,2026-11-30,call,0.20821917808219179,757.3900146484375,0.7261780448152554
SPY261130C00555000,2026-09-10 19:06:32+00:00,555.0,207.07,205.25,209.23,0.0,0.0,4.0,5.0,0.5168505346679688,True,REGULAR,USD,207.24,0.019204786720710236,207.24,mid,0.29351502120494843,2026-11-30,call,0.20821917808219179,757.3900146484375,0.732779663404485
SPY261130C00560000,2026-07-31 16:14:31+00:00,560.0,192.07,212.43,215.92,0.0,0.0,1.0,3.0,0.6644931011962893,True,REGULAR,USD,214.175,0.016295085794326977,214.175,mid,0.6129274950921536,2026-11-30,call,0.20821917808219179,757.3900146484375,0.7393812819937146
SPY261130C00570000,2026-07-22 19:44:51+00:00,570.0,187.96,198.5,201.64,0.0,0.0,2.0,1.0,0.5789226678466797,True,REGULAR,USD,200.07,0.01569450692257703,200.07,mid,0.5173564470559358,2026-11-30,call,0.20821917808219179,757.3900146484375,0.7525845191721738
SPY261130C00575000,2026-08-04 19:52:43+00:00,575.0,205.76,197.7,201.22,0.0,0.0,1.0,2.0,0.6268347863769532,True,REGULAR,USD,199.45999999999998,0.017647648651358722,199.45999999999998,mid,0.5765853144228457,2026-11-30,call,0.20821917808219179,757.3900146484375,0.7591861377614034
SPY261130C00580000,2026-09-14 14:41:37+00:00,580.0,183.04,180.81,184.76,0.0,0.0,4.0,15.0,0.46890789886474615,True,REGULAR,USD,182.785,0.021610088355171315,182.785,mid,0.28909688919782633,2026-11-30,call,0.20821917808219179,757.3900146484375,0.765787756350633
SPY261130C00585000,2026-09-10 14:20:03+00:00,585.0,177.97,175.93,179.89,0.0,0.0,15.0,7.0,0.45972219970703126,True,REGULAR,USD,177.91,0.0222584452813219,177.91,mid,0.28696708753705025,2026-11-30,call,0.20821917808219179,757.3900146484375,0.7723893749398626
SPY261130C00595000,2026-07-07 13:40:38+00:00,595.0,165.59,174.22,177.37,0.0,0.0,1.0,2.0,0.5248613188171387,True,REGULAR,USD,175.79500000000002,0.017918598367416622,175.79500000000002,mid,0.46751564547419544,2026-11-30,call,0.20821917808219179,757.3900146484375,0.7855926121183218
SPY261130C00600000,2026-08-10 18:32:52+00:00,600.0,181.24,161.32,165.26,0.0,0.0,10.0,20.0,0.4315547567749024,True,REGULAR,USD,163.29,0.024128850511360145,163.29,mid,0.27741974949836723,2026-11-30,call,0.20821917808219179,757.3900146484375,0.7921942307075514
SPY261130C00605000,2026-08-03 18:52:45+00:00,605.0,162.67,168.41,171.94,0.0,0.0,6.0,7.0,0.5541731594848633,True,REGULAR,USD,170.175,0.020743352431320704,170.175,mid,0.507018547579646,2026-11-30,call,0.20821917808219179,757.3900146484375,0.7987958492967809
SPY261130C00610000,2026-08-17 17:46:03+00:00,610.0,171.85,151.83,155.56,0.0,0.0,,2.0,0.41342749664306633,True,REGULAR,USD,153.695,0.024268844139366863,153.695,mid,0.27529031962156286,2026-11-30,call,0.20821917808219179,757.3900146484375,0.8053974678860105
SPY261130C00615000,2026-09-01 13:37:49+00:00,615.0,153.85,146.99,150.69,0.0,0.0,,2.0,0.4039976593017578,True,REGULAR,USD,148.84,0.024858908895458134,148.84,mid,0.2708707748353481,2026-11-30,call,0.20821917808219179,757.3900146484375,0.8119990864752401
SPY261130C00620000,2026-09-01 13:32:53+00:00,620.0,148.74,142.15,145.85,0.0,0.0,1.0,12.0,0.39493402923583987,True,REGULAR,USD,144.0,0.025694444444444367,144.0,mid,0.26666128799319266,2026-11-30,call,0.20821917808219179,757.3900146484375,0.8186007050644697
SPY261130C00622000,2026-09-03 15:09:32+00:00,622.0,154.99,140.22,143.93,0.0,0.0,,1.0,0.3915160946655273,True,REGULAR,USD,142.075,0.02611296850255153,142.075,mid,0.2652507396042346,2026-11-30,call,0.20821917808219179,757.3900146484375,0.8212413525001616
SPY261130C00625000,2026-09-14 15:45:15+00:00,625.0,143.07,137.33,141.03,0.0,0.0,1.0,1.0,0.38611453735351553,True,REGULAR,USD,139.18,0.02658427935048131,139.18,mid,0.26275261156260965,2026-11-30,call,0.20821917808219179,757.3900146484375,0.8252023236536993
SPY261130C00630000,2026-09-14 13:30:01+00:00,630.0,136.24,132.51,136.21,0.0,0.0,2.0,5.0,0.3771729763793945,True,REGULAR,USD,134.36,0.02753795772551367,134.36,mid,0.2584444904327393,2026-11-30,call,0.20821917808219179,757.3900146484375,0.831803942242929
SPY261130C00635000,2026-09-14 14:03:40+00:00,635.0,131.8,127.7,131.4,0.0,0.0,1.0,3.0,0.36832296722412117,True,REGULAR,USD,129.55,0.028560401389424953,129.55,mid,0.25406342528760434,2026-11-30,call,0.20821917808219179,757.3900146484375,0.8384055608321586
SPY261130C00640000,2026-09-04 18:36:54+00:00,640.0,136.2,122.91,126.61,0.0,0.0,1.0,164.0,0.35962554443359374,True,REGULAR,USD,124.75999999999999,0.029656941327348533,124.75999999999999,mid,0.24985445894300934,2026-11-30,call,0.20821917808219179,757.3900146484375,0.8450071794213881
SPY261130C00645000,2026-07-31 19:16:15+00:00,645.0,114.62,129.7,133.22,0.0,0.0,1.0,16.0,0.4792074784851074,True,REGULAR,USD,131.45999999999998,0.02677620568994379,131.45999999999998,mid,0.41887353118509046,2026-11-30,call,0.20821917808219179,757.3900146484375,0.8516087980106177
SPY261130C00650000,2026-08-04 14:12:21+00:00,650.0,126.37,124.9,128.43,0.0,0.0,4000.0,14.0,0.46761091476440425,True,REGULAR,USD,126.665,0.02786878774720721,126.665,mid,0.4082558085024356,2026-11-30,call,0.20821917808219179,757.3900146484375,0.8582104165998473
SPY261130C00655000,2026-09-15 16:03:47+00:00,655.0,109.7,108.62,112.28,-12.590004,-10.295203,4.0,796.0,0.3333196551513672,True,REGULAR,USD,110.45,0.03313716613852419,110.45,mid,0.23633535273373124,2026-11-30,call,0.20821917808219179,757.3900146484375,0.8648120351890769
SPY261130C00660000,2026-09-15 18:45:11+00:00,660.0,104.89,103.89,107.55,-12.57,-10.701515,335.0,644.0,0.32486637054443357,True,REGULAR,USD,105.72,0.034619750283768416,105.72,mid,0.23190885558724397,2026-11-30,call,0.20821917808219179,757.3900146484375,0.8714136537783065
SPY261130C00665000,2026-09-15 19:02:10+00:00,665.0,100.26,99.17,102.83,-1.3499985,-1.3286079,321.0,1288.0,0.3163520513916015,True,REGULAR,USD,101.0,0.0362376237623762,101.0,mid,0.22725802399218076,2026-11-30,call,0.20821917808219179,757.3900146484375,0.8780152723675361
SPY261130C00670000,2026-09-15 18:45:11+00:00,670.0,95.5,94.48,98.11,-6.720001,-6.574057,86.0,1292.0,0.3076698872375488,True,REGULAR,USD,96.295,0.03769666130120978,96.295,mid,0.2224713239446282,2026-11-30,call,0.20821917808219179,757.3900146484375,0.8846168909567657
SPY261130C00672000,2026-07-07 18:46:31+00:00,672.0,95.99,100.95,104.14,0.0,0.0,2.0,1.0,0.3852600537109374,True,REGULAR,USD,102.545,0.03110829391974253,102.545,mid,0.328103366754949,2026-11-30,call,0.20821917808219179,757.3900146484375,0.8872575383924575
SPY261130C00673000,2026-09-15 19:13:50+00:00,673.0,92.7,91.68,95.32,-8.480003,-8.381106,60.0,258.0,0.3028328994750976,True,REGULAR,USD,93.5,0.038930481283422316,93.5,mid,0.2198832799494266,2026-11-30,call,0.20821917808219179,757.3900146484375,0.8885778621103034
SPY261130C00674000,2026-09-04 15:08:53+00:00,674.0,103.84,90.75,94.38,0.0,0.0,8.0,108.0,0.30109341491699215,True,REGULAR,USD,92.565,0.039215686274509755,92.565,mid,0.2189251182973385,2026-11-30,call,0.20821917808219179,757.3900146484375,0.8898981858281494
SPY261130C00675000,2026-09-15 14:47:52+00:00,675.0,90.87,89.82,93.44,-12.0,-11.665208,2.0,205.0,0.2993539303588867,True,REGULAR,USD,91.63,0.03950671177561939,91.63,mid,0.21794933408498768,2026-11-30,call,0.20821917808219179,757.3900146484375,0.8912185095459952
SPY261130C00676000,2026-08-20 14:52:28+00:00,676.0,102.32,88.89,92.52,0.0,0.0,16.0,30.0,0.2978280667114257,True,REGULAR,USD,90.705,0.04001984455101698,90.705,mid,0.2171211109310388,2026-11-30,call,0.20821917808219179,757.3900146484375,0.8925388332638412
SPY261130C00677000,2026-06-09 16:38:16+00:00,677.0,76.73,93.89,97.25,0.0,0.0,,1.0,0.3536594175720214,True,REGULAR,USD,95.57,0.03515747619545882,95.57,mid,0.2933469376713037,2026-11-30,call,0.20821917808219179,757.3900146484375,0.8938591569816872
SPY261130C00678000,2026-09-03 14:07:51+00:00,678.0,99.25,87.03,90.67,0.0,0.0,1.0,127.0,0.2946084944152832,True,REGULAR,USD,88.85,0.04096792346651661,88.85,mid,0.21532111883163452,2026-11-30,call,0.20821917808219179,757.3900146484375,0.895179480699533
SPY261130C00679000,2026-09-15 14:49:58+00:00,679.0,86.99,86.1,89.74,-12.099998,-12.211121,2.0,105.0,0.2929453030395507,True,REGULAR,USD,87.91999999999999,0.04140127388535033,87.91999999999999,mid,0.21435208249837162,2026-11-30,call,0.20821917808219179,757.3900146484375,0.896499804417379
SPY261130C00680000,2026-09-04 15:08:55+00:00,680.0,98.15,85.18,88.8,0.0,0.0,24.0,95.0,0.29114478393554677,True,REGULAR,USD,86.99000000000001,0.041613978618231864,86.99000000000001,mid,0.2133648659288883,2026-11-30,call,0.20821917808219179,757.3900146484375,0.8978201281352248
SPY261130C00681000,2026-08-20 13:33:05+00:00,681.0,97.37,84.25,87.88,0.0,0.0,20.0,33.0,0.28955788574218744,True,REGULAR,USD,86.065,0.04217742403996974,86.065,mid,0.21243713479489088,2026-11-30,call,0.20821917808219179,757.3900146484375,0.8991404518530708
SPY261130C00682000,2026-08-20 18:05:45+00:00,682.0,94.15,83.33,86.97,0.0,0.0,8.0,58.0,0.2880625393676757,True,REGULAR,USD,85.15,0.042748091603053436,85.15,mid,0.21164261385798452,2026-11-30,call,0.20821917808219179,757.3900146484375,0.9004607755709167
SPY261130C00683000,2026-08-25 14:50:36+00:00,683.0,92.5,82.41,86.05,0.0,0.0,4.0,40.0,0.28646038253784173,True,REGULAR,USD,84.22999999999999,0.04321500652974001,84.22999999999999,mid,0.21074958875775335,2026-11-30,call,0.20821917808219179,757.3900146484375,0.9017810992887626
SPY261130C00684000,2026-08-20 17:05:24+00:00,684.0,94.14,81.49,85.11,0.0,0.0,56.0,109.0,0.2846446047973632,True,REGULAR,USD,83.3,0.04345738295318133,83.3,mid,0.20968682568520305,2026-11-30,call,0.20821917808219179,757.3900146484375,0.9031014230066086
SPY261130C00685000,2026-09-09 17:02:39+00:00,685.0,87.08,80.57,84.17,0.0,0.0,3.0,25.0,0.28281356842041017,True,REGULAR,USD,82.37,0.04370523248755625,82.37,mid,0.20860714644193645,2026-11-30,call,0.20821917808219179,757.3900146484375,0.9044217467244545
SPY261130C00686000,2026-08-20 14:35:22+00:00,686.0,92.47,79.65,83.25,0.0,0.0,4.0,54.0,0.28116563568115227,True,REGULAR,USD,81.45,0.04419889502762424,81.45,mid,0.2076563089340925,2026-11-30,call,0.20821917808219179,757.3900146484375,0.9057420704423004
SPY261130C00687000,2026-08-19 19:52:12+00:00,687.0,93.54,78.73,82.35,0.0,0.0,19.0,39.0,0.27973132385253896,True,REGULAR,USD,80.53999999999999,0.04494661037993532,80.53999999999999,mid,0.20682920113205908,2026-11-30,call,0.20821917808219179,757.3900146484375,0.9070623941601463
SPY261130C00688000,2026-09-14 19:40:46+00:00,688.0,81.64,77.82,81.42,0.0,0.0,1.0,32.0,0.2779613220214844,True,REGULAR,USD,79.62,0.0452147701582518,79.62,mid,0.20583702124655245,2026-11-30,call,0.20821917808219179,757.3900146484375,0.9083827178779922
SPY261130C00689000,2026-08-20 16:52:45+00:00,689.0,89.79,76.9,80.51,0.0,0.0,14.0,296.0,0.27638968246459955,True,REGULAR,USD,78.70500000000001,0.045867479829743964,78.70500000000001,mid,0.20489555269479748,2026-11-30,call,0.20821917808219179,757.3900146484375,0.9097030415958381
SPY261130C00690000,2026-09-15 13:49:52+00:00,690.0,79.06,75.99,79.59,0.5699997,0.7262068,1.0,83.0,0.27471123245239254,True,REGULAR,USD,77.78999999999999,0.04627844195912082,77.78999999999999,mid,0.2039333014190197,2026-11-30,call,0.20821917808219179,757.3900146484375,0.9110233653136841
SPY261130C00691000,2026-09-10 15:12:03+00:00,691.0,77.97,75.07,78.68,0.0,0.0,10.0,51.0,0.2731243342590332,True,REGULAR,USD,76.875,0.04695934959349611,76.875,mid,0.2029505276679992,2026-11-30,call,0.20821917808219179,757.3900146484375,0.91234368903153
SPY261130C00692000,2026-08-19 14:21:39+00:00,692.0,90.51,74.17,77.77,0.0,0.0,4.0,5.0,0.27152217742919915,True,REGULAR,USD,75.97,0.04738712649730149,75.97,mid,0.20208267234265803,2026-11-30,call,0.20821917808219179,757.3900146484375,0.9136640127493759
SPY261130C00693000,2026-08-20 18:16:14+00:00,693.0,83.68,73.26,76.87,0.0,0.0,124.0,196.0,0.2699963137817383,True,REGULAR,USD,75.065,0.04809165389995337,75.065,mid,0.20119158051908015,2026-11-30,call,0.20821917808219179,757.3900146484375,0.9149843364672218
SPY261130C00694000,2026-08-26 19:59:30+00:00,694.0,83.53,72.36,75.95,0.0,0.0,4.0,14.0,0.2682720878601074,True,REGULAR,USD,74.155,0.048412109770076234,74.155,mid,0.20021165091544382,2026-11-30,call,0.20821917808219179,757.3900146484375,0.9163046601850677
SPY261130C00695000,2026-09-14 14:21:42+00:00,695.0,74.98,71.46,75.02,0.0,0.0,1.0,16.0,0.2664410514831543,True,REGULAR,USD,73.24,0.04860731840524307,73.24,mid,0.19914552319794884,2026-11-30,call,0.20821917808219179,757.3900146484375,0.9176249839029137
SPY261130C00696000,2026-08-24 14:42:25+00:00,696.0,80.14,70.55,74.15,0.0,0.0,3.0,102.0,0.2651745846557617,True,REGULAR,USD,72.35,0.04975812024879072,72.35,mid,0.19838217634707686,2026-11-30,call,0.20821917808219179,757.3900146484375,0.9189453076207595
SPY261130C00697000,2026-08-07 19:35:15+00:00,697.0,90.26,69.65,73.22,0.0,0.0,10.0,20.0,0.2633130310058594,True,REGULAR,USD,71.435,0.04997550220480147,71.435,mid,0.19727412998676297,2026-11-30,call,0.20821917808219179,757.3900146484375,0.9202656313386055
SPY261130C00698000,2026-08-20 15:34:18+00:00,698.0,81.58,68.75,72.33,0.0,0.0,13.0,13.0,0.2618176846313477,True,REGULAR,USD,70.53999999999999,0.05075134675361495,70.53999999999999,mid,0.196398838981986,2026-11-30,call,0.20821917808219179,757.3900146484375,0.9215859550564515
SPY261130C00699000,2026-08-17 13:33:55+00:00,699.0,90.15,67.86,71.44,0.0,0.0,125.0,126.0,0.26032233825683593,True,REGULAR,USD,69.65,0.05139985642498202,69.65,mid,0.1955611725151539,2026-11-30,call,0.20821917808219179,757.3900146484375,0.9229062787742973
SPY261130C00700000,2026-09-14 14:39:31+00:00,700.0,69.4,66.96,70.52,0.0,0.0,1.0,325.0,0.2585218191528321,True,REGULAR,USD,68.74,0.05178935117835325,68.74,mid,0.19445241976529357,2026-11-30,call,0.20821917808219179,757.3900146484375,0.9242266024921433
SPY261130C00701000,2026-08-20 13:48:51+00:00,701.0,79.72,66.07,69.64,0.0,0.0,3.0,18.0,0.25708750732421876,True,REGULAR,USD,67.85499999999999,0.05261218775329759,67.85499999999999,mid,0.19362750548869373,2026-11-30,call,0.20821917808219179,757.3900146484375,0.9255469262099891
SPY261130C00702000,2026-08-07 16:30:45+00:00,702.0,84.69,65.18,68.74,0.0,0.0,24.0,24.0,0.255439574584961,True,REGULAR,USD,66.96000000000001,0.05316606929510137,66.96000000000001,mid,0.19265629421919586,2026-11-30,call,0.20821917808219179,757.3900146484375,0.9268672499278351
SPY261130C00703000,2026-08-20 17:34:49+00:00,703.0,75.95,64.29,67.85,0.0,0.0,13.0,23.0,0.2538831936645508,True,REGULAR,USD,66.07,0.05388224610261826,66.07,mid,0.19172109022736547,2026-11-30,call,0.20821917808219179,757.3900146484375,0.928187573645681
SPY261130C00704000,2026-08-18 14:10:30+00:00,704.0,78.88,63.4,66.96,0.0,0.0,1.0,11.0,0.252311554107666,True,REGULAR,USD,65.17999999999999,0.054617980975759366,65.17999999999999,mid,0.1907615157961845,2026-11-30,call,0.20821917808219179,757.3900146484375,0.9295078973635269
SPY261130C00705000,2026-08-27 17:58:15+00:00,705.0,79.14,62.52,66.08,0.0,0.0,1.0,278.0,0.2508009490966796,True,REGULAR,USD,64.3,0.0553654743390357,64.3,mid,0.18989364188164473,2026-11-30,call,0.20821917808219179,757.3900146484375,0.9308282210813729
SPY261130C00706000,2026-08-07 19:24:55+00:00,706.0,82.53,61.63,65.17,0.0,0.0,34.0,40.0,0.2490156886291504,True,REGULAR,USD,63.400000000000006,0.05583596214511039,63.400000000000006,mid,0.188770426735282,2026-11-30,call,0.20821917808219179,757.3900146484375,0.9321485447992187
SPY261130C00707000,2026-08-19 14:50:21+00:00,707.0,78.02,60.75,64.29,0.0,0.0,43.0,42.0,0.24748982498168942,True,REGULAR,USD,62.52,0.056621880998080715,62.52,mid,0.18785256646573545,2026-11-30,call,0.20821917808219179,757.3900146484375,0.9334688685170647
SPY261130C00708000,2026-08-31 18:38:25+00:00,708.0,69.75,59.88,63.4,0.0,0.0,4.0,12.0,0.24585715087890625,True,REGULAR,USD,61.64,0.05710577547047365,61.64,mid,0.18690879285335543,2026-11-30,call,0.20821917808219179,757.3900146484375,0.9347891922349106
SPY261130C00709000,2026-09-14 15:57:20+00:00,709.0,64.51,59.0,62.53,0.0,0.0,1.0,21.0,0.24437706314086916,True,REGULAR,USD,60.765,0.058092652020077365,60.765,mid,0.18599470619112252,2026-11-30,call,0.20821917808219179,757.3900146484375,0.9361095159527565
SPY261130C00710000,2026-09-10 14:20:35+00:00,710.0,60.14,58.13,61.66,0.0,0.0,4.0,158.0,0.2428817167663574,True,REGULAR,USD,59.894999999999996,0.05893647215961256,59.894999999999996,mid,0.1851086892187596,2026-11-30,call,0.20821917808219179,757.3900146484375,0.9374298396706024
SPY261130C00711000,2026-09-10 19:57:59+00:00,711.0,60.16,57.25,60.79,0.0,0.0,5.0,14.0,0.24137111175537107,True,REGULAR,USD,59.019999999999996,0.05997966790918332,59.019999999999996,mid,0.184141084253788,2026-11-30,call,0.20821917808219179,757.3900146484375,0.9387501633884484
SPY261130C00712000,2026-08-17 13:58:55+00:00,712.0,77.86,56.39,59.91,0.0,0.0,4.0,30.0,0.23975369628906246,True,REGULAR,USD,58.15,0.060533104041272504,58.15,mid,0.1832008797675371,2026-11-30,call,0.20821917808219179,757.3900146484375,0.9400704871062943
SPY261130C00713000,2026-08-28 18:59:24+00:00,713.0,68.6,55.68,57.7,0.0,0.0,1.0,26.0,0.22650919982910156,True,REGULAR,USD,56.69,0.03563238666431475,56.69,mid,0.17591999258846042,2026-11-30,call,0.20821917808219179,757.3900146484375,0.9413908108241402
SPY261130C00714000,2026-08-06 13:40:04+00:00,714.0,73.26,54.8,56.84,0.0,0.0,10.0,10.0,0.22510540527343748,True,REGULAR,USD,55.82,0.036546040845575174,55.82,mid,0.17499720618128775,2026-11-30,call,0.20821917808219179,757.3900146484375,0.9427111345419861
SPY261130C00715000,2026-09-10 19:44:50+00:00,715.0,56.79,55.41,55.98,0.0,0.0,2.0,152.0,0.22368635208129878,True,REGULAR,USD,55.69499999999999,0.010234311877188264,55.69499999999999,mid,0.181818401068449,2026-11-30,call,0.20821917808219179,757.3900146484375,0.944031458259832
SPY261130C00716000,2026-09-04 19:04:39+00:00,716.0,65.58,54.56,55.12,0.0,0.0,1.0,155.0,0.2222367816162109,True,REGULAR,USD,54.84,0.010211524434719094,54.84,mid,0.18090771622955792,2026-11-30,call,0.20821917808219179,757.3900146484375,0.945351781977678
SPY261130C00717000,2026-08-31 13:43:35+00:00,717.0,62.36,53.7,54.26,0.0,0.0,2.0,84.0,0.22077195251464843,True,REGULAR,USD,53.980000000000004,0.010374212671359673,53.980000000000004,mid,0.17991776704788204,2026-11-30,call,0.20821917808219179,757.3900146484375,0.9466721056955238
SPY261130C00718000,2026-09-08 16:34:03+00:00,718.0,61.19,52.85,53.41,0.0,0.0,1.0,59.0,0.21936815795898437,True,REGULAR,USD,53.129999999999995,0.010540184453227842,53.129999999999995,mid,0.1789998510107398,2026-11-30,call,0.20821917808219179,757.3900146484375,0.9479924294133698
SPY261130C00719000,2026-09-14 14:17:27+00:00,719.0,54.34,52.0,52.56,0.0,0.0,4.0,16.0,0.2179491047668457,True,REGULAR,USD,52.28,0.010711553175210449,52.28,mid,0.17805247109383346,2026-11-30,call,0.20821917808219179,757.3900146484375,0.9493127531312157
SPY261130C00720000,2026-09-14 13:53:38+00:00,720.0,53.68,51.15,51.72,0.0,0.0,6.0,403.0,0.21659108612060546,True,REGULAR,USD,51.435,0.011081948089822111,51.435,mid,0.17712462842464444,2026-11-30,call,0.20821917808219179,757.3900146484375,0.9506330768490616
SPY261130C00721000,2026-09-15 15:26:28+00:00,721.0,50.16,50.31,50.87,-2.0600014,-3.9448512,1.0,23.0,0.21511099838256836,True,REGULAR,USD,50.59,0.011069381300652206,50.59,mid,0.1761667456105351,2026-11-30,call,0.20821917808219179,757.3900146484375,0.9519534005669076
SPY261130C00722000,2026-08-31 13:43:34+00:00,722.0,58.07,49.47,50.03,0.0,0.0,2.0,25.0,0.21370720382690428,True,REGULAR,USD,49.75,0.011256281407035221,49.75,mid,0.17522685714066027,2026-11-30,call,0.20821917808219179,757.3900146484375,0.9532737242847534
SPY261130C00723000,2026-09-03 16:12:59+00:00,723.0,62.78,48.64,49.2,0.0,0.0,1.0,1.0,0.21236444381713865,True,REGULAR,USD,48.92,0.011447260834014764,48.92,mid,0.17435098987072703,2026-11-30,call,0.20821917808219179,757.3900146484375,0.9545940480025994
SPY261130C00724000,2026-09-10 19:57:59+00:00,724.0,49.23,47.8,48.37,0.0,0.0,4.0,175.0,0.2109911665344238,True,REGULAR,USD,48.084999999999994,0.011854008526567544,48.084999999999994,mid,0.17339604414999482,2026-11-30,call,0.20821917808219179,757.3900146484375,0.9559143717204454
SPY261130C00725000,2026-09-10 19:44:50+00:00,725.0,48.44,46.97,47.54,0.0,0.0,11.0,243.0,0.20958737197875976,True,REGULAR,USD,47.254999999999995,0.012062215638556773,47.254999999999995,mid,0.17245637875050301,2026-11-30,call,0.20821917808219179,757.3900146484375,0.9572346954382912
SPY261130C00726000,2026-09-04 17:19:30+00:00,726.0,57.55,46.13,46.71,0.0,0.0,1.0,213.0,0.20816831878662106,True,REGULAR,USD,46.42,0.01249461439034895,46.42,mid,0.1714389547333121,2026-11-30,call,0.20821917808219179,757.3900146484375,0.9585550191561372
SPY261130C00727000,2026-08-31 13:43:33+00:00,727.0,53.86,45.33,45.89,0.0,0.0,6.0,9.0,0.20681030014038082,True,REGULAR,USD,45.61,0.012278009208506956,45.61,mid,0.17061807431280612,2026-11-30,call,0.20821917808219179,757.3900146484375,0.959875342873983
SPY261130C00728000,2026-09-10 19:09:11+00:00,728.0,45.92,44.5,45.07,0.0,0.0,15.0,227.0,0.2054217642211914,True,REGULAR,USD,44.785,0.012727475717316073,44.785,mid,0.16962715849280355,2026-11-30,call,0.20821917808219179,757.3900146484375,0.961195666591829
SPY261130C00729000,2026-09-02 17:24:39+00:00,729.0,50.63,43.73,44.25,0.0,0.0,2.0,29.0,0.2040027110290527,True,REGULAR,USD,43.989999999999995,0.011820868379177158,43.989999999999995,mid,0.16887156333774328,2026-11-30,call,0.20821917808219179,757.3900146484375,0.9625159903096749
SPY261130C00730000,2026-09-09 18:46:45+00:00,730.0,47.68,42.9,43.44,0.0,0.0,6.0,662.0,0.20262943374633785,True,REGULAR,USD,43.17,0.01250868658790825,43.17,mid,0.1678580802306533,2026-11-30,call,0.20821917808219179,757.3900146484375,0.9638363140275208
SPY261130C00731000,2026-09-03 14:03:09+00:00,731.0,51.85,42.07,42.64,0.0,0.0,1.0,18.0,0.20131719100952145,True,REGULAR,USD,42.355000000000004,0.013457679140597338,42.355000000000004,mid,0.1668556205183267,2026-11-30,call,0.20821917808219179,757.3900146484375,0.9651566377453668
SPY261130C00732000,2026-09-09 16:07:27+00:00,732.0,45.5,41.3,41.83,0.0,0.0,1.0,381.0,0.1998981378173828,True,REGULAR,USD,41.565,0.012751112715024689,41.565,mid,0.16603656183928253,2026-11-30,call,0.20821917808219179,757.3900146484375,0.9664769614632126
SPY261130C00733000,2026-08-31 18:56:20+00:00,733.0,48.35,40.47,41.04,0.0,0.0,3.0,205.0,0.1986164123535156,True,REGULAR,USD,40.754999999999995,0.013986013986013995,40.754999999999995,mid,0.1650083374977112,2026-11-30,call,0.20821917808219179,757.3900146484375,0.9677972851810586
SPY261130C00734000,2026-09-11 15:23:37+00:00,734.0,46.19,39.71,40.24,0.0,0.0,1.0,47.0,0.19721261779785154,True,REGULAR,USD,39.975,0.013258286429018164,39.975,mid,0.16420171499252323,2026-11-30,call,0.20821917808219179,757.3900146484375,0.9691176088989045
SPY261130C00735000,2026-09-15 19:24:41+00:00,735.0,38.54,38.89,39.45,-3.9899979,-9.381608,714.0,874.0,0.19585459915161135,True,REGULAR,USD,39.17,0.01429665560377846,39.17,mid,0.16314551390707493,2026-11-30,call,0.20821917808219179,757.3900146484375,0.9704379326167504
SPY261130C00736000,2026-08-25 14:56:07+00:00,736.0,47.0,38.1,38.67,0.0,0.0,20.0,276.0,0.1945576150512695,True,REGULAR,USD,38.385000000000005,0.014849550605705359,38.385000000000005,mid,0.16222215123474598,2026-11-30,call,0.20821917808219179,757.3900146484375,0.9717582563345963
SPY261130C00737000,2026-09-15 18:16:52+00:00,737.0,36.65,37.35,37.89,-1.5900002,-4.15795,2.0,351.0,0.19323011367797854,True,REGULAR,USD,37.620000000000005,0.014354066985645909,37.620000000000005,mid,0.16142744440585374,2026-11-30,call,0.20821917808219179,757.3900146484375,0.9730785800524423
SPY261130C00738000,2026-08-25 14:46:03+00:00,738.0,45.14,36.55,37.11,0.0,0.0,100.0,84.0,0.19185683639526369,True,REGULAR,USD,36.83,0.015204995927233296,36.83,mid,0.16038670953363182,2026-11-30,call,0.20821917808219179,757.3900146484375,0.9743989037702881
SPY261130C00739000,2026-08-25 14:55:45+00:00,739.0,44.65,35.78,36.34,0.0,0.0,164.0,97.0,0.19052933502197267,True,REGULAR,USD,36.06,0.015529672767609602,36.06,mid,0.15947271581739192,2026-11-30,call,0.20821917808219179,757.3900146484375,0.9757192274881341
SPY261130C00740000,2026-09-15 16:31:58+00:00,740.0,35.03,35.03,35.57,-3.7400017,-9.646639,8.0,619.0,0.18918657501220704,True,REGULAR,USD,35.3,0.015297450424929155,35.3,mid,0.15860051061958075,2026-11-30,call,0.20821917808219179,757.3900146484375,0.97703955120598
SPY261130C00741000,2026-08-25 14:45:47+00:00,741.0,42.74,34.25,34.81,0.0,0.0,46.0,164.0,0.1878743322753906,True,REGULAR,USD,34.53,0.016217781639154424,34.53,mid,0.15760734550654887,2026-11-30,call,0.20821917808219179,757.3900146484375,0.9783598749238259
SPY261130C00742000,2026-09-11 19:51:57+00:00,742.0,38.77,33.5,34.06,0.0,0.0,3.0,105.0,0.18659260681152345,True,REGULAR,USD,33.78,0.0165778567199527,33.78,mid,0.15673461981117723,2026-11-30,call,0.20821917808219179,757.3900146484375,0.9796801986416719
SPY261130C00743000,2026-08-25 15:52:49+00:00,743.0,41.62,32.77,33.31,0.0,0.0,280.0,255.0,0.1852879933929443,True,REGULAR,USD,33.040000000000006,0.016343825665859537,33.040000000000006,mid,0.1558995000645518,2026-11-30,call,0.20821917808219179,757.3900146484375,0.9810005223595177
SPY261130C00744000,2026-09-08 14:23:24+00:00,744.0,39.26,31.99,32.56,0.0,0.0,1.0,506.0,0.18394523338317872,True,REGULAR,USD,32.275,0.017660728117738306,32.275,mid,0.15482469119131564,2026-11-30,call,0.20821917808219179,757.3900146484375,0.9823208460773637
SPY261130C00745000,2026-09-15 20:01:22+00:00,745.0,31.33,31.28,31.82,-2.3500004,-6.9774356,1.0,589.0,0.18264061996459957,True,REGULAR,USD,31.55,0.017115689381933412,31.55,mid,0.15402258586138487,2026-11-30,call,0.20821917808219179,757.3900146484375,0.9836411697952097
SPY261130C00746000,2026-09-10 14:56:45+00:00,746.0,32.84,30.55,31.09,0.0,0.0,5.0,508.0,0.181374153137207,True,REGULAR,USD,30.82,0.017521090201168044,30.82,mid,0.15313710797578092,2026-11-30,call,0.20821917808219179,757.3900146484375,0.9849614935130555
SPY261130C00747000,2026-09-08 19:31:06+00:00,747.0,37.07,29.81,30.37,0.0,0.0,2.0,706.0,0.18013820358276367,True,REGULAR,USD,30.09,0.01861083416417422,30.09,mid,0.15220760157331825,2026-11-30,call,0.20821917808219179,757.3900146484375,0.9862818172309015
SPY261130C00748000,2026-09-14 15:15:08+00:00,748.0,30.08,29.1,29.65,0.0,0.0,9.0,96.0,0.1788717367553711,True,REGULAR,USD,29.375,0.018723404255319053,29.375,mid,0.15134901296347378,2026-11-30,call,0.20821917808219179,757.3900146484375,0.9876021409487473
SPY261130C00749000,2026-09-15 14:38:59+00:00,749.0,28.12,28.41,28.93,-5.319998,-15.909084,2.0,151.0,0.1775594940185547,True,REGULAR,USD,28.67,0.01813742588071153,28.67,mid,0.15052099429070948,2026-11-30,call,0.20821917808219179,757.3900146484375,0.9889224646665933
SPY261130C00750000,2026-09-15 20:00:01+00:00,750.0,27.6,27.68,28.22,-2.8099995,-9.240379,25.0,686.0,0.17627776855468752,True,REGULAR,USD,27.95,0.019320214669051847,27.95,mid,0.14953243000432848,2026-11-30,call,0.20821917808219179,757.3900146484375,0.9902427883844392
SPY261130C00751000,2026-09-15 15:01:35+00:00,751.0,26.54,26.98,27.53,-6.5699997,-19.842947,32.0,139.0,0.17510285354614258,True,REGULAR,USD,27.255000000000003,0.020179783525958565,27.255000000000003,mid,0.14868679806590082,2026-11-30,call,0.20821917808219179,757.3900146484375,0.9915631121022851
SPY261130C00752000,2026-09-15 15:06:29+00:00,752.0,26.15,26.29,26.83,-4.8500004,-15.645163,178.0,109.0,0.1738211280822754,True,REGULAR,USD,26.56,0.020331325301204788,26.56,mid,0.14779319670051333,2026-11-30,call,0.20821917808219179,757.3900146484375,0.992883435820131
SPY261130C00753000,2026-09-15 15:06:07+00:00,753.0,25.42,25.6,26.15,-6.33,-19.937008,619.0,225.0,0.1726309544372559,True,REGULAR,USD,25.875,0.021256038647342886,25.875,mid,0.14692608494311568,2026-11-30,call,0.20821917808219179,757.3900146484375,0.9942037595379769
SPY261130C00754000,2026-09-15 14:46:27+00:00,754.0,24.82,24.93,25.47,-1.1499996,-4.428185,144.0,126.0,0.17141026351928712,True,REGULAR,USD,25.2,0.021428571428571394,25.2,mid,0.1460841243714094,2026-11-30,call,0.20821917808219179,757.3900146484375,0.9955240832558229
SPY261130C00755000,2026-09-15 17:57:50+00:00,755.0,24.25,24.26,24.79,-2.75,-10.185185,25.0,329.0,0.17012853805541994,True,REGULAR,USD,24.525,0.02161060142711509,24.525,mid,0.14519191719591618,2026-11-30,call,0.20821917808219179,757.3900146484375,0.9968444069736688
SPY261130C00756000,2026-09-15 14:46:53+00:00,756.0,23.5,23.59,24.14,-1.0,-4.0816326,2.0,361.0,0.16902991622924807,True,REGULAR,USD,23.865000000000002,0.023046302116069586,23.865000000000002,mid,0.14435979960486287,2026-11-30,call,0.20821917808219179,757.3900146484375,0.9981647306915147
SPY261130C00757000,2026-09-15 17:32:40+00:00,757.0,22.8,22.93,23.48,-5.9900017,-20.805841,20.0,193.0,0.16780922531127934,True,REGULAR,USD,23.205,0.023701788407670794,23.205,mid,0.14347579956054685,2026-11-30,call,0.20821917808219179,757.3900146484375,0.9994850544093606
SPY261130C00758000,2026-09-15 16:42:39+00:00,758.0,22.3,22.29,22.84,-2.6200008,-10.513647,30.0,595.0,0.16668008621215824,False,REGULAR,USD,22.564999999999998,0.024374030578329306,22.564999999999998,mid,0.14268611181527371,2026-11-30,call,0.20821917808219179,757.3900146484375,1.0008053781272066
SPY261130C00759000,2026-09-15 16:53:58+00:00,759.0,21.93,21.84,22.01,-2.8199997,-11.393938,7.0,120.0,0.16414715255737305,False,REGULAR,USD,21.925,0.007753705815279439,21.925,mid,0.14184266410768032,2026-11-30,call,0.20821917808219179,757.3900146484375,1.0021257018450525
SPY261130C00760000,2026-09-15 19:39:22+00:00,760.0,20.5,21.21,21.39,-2.9400005,-12.542665,64.0,892.0,0.1630637893676758,False,REGULAR,USD,21.3,0.0084507042253521,21.3,mid,0.14105437055230138,2026-11-30,call,0.20821917808219179,757.3900146484375,1.0034460255628983
SPY261130C00761000,2026-09-15 14:58:10+00:00,761.0,20.09,20.59,20.76,-2.9099998,-12.652174,7.0,271.0,0.16185835708618163,False,REGULAR,USD,20.675,0.008222490931076262,20.675,mid,0.14021069977432485,2026-11-30,call,0.20821917808219179,757.3900146484375,1.0047663492807444
SPY261130C00762000,2026-09-15 14:40:49+00:00,762.0,19.5,19.98,20.15,-2.5,-11.363636,1.0,604.0,0.1607597352600098,False,REGULAR,USD,20.064999999999998,0.008472464490406088,20.064999999999998,mid,0.13942004539072506,2026-11-30,call,0.20821917808219179,757.3900146484375,1.0060866729985902
SPY261130C00763000,2026-09-15 19:39:23+00:00,763.0,18.71,19.37,19.55,-2.67,-12.488307,3.0,950.0,0.15966111343383788,False,REGULAR,USD,19.46,0.009249743062692687,19.46,mid,0.13860862687230105,2026-11-30,call,0.20821917808219179,757.3900146484375,1.007406996716436
SPY261130C00764000,2026-09-15 19:51:19+00:00,764.0,18.2,18.78,18.96,-3.2999992,-15.348834,8.0,474.0,0.15859300888061523,False,REGULAR,USD,18.87,0.009538950715421287,18.87,mid,0.13784814275801177,2026-11-30,call,0.20821917808219179,757.3900146484375,1.0087273204342821
SPY261130C00765000,2026-09-15 20:01:55+00:00,765.0,18.1,18.19,18.37,-2.4099998,-11.750365,27.0,650.0,0.15746386978149413,False,REGULAR,USD,18.28,0.009846827133479195,18.28,mid,0.13702880524098876,2026-11-30,call,0.20821917808219179,757.3900146484375,1.010047644152128
SPY261130C00766000,2026-09-14 18:04:02+00:00,766.0,20.19,17.61,17.8,0.0,0.0,67.0,227.0,0.156433911819458,False,REGULAR,USD,17.705,0.01073143179892693,17.705,mid,0.1362585432082414,2026-11-30,call,0.20821917808219179,757.3900146484375,1.0113679678699738
SPY261130C00767000,2026-09-15 15:32:22+00:00,767.0,16.85,17.05,17.23,-2.4499989,-12.694295,11.0,233.0,0.15534291931152344,False,REGULAR,USD,17.14,0.010501750291715269,17.14,mid,0.13550020614638925,2026-11-30,call,0.20821917808219179,757.3900146484375,1.01268829158782
SPY261130C00768000,2026-09-15 15:00:44+00:00,768.0,16.14,16.49,16.68,-2.8400002,-14.9631195,1.0,535.0,0.15433584930419925,False,REGULAR,USD,16.585,0.011456135061802911,16.585,mid,0.13475297613069415,2026-11-30,call,0.20821917808219179,757.3900146484375,1.0140086153056658
SPY261130C00769000,2026-09-15 18:19:30+00:00,769.0,15.82,15.94,16.13,-1.7800007,-10.11364,444.0,237.0,0.1532830033874512,False,REGULAR,USD,16.035,0.011849080137199845,16.035,mid,0.13397967476397757,2026-11-30,call,0.20821917808219179,757.3900146484375,1.0153289390235116
SPY261130C00770000,2026-09-15 20:00:31+00:00,770.0,15.24,15.41,15.59,-2.33,-13.261241,511.0,1388.0,0.15223015747070315,False,REGULAR,USD,15.5,0.011612903225806433,15.5,mid,0.13325227012857793,2026-11-30,call,0.20821917808219179,757.3900146484375,1.0166492627413575
SPY261130C00771000,2026-09-14 19:33:48+00:00,771.0,16.98,14.88,15.07,0.0,0.0,5.0,465.0,0.15126886337280276,False,REGULAR,USD,14.975000000000001,0.012687813021702804,14.975000000000001,mid,0.13253371395170688,2026-11-30,call,0.20821917808219179,757.3900146484375,1.0179695864592035
SPY261130C00772000,2026-09-14 15:50:56+00:00,772.0,16.21,14.37,14.55,0.0,0.0,100.0,713.0,0.15024653472900396,False,REGULAR,USD,14.46,0.01244813278008309,14.46,mid,0.13182334631681442,2026-11-30,call,0.20821917808219179,757.3900146484375,1.0192899101770494
SPY261130C00773000,2026-09-15 17:02:51+00:00,773.0,13.75,13.86,14.04,-2.1800003,-13.684873,7.0,879.0,0.1492242060852051,False,REGULAR,USD,13.95,0.012903225806451594,13.95,mid,0.13108373787254096,2026-11-30,call,0.20821917808219179,757.3900146484375,1.0206102338948952
SPY261130C00774000,2026-09-15 14:13:49+00:00,774.0,13.49,13.37,13.55,-1.1100006,-7.6027436,1.0,327.0,0.14830868789672852,False,REGULAR,USD,13.46,0.01337295690936118,13.46,mid,0.13042469501495363,2026-11-30,call,0.20821917808219179,757.3900146484375,1.0219305576127413
SPY261130C00775000,2026-09-15 19:58:54+00:00,775.0,12.67,12.88,13.06,-1.7399998,-12.074946,23.0,703.0,0.14731687652587894,False,REGULAR,USD,12.97,0.013878180416345389,12.97,mid,0.12969813618808984,2026-11-30,call,0.20821917808219179,757.3900146484375,1.0232508813305872
SPY261130C00776000,2026-09-15 19:21:42+00:00,776.0,12.07,12.41,12.59,-2.6400003,-17.946978,3.0,142.0,0.1464013583374023,False,REGULAR,USD,12.5,0.014399999999999977,12.5,mid,0.12905173398554326,2026-11-30,call,0.20821917808219179,757.3900146484375,1.024571205048433
SPY261130C00777000,2026-09-15 19:16:48+00:00,777.0,11.63,11.95,12.13,-3.9799995,-25.496473,2.0,348.0,0.145516357421875,False,REGULAR,USD,12.04,0.014950166112956936,12.04,mid,0.1284111873805523,2026-11-30,call,0.20821917808219179,757.3900146484375,1.025891528766279
SPY261130C00778000,2026-09-15 18:37:56+00:00,778.0,11.25,11.5,11.68,-4.25,-27.419355,1.0,531.0,0.14463135650634767,False,REGULAR,USD,11.59,0.015530629853321804,11.59,mid,0.1277761245891452,2026-11-30,call,0.20821917808219179,757.3900146484375,1.027211852484125
SPY261130C00779000,2026-09-15 15:35:06+00:00,779.0,10.97,11.06,11.24,-2.1899996,-16.641335,1.0,881.0,0.1437616142272949,False,REGULAR,USD,11.15,0.016143497757847507,11.15,mid,0.1271462295949459,2026-11-30,call,0.20821917808219179,757.3900146484375,1.0285321762019708
SPY261130C00780000,2026-09-15 19:52:20+00:00,780.0,10.19,10.63,10.8,-1.7700005,-14.799335,35.0,3887.0,0.14281557876586914,False,REGULAR,USD,10.715,0.0158656089594027,10.715,mid,0.12648283686488865,2026-11-30,call,0.20821917808219179,757.3900146484375,1.0298524999198169
SPY261130C00781000,2026-09-15 16:34:02+00:00,781.0,10.25,10.22,10.39,-3.21,-23.84844,5.0,666.0,0.14203738830566404,False,REGULAR,USD,10.305,0.01649684619116933,10.305,mid,0.12593954894691706,2026-11-30,call,0.20821917808219179,757.3900146484375,1.0311728236376627
SPY261130C00782000,2026-09-11 15:10:32+00:00,782.0,13.09,9.81,9.98,0.0,0.0,59.0,354.0,0.14118290466308597,False,REGULAR,USD,9.895,0.017180394138453757,9.895,mid,0.12532400481402872,2026-11-30,call,0.20821917808219179,757.3900146484375,1.0324931473555086
SPY261130C00783000,2026-09-15 18:30:37+00:00,783.0,9.29,9.42,9.58,-1.4899998,-13.82189,4.0,242.0,0.1403436796569824,False,REGULAR,USD,9.5,0.016842105263157908,9.5,mid,0.12475227542221547,2026-11-30,call,0.20821917808219179,757.3900146484375,1.0338134710733544
SPY261130C00784000,2026-09-15 18:00:46+00:00,784.0,8.86,9.03,9.2,-1.4800005,-14.313351,1.0,59.0,0.13959600646972659,False,REGULAR,USD,9.114999999999998,0.01865057597366977,9.114999999999998,mid,0.12418568594381213,2026-11-30,call,0.20821917808219179,757.3900146484375,1.0351337947912005
SPY261130C00785000,2026-09-15 18:31:40+00:00,785.0,8.51,8.66,8.82,-1.7799997,-17.298346,2.0,832.0,0.1387720401000977,False,REGULAR,USD,8.74,0.018306636155606425,8.74,mid,0.1236243014410138,2026-11-30,call,0.20821917808219179,757.3900146484375,1.0364541185090463
SPY261130C00786000,2026-09-15 18:30:40+00:00,786.0,8.18,8.3,8.46,-1.75,-17.623363,12.0,104.0,0.13803962554931642,False,REGULAR,USD,8.38,0.019093078758949895,8.38,mid,0.1231090646237135,2026-11-30,call,0.20821917808219179,757.3900146484375,1.0377744422268922
SPY261130C00787000,2026-09-15 15:35:06+00:00,787.0,7.91,7.95,8.11,-1.5900002,-16.736843,1.0,27.0,0.1373377282714844,False,REGULAR,USD,8.03,0.01992528019925271,8.03,mid,0.12260042697191237,2026-11-30,call,0.20821917808219179,757.3900146484375,1.0390947659447383
SPY261130C00788000,2026-09-15 18:27:53+00:00,788.0,7.47,7.61,7.76,-1.4100003,-15.878382,5.0,58.0,0.13654427917480472,False,REGULAR,USD,7.6850000000000005,0.01951854261548464,7.6850000000000005,mid,0.12205701822414995,2026-11-30,call,0.20821917808219179,757.3900146484375,1.0404150896625841
SPY261130C00789000,2026-09-15 18:49:24+00:00,789.0,7.0,7.28,7.43,-1.5200005,-17.84038,12.0,953.0,0.13584238189697267,False,REGULAR,USD,7.355,0.020394289598912232,7.355,mid,0.12156238753348586,2026-11-30,call,0.20821917808219179,757.3900146484375,1.04173541338043
SPY261130C00790000,2026-09-15 20:09:02+00:00,790.0,6.96,6.97,7.11,-1.2299995,-15.018311,15.0,1398.0,0.13515574325561525,False,REGULAR,USD,7.04,0.019886363636363716,7.04,mid,0.12111892361193893,2026-11-30,call,0.20821917808219179,757.3900146484375,1.043055737098276
SPY261130C00791000,2026-09-14 16:06:09+00:00,791.0,7.8,6.66,6.8,0.0,0.0,4.0,13.0,0.13449962188720704,False,REGULAR,USD,6.73,0.020802377414561615,6.73,mid,0.12064194336533546,2026-11-30,call,0.20821917808219179,757.3900146484375,1.0443760608161219
SPY261130C00792000,2026-09-15 14:40:39+00:00,792.0,6.15,6.36,6.51,-1.1700001,-15.983607,3.0,23.0,0.13391979370117188,False,REGULAR,USD,6.4350000000000005,0.023310023310023225,6.4350000000000005,mid,0.12021911345422268,2026-11-30,call,0.20821917808219179,757.3900146484375,1.0456963845339677
SPY261130C00793000,2026-09-11 14:53:21+00:00,793.0,8.35,6.07,6.22,0.0,0.0,1.0,461.0,0.13329418960571288,False,REGULAR,USD,6.145,0.024410089503661428,6.145,mid,0.11976341784000395,2026-11-30,call,0.20821917808219179,757.3900146484375,1.0470167082518138
SPY261130C00794000,2026-09-15 14:12:12+00:00,794.0,5.89,5.85,5.89,-1.1800003,-16.690245,1.0,38.0,0.13219556777954106,False,REGULAR,USD,5.869999999999999,0.006814310051107332,5.869999999999999,mid,0.1193655718117952,2026-11-30,call,0.20821917808219179,757.3900146484375,1.0483370319696597
SPY261130C00795000,2026-09-15 18:47:30+00:00,795.0,5.34,5.58,5.62,-1.6599998,-23.714283,31.0,580.0,0.13156996368408203,False,REGULAR,USD,5.6,0.00714285714285715,5.6,mid,0.11893595684319735,2026-11-30,call,0.20821917808219179,757.3900146484375,1.0496573556875055
SPY261130C00796000,2026-09-15 18:49:25+00:00,796.0,5.05,5.32,5.37,-1.5299997,-23.252275,1.0,150.0,0.1310816873168945,False,REGULAR,USD,5.345000000000001,0.00935453695042092,5.345000000000001,mid,0.11856878299266099,2026-11-30,call,0.20821917808219179,757.3900146484375,1.0509776794053514
SPY261130C00797000,2026-09-15 18:30:21+00:00,797.0,4.95,5.08,5.12,-3.04,-38.04756,1.0,211.0,0.13051711776733393,False,REGULAR,USD,5.1,0.007843137254901968,5.1,mid,0.11822001244872807,2026-11-30,call,0.20821917808219179,757.3900146484375,1.0522980031231974
SPY261130C00798000,2026-09-15 14:33:13+00:00,798.0,4.71,4.84,4.88,-1.0799999,-18.65285,1.0,2.0,0.12996780685424802,False,REGULAR,USD,4.859999999999999,0.008230452674897127,4.859999999999999,mid,0.1178422427549958,2026-11-30,call,0.20821917808219179,757.3900146484375,1.0536183268410433
SPY261130C00799000,2026-09-11 19:35:20+00:00,799.0,6.51,4.61,4.65,0.0,0.0,2.0,13.0,0.12943375457763673,False,REGULAR,USD,4.630000000000001,0.008639308855291582,4.630000000000001,mid,0.11748523719608782,2026-11-30,call,0.20821917808219179,757.3900146484375,1.0549386505588891
SPY261130C00800000,2026-09-15 20:02:50+00:00,800.0,4.34,4.39,4.43,-0.71000004,-14.059405,29.0,2318.0,0.12894547821044922,False,REGULAR,USD,4.41,0.009070294784580506,4.41,mid,0.11715148672461509,2026-11-30,call,0.20821917808219179,757.3900146484375,1.0562589742767352
SPY261130C00801000,2026-09-15 17:58:46+00:00,801.0,4.05,4.18,4.22,-0.98,-19.4831,3.0,143.0,0.12848771911621093,False,REGULAR,USD,4.199999999999999,0.009523809523809533,4.199999999999999,mid,0.11684372395277023,2026-11-30,call,0.20821917808219179,757.3900146484375,1.057579297994581
SPY261130C00802000,2026-09-15 16:00:10+00:00,802.0,3.87,3.97,4.01,-0.96000004,-19.875776,2.0,23.0,0.127938408203125,False,REGULAR,USD,3.99,0.010025062656641501,3.99,mid,0.11645695708692076,2026-11-30,call,0.20821917808219179,757.3900146484375,1.058899621712427
SPY261130C00803000,2026-09-15 18:07:46+00:00,803.0,3.69,3.78,3.82,-0.9200001,-19.956617,2.0,29.0,0.1275416836547852,False,REGULAR,USD,3.8,0.010526315789473694,3.8,mid,0.11620823360979558,2026-11-30,call,0.20821917808219179,757.3900146484375,1.060219945430273
SPY261130C00804000,2026-09-15 16:05:23+00:00,804.0,3.51,3.59,3.63,-1.9399998,-35.59633,29.0,9.0,0.12705340728759767,False,REGULAR,USD,3.61,0.01108033240997231,3.61,mid,0.11588238354772332,2026-11-30,call,0.20821917808219179,757.3900146484375,1.0615402691481188
SPY261130C00805000,2026-09-15 15:51:00+00:00,805.0,3.31,3.42,3.45,-0.97000027,-22.663557,3.0,231.0,0.12662616546630856,False,REGULAR,USD,3.435,0.008733624454148544,3.435,mid,0.11564944230020047,2026-11-30,call,0.20821917808219179,757.3900146484375,1.0628605928659647
SPY261130C00806000,2026-09-15 15:24:48+00:00,806.0,3.23,3.24,3.28,-0.71000004,-18.020304,1.0,20405.0,0.12622944091796873,False,REGULAR,USD,3.26,0.012269938650306624,3.26,mid,0.11533937446773053,2026-11-30,call,0.20821917808219179,757.3900146484375,1.0641809165838108
SPY261130C00807000,2026-09-14 15:58:13+00:00,807.0,3.79,3.08,3.11,0.0,0.0,218.0,528.0,0.1257716818237305,False,REGULAR,USD,3.0949999999999998,0.009693053311793152,3.0949999999999998,mid,0.11507007274776697,2026-11-30,call,0.20821917808219179,757.3900146484375,1.0655012403016566
SPY261130C00808000,2026-09-15 14:33:13+00:00,808.0,2.79,2.92,2.96,-0.6400001,-18.658894,1.0,880.0,0.1254665090942383,False,REGULAR,USD,2.94,0.01360544217687076,2.94,mid,0.11484664916992188,2026-11-30,call,0.20821917808219179,757.3900146484375,1.0668215640195025
SPY261130C00809000,2026-09-15 15:35:06+00:00,809.0,2.72,2.77,2.81,-0.56999993,-17.325226,1.0,119.0,0.12510030181884768,False,REGULAR,USD,2.79,0.014336917562724026,2.79,mid,0.11461013879626993,2026-11-30,call,0.20821917808219179,757.3900146484375,1.0681418877373483
SPY261130C00810000,2026-09-15 16:52:28+00:00,810.0,2.59,2.63,2.66,-0.58000016,-18.296534,19.0,639.0,0.12464254272460937,False,REGULAR,USD,2.645,0.01134215500945189,2.645,mid,0.11436126660555601,2026-11-30,call,0.20821917808219179,757.3900146484375,1.0694622114551944
SPY261130C00811000,2026-09-10 13:54:13+00:00,811.0,3.23,2.49,2.52,0.0,0.0,1.0,162.0,0.12427633544921876,False,REGULAR,USD,2.505,0.01197604790419154,2.505,mid,0.11410088770091535,2026-11-30,call,0.20821917808219179,757.3900146484375,1.0707825351730402
SPY261130C00812000,2026-09-14 16:26:31+00:00,812.0,2.96,2.36,2.39,0.0,0.0,3.0,176.0,0.12394064544677735,False,REGULAR,USD,2.375,0.012631578947368527,2.375,mid,0.11390057049691679,2026-11-30,call,0.20821917808219179,757.3900146484375,1.072102858890886
SPY261130C00813000,2026-09-15 17:44:02+00:00,813.0,2.15,2.24,2.27,-0.76,-26.116838,2.0,10.0,0.1236965072631836,False,REGULAR,USD,2.255,0.01330376940133029,2.255,mid,0.11376784361898898,2026-11-30,call,0.20821917808219179,757.3900146484375,1.0734231826087322
SPY261130C00814000,2026-09-11 16:45:19+00:00,814.0,3.34,2.12,2.15,0.0,0.0,,11.0,0.1233608172607422,False,REGULAR,USD,2.135,0.01405152224824347,2.135,mid,0.11356142915785312,2026-11-30,call,0.20821917808219179,757.3900146484375,1.074743506326578
SPY261130C00815000,2026-09-14 14:03:37+00:00,815.0,2.43,2.01,2.04,0.0,0.0,1.0,353.0,0.12311667907714845,False,REGULAR,USD,2.025,0.014814814814814939,2.025,mid,0.11343095157295466,2026-11-30,call,0.20821917808219179,757.3900146484375,1.0760638300444239
SPY261130C00816000,2026-09-09 20:00:37+00:00,816.0,2.09,1.9,1.93,-0.94000006,-31.023106,1.0,4.0,0.12281150634765625,False,REGULAR,USD,1.915,0.015665796344647532,1.915,mid,0.11322656333446503,2026-11-30,call,0.20821917808219179,757.3900146484375,1.07738415376227
SPY261130C00817000,2026-09-15 15:35:06+00:00,817.0,1.76,1.8,1.83,-0.16999996,-8.808289,1.0,58.0,0.12259788543701172,False,REGULAR,USD,1.815,0.016528925619834725,1.815,mid,0.11310796424746514,2026-11-30,call,0.20821917808219179,757.3900146484375,1.0787044774801158
SPY261130C00818000,2026-09-14 15:41:55+00:00,818.0,2.12,1.7,1.73,0.0,0.0,1.0,2.0,0.12229271270751954,False,REGULAR,USD,1.7149999999999999,0.01749271137026241,1.7149999999999999,mid,0.1129159750044346,2026-11-30,call,0.20821917808219179,757.3900146484375,1.0800248011979616
SPY261130C00819000,2026-09-14 15:33:58+00:00,819.0,1.9,1.61,1.64,0.0,0.0,2.0,14.0,0.12210960906982424,False,REGULAR,USD,1.625,0.018461538461538342,1.625,mid,0.11282146751880646,2026-11-30,call,0.20821917808219179,757.3900146484375,1.0813451249158077
SPY261130C00820000,2026-09-15 20:10:23+00:00,820.0,1.52,1.52,1.55,-0.37,-19.57672,14.0,1370.0,0.12183495361328125,False,REGULAR,USD,1.5350000000000001,0.019543973941368094,1.5350000000000001,mid,0.1126549454778433,2026-11-30,call,0.20821917808219179,757.3900146484375,1.0826654486336535
SPY261130C00825000,2026-09-15 18:40:38+00:00,825.0,1.08,1.16,1.17,-0.37,-25.51724,6.0,241.0,0.12079736633300782,False,REGULAR,USD,1.165,0.00858369098712447,1.165,mid,0.11228565245866776,2026-11-30,call,0.20821917808219179,757.3900146484375,1.089267067222883
SPY261130C00830000,2026-09-15 18:56:00+00:00,830.0,0.81,0.87,0.88,-0.39000005,-32.5,44.0,1720.0,0.12000391723632811,False,REGULAR,USD,0.875,0.011428571428571439,0.875,mid,0.11195327758789062,2026-11-30,call,0.20821917808219179,757.3900146484375,1.0958686858121127
SPY261130C00835000,2026-09-15 18:39:53+00:00,835.0,0.62,0.66,0.67,-0.23000002,-27.058825,28.0,1152.0,0.1198208135986328,False,REGULAR,USD,0.665,0.015037593984962419,0.665,mid,0.11212043166160585,2026-11-30,call,0.20821917808219179,757.3900146484375,1.1024703044013424
SPY261130C00840000,2026-09-15 14:04:41+00:00,840.0,0.53,0.5,0.52,-0.15000004,-22.058828,10.0,358.0,0.12024805541992187,False,REGULAR,USD,0.51,0.03921568627450984,0.51,mid,0.11261951446533203,2026-11-30,call,0.20821917808219179,757.3900146484375,1.109071922990572
SPY261130C00845000,2026-09-15 16:31:28+00:00,845.0,0.37,0.39,0.4,-0.13,-26.0,4.0,428.0,0.12049219360351562,False,REGULAR,USD,0.395,0.025316455696202552,0.395,mid,0.11339475840330127,2026-11-30,call,0.20821917808219179,757.3900146484375,1.1156735415798016
SPY261130C00850000,2026-09-15 16:31:13+00:00,850.0,0.3,0.3,0.31,-0.099999994,-24.999998,4.0,5005.0,0.1211025390625,False,REGULAR,USD,0.305,0.03278688524590167,0.305,mid,0.11416836649179457,2026-11-30,call,0.20821917808219179,757.3900146484375,1.122275160169031
SPY261130C00855000,2026-09-14 15:45:16+00:00,855.0,0.32,0.24,0.25,0.0,0.0,20.0,141.0,0.12232322998046877,False,REGULAR,USD,0.245,0.04081632653061228,0.245,mid,0.1156363183259964,2026-11-30,call,0.20821917808219179,757.3900146484375,1.1288767787582608
SPY261130C00860000,2026-09-11 20:00:31+00:00,860.0,0.3,0.19,0.2,0.0,0.0,1.0,658.0,0.1235439208984375,False,REGULAR,USD,0.195,0.05128205128205133,0.195,mid,0.11693012654781341,2026-11-30,call,0.20821917808219179,757.3900146484375,1.1354783973474902
SPY261130C00865000,2026-09-09 14:25:59+00:00,865.0,0.29,0.16,0.17,0.0,0.0,8.0,802.0,0.1256190954589844,False,REGULAR,USD,0.165,0.060606060606060656,0.165,mid,0.11914700001478193,2026-11-30,call,0.20821917808219179,757.3900146484375,1.14208001593672
SPY261130C00870000,2026-09-14 15:44:57+00:00,870.0,0.18,0.13,0.14,0.0,0.0,1.0,1173.0,0.12720599365234375,False,REGULAR,USD,0.135,0.07407407407407414,0.135,mid,0.12078195720911025,2026-11-30,call,0.20821917808219179,757.3900146484375,1.1486816345259494
SPY261130C00875000,2026-09-15 14:18:20+00:00,875.0,0.12,0.11,0.12,-0.020000003,-14.285716,5.0,69.0,0.1294032373046875,False,REGULAR,USD,0.11499999999999999,0.0869565217391304,0.11499999999999999,mid,0.12296313941478727,2026-11-30,call,0.20821917808219179,757.3900146484375,1.155283253115179
SPY261130C00880000,2026-09-15 19:30:34+00:00,880.0,0.09,0.09,0.1,-0.03999999,-30.769224,10.0,1112.0,0.13086806640624998,False,REGULAR,USD,0.095,0.10526315789473693,0.095,mid,0.12463289558887482,2026-11-30,call,0.20821917808219179,757.3900146484375,1.1618848717044086
SPY261130C00885000,2026-09-01 16:15:54+00:00,885.0,0.15,0.08,0.09,0.0,0.0,1.0,236.0,0.133797724609375,False,REGULAR,USD,0.08499999999999999,0.11764705882352937,0.08499999999999999,mid,0.12738260984420774,2026-11-30,call,0.20821917808219179,757.3900146484375,1.1684864902936383
SPY261130C00890000,2026-09-15 15:30:49+00:00,890.0,0.07,0.07,0.08,-0.049999997,-41.666664,1.0,259.0,0.1362391064453125,False,REGULAR,USD,0.07500000000000001,0.13333333333333325,0.07500000000000001,mid,0.12985779881477358,2026-11-30,call,0.20821917808219179,757.3900146484375,1.1750881088828677
SPY261130C00895000,2026-08-31 16:43:44+00:00,895.0,0.13,0.06,0.07,0.0,0.0,2501.0,3260.0,0.1381922119140625,False,REGULAR,USD,0.065,0.15384615384615397,0.065,mid,0.13201117157936096,2026-11-30,call,0.20821917808219179,757.3900146484375,1.1816897274720974
SPY261130C00900000,2026-09-15 16:23:40+00:00,900.0,0.05,0.05,0.06,-0.029999997,-37.499996,42.0,3995.0,0.1401453173828125,False,REGULAR,USD,0.055,0.18181818181818174,0.055,mid,0.1337743198871613,2026-11-30,call,0.20821917808219179,757.3900146484375,1.1882913460613271
SPY261130C00905000,2026-09-15 16:53:06+00:00,905.0,0.05,0.05,0.06,-0.08,-61.538464,1.0,140.0,0.14405152832031248,False,REGULAR,USD,0.055,0.18181818181818174,0.055,mid,0.13778244853019708,2026-11-30,call,0.20821917808219179,757.3900146484375,1.1948929646505566
SPY261130C00910000,2026-09-09 18:15:47+00:00,910.0,0.07,0.04,0.05,0.0,0.0,1.0,36.0,0.145516357421875,False,REGULAR,USD,0.045,0.22222222222222227,0.045,mid,0.1389483630657196,2026-11-30,call,0.20821917808219179,757.3900146484375,1.2014945832397863
SPY261130C00915000,2026-09-04 15:57:41+00:00,915.0,0.08,0.04,0.05,0.0,0.0,20.0,37.0,0.149422568359375,False,REGULAR,USD,0.045,0.22222222222222227,0.045,mid,0.1428244340419769,2026-11-30,call,0.20821917808219179,757.3900146484375,1.2080962018290158
SPY261130C00920000,2026-09-10 14:35:22+00:00,920.0,0.05,0.03,0.04,0.0,0.0,17.0,257.0,0.14991084472656252,False,REGULAR,USD,0.035,0.28571428571428575,0.035,mid,0.14319502830505365,2026-11-30,call,0.20821917808219179,757.3900146484375,1.2146978204182455
SPY261130P00475000,2026-09-15 17:52:46+00:00,475.0,0.47,0.45,0.46,0.02000001,4.4444466,16.0,1010.0,0.44385321777343745,False,REGULAR,USD,0.455,0.021978021978021997,0.455,mid,0.45318533112704756,2026-11-30,put,0.20821917808219179,757.3900146484375,0.6271537659768115
SPY261130P00480000,2026-09-11 16:25:57+00:00,480.0,0.45,0.47,0.48,0.0,0.0,1.0,53.0,0.43726148681640625,False,REGULAR,USD,0.475,0.02105263157894739,0.475,mid,0.44666754456758495,2026-11-30,put,0.20821917808219179,757.3900146484375,0.6337553845660411
SPY261130P00485000,2026-09-08 19:48:31+00:00,485.0,0.5,0.5,0.51,0.030000001,6.382979,20.0,160.0,0.43164630859375,False,REGULAR,USD,0.505,0.01980198019801982,0.505,mid,0.44125018675327304,2026-11-30,put,0.20821917808219179,757.3900146484375,0.6403570031552707
SPY261130P00490000,2026-09-09 17:53:53+00:00,490.0,0.51,0.52,0.53,0.0,0.0,1.0,74.0,0.4250545776367188,False,REGULAR,USD,0.525,0.019047619047619063,0.525,mid,0.4345492685854435,2026-11-30,put,0.20821917808219179,757.3900146484375,0.6469586217445003
SPY261130P00495000,2026-09-14 14:17:12+00:00,495.0,0.59,0.55,0.56,0.0,0.0,1.0,16.0,0.41919526123046874,False,REGULAR,USD,0.555,0.018018018018018032,0.555,mid,0.42885594678521155,2026-11-30,put,0.20821917808219179,757.3900146484375,0.6535602403337298
SPY261130P00500000,2026-09-15 17:53:10+00:00,500.0,0.61,0.58,0.59,0.060000002,10.909091,17.0,380.0,0.4133359448242187,False,REGULAR,USD,0.585,0.01709401709401711,0.585,mid,0.4230177885949612,2026-11-30,put,0.20821917808219179,757.3900146484375,0.6601618589229594
SPY261130P00505000,2026-09-15 19:54:36+00:00,505.0,0.62,0.61,0.62,0.01999998,3.33333,5.0,129.0,0.4074766284179688,False,REGULAR,USD,0.615,0.016260162601626032,0.615,mid,0.4170493968605996,2026-11-30,put,0.20821917808219179,757.3900146484375,0.666763477512189
SPY261130P00510000,2026-09-15 17:12:34+00:00,510.0,0.68,0.65,0.66,-0.06999999,-9.333332,10.0,71.0,0.40210558837890625,False,REGULAR,USD,0.655,0.015267175572519097,0.655,mid,0.41186538656353955,2026-11-30,put,0.20821917808219179,757.3900146484375,0.6733650961014187
SPY261130P00515000,2026-09-14 18:01:24+00:00,515.0,0.65,0.68,0.69,0.0,0.0,2.0,43.0,0.39588006469726567,False,REGULAR,USD,0.685,0.014598540145985252,0.685,mid,0.4056333985596895,2026-11-30,put,0.20821917808219179,757.3900146484375,0.6799667146906483
SPY261130P00520000,2026-09-14 19:58:57+00:00,520.0,0.74,0.72,0.73,0.0,0.0,11.0,32.0,0.39038695556640624,False,REGULAR,USD,0.725,0.013793103448275874,0.725,mid,0.40012201629877087,2026-11-30,put,0.20821917808219179,757.3900146484375,0.6865683332798779
SPY261130P00525000,2026-09-14 14:26:36+00:00,525.0,0.82,0.76,0.77,0.0,0.0,3.0,368.0,0.3846497082519531,False,REGULAR,USD,0.765,0.013071895424836612,0.765,mid,0.39444895967245097,2026-11-30,put,0.20821917808219179,757.3900146484375,0.6931699518691075
SPY261130P00530000,2026-09-14 18:57:07+00:00,530.0,0.76,0.8,0.81,0.0,0.0,2.0,542.0,0.37879039184570307,False,REGULAR,USD,0.805,0.012422360248447215,0.805,mid,0.38863032161295413,2026-11-30,put,0.20821917808219179,757.3900146484375,0.699771570458337
SPY261130P00535000,2026-09-15 14:37:00+00:00,535.0,0.88,0.84,0.85,-0.110000014,-11.111113,1.0,191.0,0.37280900634765624,False,REGULAR,USD,0.845,0.011834319526627229,0.845,mid,0.38267981091439723,2026-11-30,put,0.20821917808219179,757.3900146484375,0.7063731890475666
SPY261130P00540000,2026-09-11 18:10:40+00:00,540.0,0.82,0.89,0.9,0.0,0.0,3.0,187.0,0.3673158972167969,False,REGULAR,USD,0.895,0.011173184357541908,0.895,mid,0.37726886047124863,2026-11-30,put,0.20821917808219179,757.3900146484375,0.7129748076367962
SPY261130P00545000,2026-09-15 18:51:41+00:00,545.0,0.98,0.94,0.95,-0.110000014,-10.091744,7.0,59.0,0.3617007189941406,False,REGULAR,USD,0.945,0.010582010582010592,0.945,mid,0.37168416596353043,2026-11-30,put,0.20821917808219179,757.3900146484375,0.7195764262260258
SPY261130P00550000,2026-09-15 19:52:35+00:00,550.0,1.01,0.99,1.0,0.13,14.772727,22.0,746.0,0.35584140258789054,False,REGULAR,USD,0.995,0.010050251256281416,0.995,mid,0.36594196933209894,2026-11-30,put,0.20821917808219179,757.3900146484375,0.7261780448152554
SPY261130P00555000,2026-09-15 20:00:18+00:00,555.0,1.06,1.04,1.05,0.089999914,9.278341,535.0,118.0,0.34998208618164056,False,REGULAR,USD,1.045,0.00956937799043063,1.045,mid,0.36005627738833423,2026-11-30,put,0.20821917808219179,757.3900146484375,0.732779663404485
SPY261130P00560000,2026-09-14 19:58:21+00:00,560.0,1.11,1.1,1.11,0.0,0.0,1.0,954.0,0.3443669079589844,False,REGULAR,USD,1.105,0.009049773755656116,1.105,mid,0.35457492036670446,2026-11-30,put,0.20821917808219179,757.3900146484375,0.7393812819937146
SPY261130P00565000,2026-09-10 13:55:19+00:00,565.0,1.33,1.16,1.17,0.0,0.0,1.0,593.0,0.3386906951904296,False,REGULAR,USD,1.165,0.00858369098712447,1.165,mid,0.34892101134955883,2026-11-30,put,0.20821917808219179,757.3900146484375,0.7459829005829441
SPY261130P00570000,2026-09-14 13:30:07+00:00,570.0,1.31,1.22,1.23,0.0,0.0,7.0,681.0,0.3328313787841797,False,REGULAR,USD,1.225,0.008163265306122455,1.225,mid,0.34310937669575214,2026-11-30,put,0.20821917808219179,757.3900146484375,0.7525845191721738
SPY261130P00575000,2026-09-14 14:22:39+00:00,575.0,1.25,1.29,1.3,-0.110000014,-8.088237,5.0,740.0,0.3272772351074219,False,REGULAR,USD,1.295,0.007722007722007729,1.295,mid,0.3376114797160029,2026-11-30,put,0.20821917808219179,757.3900146484375,0.7591861377614034
SPY261130P00580000,2026-09-15 14:51:15+00:00,580.0,1.43,1.36,1.37,0.15999997,12.598422,7.0,422.0,0.3215399877929687,False,REGULAR,USD,1.3650000000000002,0.007326007326007331,1.3650000000000002,mid,0.3319353684127331,2026-11-30,put,0.20821917808219179,757.3900146484375,0.765787756350633
SPY261130P00581000,2026-08-28 15:36:21+00:00,581.0,1.35,1.38,1.39,0.0,0.0,,18.0,0.3206244696044921,False,REGULAR,USD,1.3849999999999998,0.007220216606498202,1.3849999999999998,mid,0.33103788942396645,2026-11-30,put,0.20821917808219179,757.3900146484375,0.7671080800684789
SPY261130P00585000,2026-09-15 14:07:42+00:00,585.0,1.43,1.44,1.45,-0.09000003,-5.9210553,1.0,1093.0,0.31604687866210934,False,REGULAR,USD,1.4449999999999998,0.006920415224913502,1.4449999999999998,mid,0.3265081015244127,2026-11-30,put,0.20821917808219179,757.3900146484375,0.7723893749398626
SPY261130P00586000,2026-09-04 18:43:03+00:00,586.0,1.22,1.45,1.46,0.0,0.0,2.0,2.0,0.3147041186523437,False,REGULAR,USD,1.455,0.006872852233676982,1.455,mid,0.32515420909672976,2026-11-30,put,0.20821917808219179,757.3900146484375,0.7737096986577084
SPY261130P00587000,2026-09-04 18:47:19+00:00,587.0,1.23,1.47,1.48,0.0,0.0,1.0,1.0,0.31372756591796874,False,REGULAR,USD,1.475,0.006779661016949158,1.475,mid,0.32420182042717927,2026-11-30,put,0.20821917808219179,757.3900146484375,0.7750300223755544
SPY261130P00588000,2026-09-04 18:46:23+00:00,588.0,1.24,1.48,1.49,0.0,0.0,1.0,1.0,0.31238480590820306,False,REGULAR,USD,1.4849999999999999,0.006734006734006741,1.4849999999999999,mid,0.3228386894643307,2026-11-30,put,0.20821917808219179,757.3900146484375,0.7763503460934004
SPY261130P00589000,2026-09-08 18:32:39+00:00,589.0,1.31,1.5,1.51,0.0,0.0,2.0,2.0,0.3113472186279296,False,REGULAR,USD,1.505,0.006644518272425255,1.505,mid,0.321869164802134,2026-11-30,put,0.20821917808219179,757.3900146484375,0.7776706698112462
SPY261130P00590000,2026-09-10 16:11:13+00:00,590.0,1.68,1.52,1.53,0.0,0.0,1.0,478.0,0.31037066589355466,False,REGULAR,USD,1.525,0.006557377049180334,1.525,mid,0.3208889115184546,2026-11-30,put,0.20821917808219179,757.3900146484375,0.7789909935290922
SPY261130P00593000,2026-09-15 17:53:00+00:00,593.0,1.63,1.57,1.58,-0.17999995,-9.944749,2.0,10.0,0.3069527313232422,False,REGULAR,USD,1.5750000000000002,0.006349206349206354,1.5750000000000002,mid,0.31750745863914487,2026-11-30,put,0.20821917808219179,757.3900146484375,0.78295196468263
SPY261130P00595000,2026-09-14 19:45:22+00:00,595.0,1.55,1.6,1.61,0.0,0.0,252.0,432.0,0.30451134948730463,False,REGULAR,USD,1.605,0.006230529595015582,1.605,mid,0.3150928482666612,2026-11-30,put,0.20821917808219179,757.3900146484375,0.7855926121183218
SPY261130P00596000,2026-09-10 19:45:57+00:00,596.0,1.87,1.62,1.63,0.0,0.0,1.0,6.0,0.3034737622070312,False,REGULAR,USD,1.625,0.006153846153846023,1.625,mid,0.3140608144834639,2026-11-30,put,0.20821917808219179,757.3900146484375,0.7869129358361677
SPY261130P00598000,2026-08-28 19:41:13+00:00,598.0,1.67,1.66,1.67,0.0,0.0,,7.0,0.30133755310058596,False,REGULAR,USD,1.665,0.006006006006006011,1.665,mid,0.311968360772729,2026-11-30,put,0.20821917808219179,757.3900146484375,0.7895535832718595
SPY261130P00599000,2026-09-08 16:13:28+00:00,599.0,1.47,1.68,1.69,0.0,0.0,2.0,9.0,0.30023893127441403,False,REGULAR,USD,1.685,0.005934718100890213,1.685,mid,0.3109082388624549,2026-11-30,put,0.20821917808219179,757.3900146484375,0.7908739069897054
SPY261130P00600000,2026-09-15 17:30:40+00:00,600.0,1.78,1.7,1.71,0.15999997,9.876541,2.0,413.0,0.29920134399414056,False,REGULAR,USD,1.705,0.005865102639296193,1.705,mid,0.3098390274256468,2026-11-30,put,0.20821917808219179,757.3900146484375,0.7921942307075514
SPY261130P00601000,2026-09-08 18:38:56+00:00,601.0,1.49,1.71,1.72,0.0,0.0,1.0,2.0,0.297736514892578,False,REGULAR,USD,1.7149999999999999,0.0058309037900874695,1.7149999999999999,mid,0.3084123442813753,2026-11-30,put,0.20821917808219179,757.3900146484375,0.7935145544253973
SPY261130P00603000,2026-09-15 18:51:41+00:00,603.0,1.82,1.75,1.76,-0.21999991,-10.784309,3.0,8.0,0.2955392712402344,False,REGULAR,USD,1.755,0.0056980056980057035,1.755,mid,0.3062375633016228,2026-11-30,put,0.20821917808219179,757.3900146484375,0.7961552018610891
SPY261130P00605000,2026-09-15 14:45:10+00:00,605.0,1.87,1.79,1.8,0.15999997,9.356723,2.0,813.0,0.29328099304199207,False,REGULAR,USD,1.795,0.005571030640668529,1.795,mid,0.3040286593452096,2026-11-30,put,0.20821917808219179,757.3900146484375,0.7987958492967809
SPY261130P00606000,2026-08-26 17:04:25+00:00,606.0,2.08,1.81,1.82,0.0,0.0,,9.0,0.29218237121582025,False,REGULAR,USD,1.815,0.005509641873278242,1.815,mid,0.30291183965057134,2026-11-30,put,0.20821917808219179,757.3900146484375,0.8001161730146269
SPY261130P00607000,2026-09-08 15:45:40+00:00,607.0,1.59,1.83,1.85,0.0,0.0,,12.0,0.29132788757324213,False,REGULAR,USD,1.84,0.010869565217391313,1.84,mid,0.30195051046311855,2026-11-30,put,0.20821917808219179,757.3900146484375,0.8014364967324727
SPY261130P00608000,2026-08-31 14:06:57+00:00,608.0,1.97,1.86,1.87,0.0,0.0,,2.0,0.29016823120117186,False,REGULAR,USD,1.8650000000000002,0.005361930294906171,1.8650000000000002,mid,0.30097763310670855,2026-11-30,put,0.20821917808219179,757.3900146484375,0.8027568204503187
SPY261130P00609000,2026-09-09 19:04:59+00:00,609.0,1.8,1.88,1.89,0.0,0.0,3.0,6.0,0.28900857482910147,False,REGULAR,USD,1.8849999999999998,0.005305039787798413,1.8849999999999998,mid,0.29983339582383634,2026-11-30,put,0.20821917808219179,757.3900146484375,0.8040771441681647
SPY261130P00610000,2026-09-15 17:57:52+00:00,610.0,1.96,1.9,1.91,0.13999999,7.6923065,5.0,813.0,0.28784891845703114,False,REGULAR,USD,1.9049999999999998,0.0052493438320210025,1.9049999999999998,mid,0.2986814845964312,2026-11-30,put,0.20821917808219179,757.3900146484375,0.8053974678860105
SPY261130P00611000,2026-08-26 18:04:50+00:00,611.0,2.16,1.92,1.93,0.0,0.0,,6.0,0.2866892620849609,False,REGULAR,USD,1.9249999999999998,0.0051948051948052,1.9249999999999998,mid,0.29752189942449336,2026-11-30,put,0.20821917808219179,757.3900146484375,0.8067177916038565
SPY261130P00612000,2026-09-15 14:58:10+00:00,612.0,2.07,1.94,1.95,0.26,14.364641,2.0,20404.0,0.28552960571289054,False,REGULAR,USD,1.9449999999999998,0.005141388174807203,1.9449999999999998,mid,0.29635486382097,2026-11-30,put,0.20821917808219179,757.3900146484375,0.8080381153217023
SPY261130P00614000,2026-09-08 19:42:01+00:00,614.0,1.76,1.99,2.0,0.0,0.0,,3.0,0.28339339660644525,False,REGULAR,USD,1.995,0.005012531328320806,1.995,mid,0.29430260518863804,2026-11-30,put,0.20821917808219179,757.3900146484375,0.8106787627573943
SPY261130P00615000,2026-09-15 13:32:13+00:00,615.0,1.98,2.01,2.02,0.08000004,4.2105284,1.0,634.0,0.282233740234375,False,REGULAR,USD,2.0149999999999997,0.004962779156327659,2.0149999999999997,mid,0.2931106478914618,2026-11-30,put,0.20821917808219179,757.3900146484375,0.8119990864752401
SPY261130P00616000,2026-09-15 17:53:26+00:00,616.0,2.12,2.03,2.05,0.23999989,12.765951,2.0,6.0,0.28125718749999995,False,REGULAR,USD,2.04,0.00980392156862746,2.04,mid,0.2920603605508804,2026-11-30,put,0.20821917808219179,757.3900146484375,0.8133194101930861
SPY261130P00617000,2026-09-01 14:53:35+00:00,617.0,2.11,2.06,2.07,0.0,0.0,,1.0,0.28003649658203117,False,REGULAR,USD,2.065,0.0048426150121064345,2.065,mid,0.29100001512765883,2026-11-30,put,0.20821917808219179,757.3900146484375,0.814639733910932
SPY261130P00618000,2026-09-10 20:00:42+00:00,618.0,2.45,2.08,2.09,0.0,0.0,2.0,5.0,0.2788158056640625,False,REGULAR,USD,2.085,0.004796163069544263,2.085,mid,0.28978425370156763,2026-11-30,put,0.20821917808219179,757.3900146484375,0.8159600576287779
SPY261130P00619000,2026-08-26 14:09:33+00:00,619.0,2.39,2.11,2.12,0.0,0.0,,9.0,0.2778697702026367,False,REGULAR,USD,2.115,0.004728132387706964,2.115,mid,0.288849746067822,2026-11-30,put,0.20821917808219179,757.3900146484375,0.8172803813466238
SPY261130P00620000,2026-09-15 17:34:59+00:00,620.0,2.22,2.13,2.14,0.23000002,11.55779,3.0,490.0,0.2766185620117187,False,REGULAR,USD,2.135,0.004683840749414628,2.135,mid,0.28761781720519064,2026-11-30,put,0.20821917808219179,757.3900146484375,0.8186007050644697
SPY261130P00624000,2026-09-11 18:16:49+00:00,624.0,2.02,2.23,2.25,0.0,0.0,11.0,12.0,0.27234614379882804,False,REGULAR,USD,2.24,0.008928571428571435,2.24,mid,0.2833087855935097,2026-11-30,put,0.20821917808219179,757.3900146484375,0.8238819999358534
SPY261130P00625000,2026-09-10 19:41:19+00:00,625.0,2.59,2.26,2.27,0.0,0.0,50.0,410.0,0.271064418334961,False,REGULAR,USD,2.2649999999999997,0.004415011037527696,2.2649999999999997,mid,0.28217337707206613,2026-11-30,put,0.20821917808219179,757.3900146484375,0.8252023236536993
SPY261130P00626000,2026-09-14 16:47:06+00:00,626.0,2.18,2.29,2.3,0.0,0.0,1.0,6.0,0.2700268310546875,False,REGULAR,USD,2.295,0.004357298474945441,2.295,mid,0.28116265152320274,2026-11-30,put,0.20821917808219179,757.3900146484375,0.8265226473715452
SPY261130P00627000,2026-09-11 13:40:09+00:00,627.0,2.16,2.32,2.33,0.0,0.0,18.0,20.0,0.268989243774414,False,REGULAR,USD,2.325,0.004301075268817303,2.325,mid,0.28014041505754,2026-11-30,put,0.20821917808219179,757.3900146484375,0.8278429710893912
SPY261130P00628000,2026-09-11 19:23:37+00:00,628.0,2.18,2.34,2.36,0.0,0.0,,7.0,0.2679516564941406,False,REGULAR,USD,2.3499999999999996,0.00851063829787235,2.3499999999999996,mid,0.2789762851223351,2026-11-30,put,0.20821917808219179,757.3900146484375,0.829163294807237
SPY261130P00630000,2026-09-15 18:09:57+00:00,630.0,2.46,2.4,2.41,0.16000009,6.9565253,2.0,228.0,0.26557130920410155,False,REGULAR,USD,2.4050000000000002,0.004158004158004254,2.4050000000000002,mid,0.27675084120780236,2026-11-30,put,0.20821917808219179,757.3900146484375,0.831803942242929
SPY261130P00631000,2026-09-14 15:54:53+00:00,631.0,2.32,2.43,2.44,0.0,0.0,415.0,421.0,0.2644726873779296,False,REGULAR,USD,2.435,0.0041067761806980645,2.435,mid,0.2756870313338936,2026-11-30,put,0.20821917808219179,757.3900146484375,0.8331242659607748
SPY261130P00633000,2026-09-04 13:53:36+00:00,633.0,2.02,2.49,2.5,0.0,0.0,1.0,1.0,0.262275443725586,False,REGULAR,USD,2.495,0.004008016032064043,2.495,mid,0.27352744923457506,2026-11-30,put,0.20821917808219179,757.3900146484375,0.8357649133964666
SPY261130P00634000,2026-09-09 14:51:11+00:00,634.0,2.36,2.52,2.53,0.0,0.0,,1.0,0.2611463046264648,False,REGULAR,USD,2.525,0.003960396039603876,2.525,mid,0.2724319750264288,2026-11-30,put,0.20821917808219179,757.3900146484375,0.8370852371143126
SPY261130P00635000,2026-09-15 19:40:54+00:00,635.0,2.66,2.55,2.56,0.23000002,9.465021,18.0,67.0,0.2600171655273438,False,REGULAR,USD,2.5549999999999997,0.00391389432485332,2.5549999999999997,mid,0.2713262564748526,2026-11-30,put,0.20821917808219179,757.3900146484375,0.8384055608321586
SPY261130P00636000,2026-09-09 13:49:02+00:00,636.0,2.45,2.58,2.6,0.0,0.0,1.0,7.0,0.2591016473388672,False,REGULAR,USD,2.59,0.007722007722007729,2.59,mid,0.2703301710240543,2026-11-30,put,0.20821917808219179,757.3900146484375,0.8397258845500044
SPY261130P00637000,2026-09-09 15:20:12+00:00,637.0,2.56,2.62,2.63,0.0,0.0,,1.0,0.25794199096679693,False,REGULAR,USD,2.625,0.0038095238095237284,2.625,mid,0.26932149434387687,2026-11-30,put,0.20821917808219179,757.3900146484375,0.8410462082678504
SPY261130P00638000,2026-09-14 13:31:12+00:00,638.0,2.85,2.65,2.66,0.0,0.0,1.0,27.0,0.25678233459472655,False,REGULAR,USD,2.6550000000000002,0.0037664783427496158,2.6550000000000002,mid,0.2681833664149046,2026-11-30,put,0.20821917808219179,757.3900146484375,0.8423665319856963
SPY261130P00639000,2026-09-14 15:35:18+00:00,639.0,2.62,2.68,2.69,0.0,0.0,1.0,8.0,0.2556226782226563,False,REGULAR,USD,2.685,0.0037243947858472204,2.685,mid,0.2670355901770294,2026-11-30,put,0.20821917808219179,757.3900146484375,0.8436868557035422
SPY261130P00640000,2026-09-15 15:44:33+00:00,640.0,2.83,2.72,2.73,0.25,9.689922,16.0,496.0,0.2546766427612305,False,REGULAR,USD,2.725,0.0036697247706421235,2.725,mid,0.2661073781579733,2026-11-30,put,0.20821917808219179,757.3900146484375,0.8450071794213881
SPY261130P00642000,2026-09-14 15:52:37+00:00,642.0,2.67,2.79,2.8,0.0,0.0,1.0,14.0,0.25250991638183595,False,REGULAR,USD,2.795,0.003577817531305827,2.795,mid,0.26398400515615944,2026-11-30,put,0.20821917808219179,757.3900146484375,0.84764782685708
SPY261130P00643000,2026-09-14 16:29:17+00:00,643.0,2.71,2.82,2.83,0.0,0.0,1.0,3.0,0.2512892254638671,False,REGULAR,USD,2.825,0.003539823008849639,2.825,mid,0.2627941712319851,2026-11-30,put,0.20821917808219179,757.3900146484375,0.8489681505749259
SPY261130P00645000,2026-09-14 16:56:44+00:00,645.0,2.71,2.89,2.91,0.0,0.0,4.0,52.0,0.24927508544921873,False,REGULAR,USD,2.9000000000000004,0.006896551724137936,2.9000000000000004,mid,0.2607129676729442,2026-11-30,put,0.20821917808219179,757.3900146484375,0.8516087980106177
SPY261130P00646000,2026-09-14 15:56:47+00:00,646.0,2.8,2.93,2.94,0.0,0.0,2.0,4.0,0.24802387725830077,False,REGULAR,USD,2.935,0.00340715502555359,2.935,mid,0.25960032021999363,2026-11-30,put,0.20821917808219179,757.3900146484375,0.8529291217284636
SPY261130P00647000,2026-09-14 17:28:43+00:00,647.0,2.82,2.97,2.98,0.0,0.0,363.0,368.0,0.24695577270507812,False,REGULAR,USD,2.975,0.0033613445378150543,2.975,mid,0.2585828147783876,2026-11-30,put,0.20821917808219179,757.3900146484375,0.8542494454463095
SPY261130P00648000,2026-09-10 17:38:23+00:00,648.0,3.33,3.01,3.02,0.0,0.0,17.0,19.0,0.2459181854248047,False,REGULAR,USD,3.0149999999999997,0.0033167495854063787,3.0149999999999997,mid,0.25755223382934933,2026-11-30,put,0.20821917808219179,757.3900146484375,0.8555697691641555
SPY261130P00649000,2026-09-15 18:33:12+00:00,649.0,3.16,3.05,3.06,0.17000008,5.6856213,12.0,61.0,0.24485008087158205,False,REGULAR,USD,3.0549999999999997,0.0032733224222586685,3.0549999999999997,mid,0.2565088008858263,2026-11-30,put,0.20821917808219179,757.3900146484375,0.8568900928820014
SPY261130P00650000,2026-09-15 19:57:14+00:00,650.0,3.18,3.09,3.1,0.24000001,8.163265,43.0,447.0,0.24375145904541018,False,REGULAR,USD,3.0949999999999998,0.003231017770597813,3.0949999999999998,mid,0.2554526649564505,2026-11-30,put,0.20821917808219179,757.3900146484375,0.8582104165998473
SPY261130P00651000,2026-09-15 19:17:45+00:00,651.0,3.23,3.13,3.14,0.68000007,26.66667,16.0,5.0,0.24265283721923825,False,REGULAR,USD,3.135,0.0031897926634769477,3.135,mid,0.25438397504985333,2026-11-30,put,0.20821917808219179,757.3900146484375,0.8595307403176933
SPY261130P00652000,2026-09-15 19:17:45+00:00,652.0,3.27,3.17,3.18,0.42000008,14.736845,5.0,154.0,0.24155421539306643,False,REGULAR,USD,3.175,0.0031496062992126712,3.175,mid,0.2533029919311405,2026-11-30,put,0.20821917808219179,757.3900146484375,0.8608510640355391
SPY261130P00653000,2026-09-03 14:56:25+00:00,653.0,2.88,3.21,3.22,0.0,0.0,,1.0,0.24042507629394527,False,REGULAR,USD,3.215,0.003110419906687475,3.215,mid,0.25220982735678554,2026-11-30,put,0.20821917808219179,757.3900146484375,0.8621713877533851
SPY261130P00654000,2026-09-08 17:02:24+00:00,654.0,2.74,3.25,3.28,0.0,0.0,,2.0,0.23966214447021478,False,REGULAR,USD,3.2649999999999997,0.009188361408882025,3.2649999999999997,mid,0.25130072569474593,2026-11-30,put,0.20821917808219179,757.3900146484375,0.8634917114712309
SPY261130P00655000,2026-09-11 19:58:05+00:00,655.0,2.99,3.29,3.32,0.0,0.0,13.0,719.0,0.23853300537109373,False,REGULAR,USD,3.3049999999999997,0.009077155824508262,3.3049999999999997,mid,0.2501815963663161,2026-11-30,put,0.20821917808219179,757.3900146484375,0.8648120351890769
SPY261130P00656000,2026-09-03 14:56:25+00:00,656.0,3.0,3.33,3.36,0.0,0.0,,2.0,0.2373733489990234,False,REGULAR,USD,3.3449999999999998,0.008968609865470795,3.3449999999999998,mid,0.2490507698602975,2026-11-30,put,0.20821917808219179,757.3900146484375,0.8661323589069229
SPY261130P00657000,2026-09-04 13:55:51+00:00,657.0,2.68,3.38,3.41,0.0,0.0,2.0,1.0,0.2363662789916992,False,REGULAR,USD,3.395,0.008836524300441899,3.395,mid,0.24809808317348359,2026-11-30,put,0.20821917808219179,757.3900146484375,0.8674526826247687
SPY261130P00658000,2026-09-11 14:39:13+00:00,658.0,3.27,3.42,3.46,0.0,0.0,3.0,5.0,0.23535920898437498,False,REGULAR,USD,3.44,0.011627906976744196,3.44,mid,0.24703606140315532,2026-11-30,put,0.20821917808219179,757.3900146484375,0.8687730063426147
SPY261130P00659000,2026-09-11 14:04:36+00:00,659.0,3.22,3.47,3.5,0.0,0.0,43.0,55.0,0.23416903533935546,False,REGULAR,USD,3.4850000000000003,0.008608321377331363,3.4850000000000003,mid,0.24596081511676315,2026-11-30,put,0.20821917808219179,757.3900146484375,0.8700933300604605
SPY261130P00660000,2026-09-15 18:45:11+00:00,660.0,3.65,3.52,3.55,0.26999998,7.988165,291.0,787.0,0.23313144805908204,False,REGULAR,USD,3.535,0.008486562942008431,3.535,mid,0.24496417088359598,2026-11-30,put,0.20821917808219179,757.3900146484375,0.8714136537783065
SPY261130P00661000,2026-09-03 14:56:25+00:00,661.0,3.19,3.57,3.6,0.0,0.0,1.0,4.0,0.23209386077880856,False,REGULAR,USD,3.585,0.008368200836820152,3.585,mid,0.24395258853510027,2026-11-30,put,0.20821917808219179,757.3900146484375,0.8727339774961524
SPY261130P00662000,2026-09-10 18:15:03+00:00,662.0,4.14,3.61,3.65,0.0,0.0,1.0,1.0,0.23102575622558597,False,REGULAR,USD,3.63,0.011019283746556485,3.63,mid,0.2428366256400943,2026-11-30,put,0.20821917808219179,757.3900146484375,0.8740543012139983
SPY261130P00663000,2026-09-02 18:30:08+00:00,663.0,3.5,3.66,3.7,0.0,0.0,2.0,2.0,0.22992713439941403,False,REGULAR,USD,3.68,0.010869565217391313,3.68,mid,0.24179676890373233,2026-11-30,put,0.20821917808219179,757.3900146484375,0.8753746249318443
SPY261130P00664000,2026-09-11 15:03:21+00:00,664.0,3.51,3.71,3.75,0.0,0.0,1.0,13.0,0.22885902984619144,False,REGULAR,USD,3.73,0.010723860589812341,3.73,mid,0.24074257008656863,2026-11-30,put,0.20821917808219179,757.3900146484375,0.8766949486496902
SPY261130P00665000,2026-09-15 18:45:11+00:00,665.0,3.9,3.76,3.8,-0.06999993,-1.7632225,264.0,487.0,0.22772989074707028,False,REGULAR,USD,3.78,0.010582010582010592,3.78,mid,0.2396742154493928,2026-11-30,put,0.20821917808219179,757.3900146484375,0.8780152723675361
SPY261130P00666000,2026-09-09 15:34:36+00:00,666.0,3.75,3.82,3.85,0.0,0.0,8.0,11.0,0.2266312689208984,False,REGULAR,USD,3.835,0.007822685788787549,3.835,mid,0.23867760846838354,2026-11-30,put,0.20821917808219179,757.3900146484375,0.879335596085382
SPY261130P00667000,2026-09-11 15:27:28+00:00,667.0,3.95,3.87,3.9,0.45000005,12.857144,3.0,203.0,0.2254716125488281,False,REGULAR,USD,3.885,0.007722007722007672,3.885,mid,0.23758053241744642,2026-11-30,put,0.20821917808219179,757.3900146484375,0.8806559198032279
SPY261130P00668000,2026-09-15 16:42:27+00:00,668.0,4.04,3.92,3.96,0.29999995,8.021389,2.0,39.0,0.22449505981445309,False,REGULAR,USD,3.94,0.0101522842639594,3.94,mid,0.23655367668420077,2026-11-30,put,0.20821917808219179,757.3900146484375,0.8819762435210738
SPY261130P00669000,2026-09-10 15:05:47+00:00,669.0,4.29,3.98,4.01,0.0,0.0,,14.0,0.22333540344238278,False,REGULAR,USD,3.995,0.007509386733416722,3.995,mid,0.2355115475662053,2026-11-30,put,0.20821917808219179,757.3900146484375,0.8832965672389198
SPY261130P00670000,2026-09-15 18:45:11+00:00,670.0,4.19,4.04,4.07,0.54999995,15.109889,65.0,538.0,0.22232833343505853,False,REGULAR,USD,4.055,0.007398273736128298,4.055,mid,0.23453624881953003,2026-11-30,put,0.20821917808219179,757.3900146484375,0.8846168909567657
SPY261130P00671000,2026-09-10 15:08:35+00:00,671.0,4.38,4.09,4.13,0.0,0.0,1.0,3.0,0.22129074615478517,False,REGULAR,USD,4.109999999999999,0.009732360097323612,4.109999999999999,mid,0.23346320041045543,2026-11-30,put,0.20821917808219179,757.3900146484375,0.8859372146746116
SPY261130P00672000,2026-09-09 19:57:24+00:00,672.0,4.05,4.15,4.18,0.0,0.0,5.0,10.0,0.2200700552368164,False,REGULAR,USD,4.165,0.007202881152460831,4.165,mid,0.232375400146842,2026-11-30,put,0.20821917808219179,757.3900146484375,0.8872575383924575
SPY261130P00673000,2026-09-15 18:54:36+00:00,673.0,4.38,4.21,4.24,0.36000013,8.955228,54.0,153.0,0.21900195068359374,False,REGULAR,USD,4.225,0.007100591715976391,4.225,mid,0.23135238138586278,2026-11-30,put,0.20821917808219179,757.3900146484375,0.8885778621103034
SPY261130P00674000,2026-09-09 19:59:42+00:00,674.0,4.18,4.27,4.3,0.0,0.0,265.0,216.0,0.2179338461303711,False,REGULAR,USD,4.285,0.007001166861143581,4.285,mid,0.23031323244050145,2026-11-30,put,0.20821917808219179,757.3900146484375,0.8898981858281494
SPY261130P00675000,2026-09-11 16:29:44+00:00,675.0,3.96,4.33,4.37,0.0,0.0,3.0,323.0,0.2169878106689453,False,REGULAR,USD,4.35,0.009195402298850583,4.35,mid,0.22933569856435057,2026-11-30,put,0.20821917808219179,757.3900146484375,0.8912185095459952
SPY261130P00676000,2026-09-11 18:58:29+00:00,676.0,3.99,4.39,4.43,0.0,0.0,1.0,158.0,0.2158586715698242,False,REGULAR,USD,4.41,0.009070294784580506,4.41,mid,0.2282640657372773,2026-11-30,put,0.20821917808219179,757.3900146484375,0.8925388332638412
SPY261130P00677000,2026-09-11 15:46:22+00:00,677.0,4.02,4.46,4.49,0.0,0.0,1.0,272.0,0.21472953247070312,False,REGULAR,USD,4.475,0.006703910614525196,4.475,mid,0.22725274415388708,2026-11-30,put,0.20821917808219179,757.3900146484375,0.8938591569816872
SPY261130P00678000,2026-09-10 16:16:21+00:00,678.0,5.0,4.52,4.56,0.0,0.0,7.0,190.0,0.2137224624633789,False,REGULAR,USD,4.539999999999999,0.008810572687224679,4.539999999999999,mid,0.22622441696040335,2026-11-30,put,0.20821917808219179,757.3900146484375,0.895179480699533
SPY261130P00679000,2026-09-11 13:43:51+00:00,679.0,4.24,4.59,4.62,0.0,0.0,1.0,396.0,0.21256280609130856,False,REGULAR,USD,4.605,0.006514657980456079,4.605,mid,0.22517928904369472,2026-11-30,put,0.20821917808219179,757.3900146484375,0.896499804417379
SPY261130P00680000,2026-09-15 19:27:37+00:00,680.0,4.83,4.65,4.69,0.42999983,9.772723,16.0,356.0,0.21152521881103514,False,REGULAR,USD,4.67,0.00856531049250536,4.67,mid,0.2241175652906299,2026-11-30,put,0.20821917808219179,757.3900146484375,0.8978201281352248
SPY261130P00681000,2026-09-14 17:06:28+00:00,681.0,4.43,4.72,4.76,0.0,0.0,2.0,278.0,0.2104571142578125,False,REGULAR,USD,4.74,0.008438818565400852,4.74,mid,0.22311196191348137,2026-11-30,put,0.20821917808219179,757.3900146484375,0.8991404518530708
SPY261130P00682000,2026-09-15 13:30:09+00:00,682.0,4.59,4.79,4.83,-0.52999973,-10.351558,1.0,24.0,0.2093890097045898,False,REGULAR,USD,4.8100000000000005,0.008316008316008322,4.8100000000000005,mid,0.22208855200484395,2026-11-30,put,0.20821917808219179,757.3900146484375,0.9004607755709167
SPY261130P00683000,2026-09-15 18:09:50+00:00,683.0,5.01,4.86,4.9,0.62000036,14.123016,1.0,284.0,0.20829038787841792,False,REGULAR,USD,4.880000000000001,0.008196721311475415,4.880000000000001,mid,0.22104754045158623,2026-11-30,put,0.20821917808219179,757.3900146484375,0.9017810992887626
SPY261130P00684000,2026-09-15 19:41:01+00:00,684.0,5.16,4.93,4.97,-0.34000015,-6.181821,1.0,18836.0,0.20719176605224604,False,REGULAR,USD,4.949999999999999,0.00808080808080809,4.949999999999999,mid,0.21998913214057683,2026-11-30,put,0.20821917808219179,757.3900146484375,0.9031014230066086
SPY261130P00685000,2026-09-15 19:40:54+00:00,685.0,5.24,5.01,5.05,0.43999958,9.166657,1.0,4299.0,0.20618469604492184,False,REGULAR,USD,5.029999999999999,0.007952286282306171,5.029999999999999,mid,0.21905222174264488,2026-11-30,put,0.20821917808219179,757.3900146484375,0.9044217467244545
SPY261130P00686000,2026-09-15 14:06:08+00:00,686.0,5.01,5.08,5.12,0.8500004,20.432703,1.0,249.0,0.20505555694580074,False,REGULAR,USD,5.1,0.007843137254901968,5.1,mid,0.21795810723826292,2026-11-30,put,0.20821917808219179,757.3900146484375,0.9057420704423004
SPY261130P00687000,2026-09-14 15:28:33+00:00,687.0,5.2,5.16,5.2,0.0,0.0,1.0,7.0,0.20401796966552732,False,REGULAR,USD,5.18,0.007722007722007729,5.18,mid,0.2169828643698245,2026-11-30,put,0.20821917808219179,757.3900146484375,0.9070623941601463
SPY261130P00688000,2026-09-11 19:57:19+00:00,688.0,4.71,5.24,5.28,0.0,0.0,1.0,132.0,0.2029803823852539,False,REGULAR,USD,5.26,0.0076045627376425924,5.26,mid,0.2159880268663168,2026-11-30,put,0.20821917808219179,757.3900146484375,0.9083827178779922
SPY261130P00689000,2026-09-14 16:14:07+00:00,689.0,5.09,5.32,5.36,0.0,0.0,1.0,224.0,0.20189701919555664,False,REGULAR,USD,5.34,0.007490636704119857,5.34,mid,0.2149738182406873,2026-11-30,put,0.20821917808219179,757.3900146484375,0.9097030415958381
SPY261130P00690000,2026-09-15 17:27:40+00:00,690.0,5.69,5.4,5.42,0.73,14.717742,14.0,423.0,0.200554259185791,False,REGULAR,USD,5.41,0.0036968576709795883,5.41,mid,0.21380925990566607,2026-11-30,put,0.20821917808219179,757.3900146484375,0.9110233653136841
SPY261130P00691000,2026-09-15 13:37:32+00:00,691.0,5.31,5.48,5.52,-0.03000021,-0.5618017,3.0,40.0,0.19968451690673827,False,REGULAR,USD,5.5,0.0072727272727271175,5.5,mid,0.21288820030093197,2026-11-30,put,0.20821917808219179,757.3900146484375,0.91234368903153
SPY261130P00692000,2026-09-14 16:32:33+00:00,692.0,5.26,5.56,5.6,0.0,0.0,1.0,1116.0,0.19855537780761717,False,REGULAR,USD,5.58,0.007168458781362013,5.58,mid,0.2118172007605433,2026-11-30,put,0.20821917808219179,757.3900146484375,0.9136640127493759
SPY261130P00693000,2026-09-14 15:25:23+00:00,693.0,5.72,5.65,5.69,0.0,0.0,1.0,52.0,0.19754830780029298,False,REGULAR,USD,5.67,0.0070546737213403946,5.67,mid,0.210854642251879,2026-11-30,put,0.20821917808219179,757.3900146484375,0.9149843364672218
SPY261130P00694000,2026-09-14 13:30:05+00:00,694.0,6.04,5.74,5.78,0.0,0.0,2.0,73.0,0.1964802032470703,False,REGULAR,USD,5.76,0.006944444444444451,5.76,mid,0.20987096176967024,2026-11-30,put,0.20821917808219179,757.3900146484375,0.9163046601850677
SPY261130P00695000,2026-09-15 14:44:19+00:00,695.0,6.12,5.83,5.87,0.13000011,2.1702857,5.0,513.0,0.19541209869384768,False,REGULAR,USD,5.85,0.006837606837606844,5.85,mid,0.20886642007902267,2026-11-30,put,0.20821917808219179,757.3900146484375,0.9176249839029137
SPY261130P00696000,2026-09-15 19:57:38+00:00,696.0,6.12,5.92,5.96,0.85999966,16.349804,2.0,14.0,0.194343994140625,False,REGULAR,USD,5.9399999999999995,0.006734006734006741,5.9399999999999995,mid,0.2078412406928838,2026-11-30,put,0.20821917808219179,757.3900146484375,0.9189453076207595
SPY261130P00697000,2026-09-14 16:32:33+00:00,697.0,5.67,6.01,6.05,0.0,0.0,1.0,178.0,0.19321485504150393,False,REGULAR,USD,6.029999999999999,0.00663349917081261,6.029999999999999,mid,0.20679560987204318,2026-11-30,put,0.20821917808219179,757.3900146484375,0.9202656313386055
SPY261130P00698000,2026-09-14 15:45:34+00:00,698.0,5.75,6.11,6.15,0.0,0.0,1.0,257.0,0.1922077850341797,False,REGULAR,USD,6.130000000000001,0.006525285481239809,6.130000000000001,mid,0.20584996384307747,2026-11-30,put,0.20821917808219179,757.3900146484375,0.9215859550564515
SPY261130P00699000,2026-09-15 18:22:50+00:00,699.0,6.42,6.2,6.24,0.9300003,16.939898,3.0,86.0,0.19104812866210938,False,REGULAR,USD,6.220000000000001,0.0064308681672025775,6.220000000000001,mid,0.20476279686614873,2026-11-30,put,0.20821917808219179,757.3900146484375,0.9229062787742973
SPY261130P00700000,2026-09-15 19:27:37+00:00,700.0,6.56,6.3,6.34,0.61000013,10.252104,29.0,1311.0,0.18999528274536137,False,REGULAR,USD,6.32,0.006329113924050638,6.32,mid,0.2037734354298562,2026-11-30,put,0.20821917808219179,757.3900146484375,0.9242266024921433
SPY261130P00701000,2026-09-14 17:06:28+00:00,701.0,5.93,6.4,6.44,0.0,0.0,5.0,36.0,0.18891191955566405,False,REGULAR,USD,6.42,0.006230529595015582,6.42,mid,0.20276190895959734,2026-11-30,put,0.20821917808219179,757.3900146484375,0.9255469262099891
SPY261130P00702000,2026-09-15 14:51:02+00:00,702.0,6.88,6.5,6.55,-0.009999752,-0.14513429,10.0,107.0,0.1879048495483398,False,REGULAR,USD,6.525,0.007662835249042118,6.525,mid,0.2017860141783953,2026-11-30,put,0.20821917808219179,757.3900146484375,0.9268672499278351
SPY261130P00703000,2026-09-15 15:52:16+00:00,703.0,6.92,6.61,6.65,0.71000004,11.433172,1.0,19.0,0.18677571044921876,False,REGULAR,USD,6.630000000000001,0.006033182503770744,6.630000000000001,mid,0.2007871348157525,2026-11-30,put,0.20821917808219179,757.3900146484375,0.928187573645681
SPY261130P00704000,2026-09-11 13:50:24+00:00,704.0,6.2,6.72,6.76,0.0,0.0,4.0,192.0,0.18573812316894528,False,REGULAR,USD,6.74,0.005934718100890213,6.74,mid,0.19982185689955947,2026-11-30,put,0.20821917808219179,757.3900146484375,0.9295078973635269
SPY261130P00705000,2026-09-15 14:12:24+00:00,705.0,6.94,6.82,6.87,0.5300002,8.268334,2.0,486.0,0.18467001861572263,False,REGULAR,USD,6.845000000000001,0.007304601899196467,6.845000000000001,mid,0.1987771387565881,2026-11-30,put,0.20821917808219179,757.3900146484375,0.9308282210813729
SPY261130P00706000,2026-09-11 18:13:03+00:00,706.0,6.09,6.94,6.98,0.0,0.0,10.0,255.0,0.18358665542602537,False,REGULAR,USD,6.960000000000001,0.0057471264367816135,6.960000000000001,mid,0.19782039158456033,2026-11-30,put,0.20821917808219179,757.3900146484375,0.9321485447992187
SPY261130P00707000,2026-09-14 15:46:22+00:00,707.0,6.66,7.05,7.09,0.0,0.0,1.0,195.0,0.18247277496337888,False,REGULAR,USD,7.07,0.005657708628005662,7.07,mid,0.19678463258557022,2026-11-30,put,0.20821917808219179,757.3900146484375,0.9334688685170647
SPY261130P00708000,2026-09-14 16:28:02+00:00,708.0,6.75,7.16,7.21,0.0,0.0,2.0,40.0,0.18143518768310546,False,REGULAR,USD,7.1850000000000005,0.0069589422407793766,7.1850000000000005,mid,0.19577979287765923,2026-11-30,put,0.20821917808219179,757.3900146484375,0.9347891922349106
SPY261130P00709000,2026-09-15 14:17:12+00:00,709.0,7.43,7.28,7.33,0.52999973,7.6811557,1.0,438.0,0.1803670831298828,False,REGULAR,USD,7.305,0.0068446269678302295,7.305,mid,0.1948044010005891,2026-11-30,put,0.20821917808219179,757.3900146484375,0.9361095159527565
SPY261130P00710000,2026-09-15 16:56:56+00:00,710.0,7.62,7.4,7.45,0.69000006,9.956712,23.0,458.0,0.17928371994018555,False,REGULAR,USD,7.425000000000001,0.006734006734006709,7.425000000000001,mid,0.19380406880378725,2026-11-30,put,0.20821917808219179,757.3900146484375,0.9374298396706024
SPY261130P00711000,2026-09-11 13:43:41+00:00,711.0,6.85,7.53,7.57,0.0,0.0,1.0,214.0,0.17816983947753906,False,REGULAR,USD,7.550000000000001,0.005298013245033117,7.550000000000001,mid,0.19283139633424584,2026-11-30,put,0.20821917808219179,757.3900146484375,0.9387501633884484
SPY261130P00712000,2026-09-15 14:20:37+00:00,712.0,7.75,7.65,7.7,-0.39000034,-4.7911587,1.0,1254.0,0.1771322521972656,False,REGULAR,USD,7.675000000000001,0.006514657980456002,7.675000000000001,mid,0.19183311300612982,2026-11-30,put,0.20821917808219179,757.3900146484375,0.9400704871062943
SPY261130P00713000,2026-09-15 15:10:40+00:00,713.0,8.3,7.78,7.83,1.2200003,17.231644,1.0,18.0,0.176064147644043,False,REGULAR,USD,7.805,0.006406149903907729,7.805,mid,0.19086075717993078,2026-11-30,put,0.20821917808219179,757.3900146484375,0.9413908108241402
SPY261130P00714000,2026-09-15 14:50:58+00:00,714.0,8.38,7.91,7.96,0.96000004,12.938005,1.0,256.0,0.17496552581787111,False,REGULAR,USD,7.9350000000000005,0.006301197227473197,7.9350000000000005,mid,0.1898621572084725,2026-11-30,put,0.20821917808219179,757.3900146484375,0.9427111345419861
SPY261130P00715000,2026-09-15 18:06:49+00:00,715.0,8.31,8.05,8.09,0.7600002,10.066228,25.0,258.0,0.17385164535522463,False,REGULAR,USD,8.07,0.004956629491945371,8.07,mid,0.1888878083918244,2026-11-30,put,0.20821917808219179,757.3900146484375,0.944031458259832
SPY261130P00716000,2026-09-15 18:24:13+00:00,716.0,8.45,8.18,8.23,1.0899997,14.809778,3.0,153.0,0.1727987994384766,False,REGULAR,USD,8.205,0.006093845216331592,8.205,mid,0.18788660076931119,2026-11-30,put,0.20821917808219179,757.3900146484375,0.945351781977678
SPY261130P00717000,2026-09-10 13:55:00+00:00,717.0,9.42,8.32,8.37,0.0,0.0,5.0,63.0,0.17173069488525394,False,REGULAR,USD,8.344999999999999,0.005991611743558891,8.344999999999999,mid,0.1869080052066594,2026-11-30,put,0.20821917808219179,757.3900146484375,0.9466721056955238
SPY261130P00718000,2026-09-14 15:54:32+00:00,718.0,7.97,8.47,8.51,0.0,0.0,2.0,361.0,0.17061681442260745,False,REGULAR,USD,8.49,0.004711425206124752,8.49,mid,0.18595073650442062,2026-11-30,put,0.20821917808219179,757.3900146484375,0.9479924294133698
SPY261130P00719000,2026-09-15 15:04:11+00:00,719.0,9.13,8.61,8.66,2.02,28.410688,1.0,24.0,0.1695639685058594,False,REGULAR,USD,8.635,0.005790387955993134,8.635,mid,0.18496524929255245,2026-11-30,put,0.20821917808219179,757.3900146484375,0.9493127531312157
SPY261130P00720000,2026-09-15 19:28:26+00:00,720.0,9.11,8.76,8.81,0.9200001,11.233212,7.0,877.0,0.16849586395263677,False,REGULAR,USD,8.785,0.005691519635742824,8.785,mid,0.18399956160262226,2026-11-30,put,0.20821917808219179,757.3900146484375,0.9506330768490616
SPY261130P00721000,2026-09-15 13:53:51+00:00,721.0,8.67,8.92,8.97,0.44000053,5.3463006,1.0,193.0,0.1674735353088379,False,REGULAR,USD,8.945,0.005589714924538928,8.945,mid,0.183099828858301,2026-11-30,put,0.20821917808219179,757.3900146484375,0.9519534005669076
SPY261130P00722000,2026-09-14 15:07:06+00:00,722.0,9.21,9.07,9.12,0.0,0.0,1.0,68.0,0.16634439620971686,False,REGULAR,USD,9.094999999999999,0.0054975261132489215,9.094999999999999,mid,0.18207584154121575,2026-11-30,put,0.20821917808219179,757.3900146484375,0.9532737242847534
SPY261130P00723000,2026-09-15 17:23:03+00:00,723.0,9.57,9.23,9.28,0.059999466,0.6309092,4.0,314.0,0.16526103302001954,False,REGULAR,USD,9.254999999999999,0.005402485143165742,9.254999999999999,mid,0.18111635633558035,2026-11-30,put,0.20821917808219179,757.3900146484375,0.9545940480025994
SPY261130P00724000,2026-09-15 14:47:03+00:00,724.0,9.77,9.39,9.45,1.3300009,15.758306,3.0,394.0,0.16423870437622073,False,REGULAR,USD,9.42,0.006369426751592221,9.42,mid,0.18017287093177436,2026-11-30,put,0.20821917808219179,757.3900146484375,0.9559143717204454
SPY261130P00725000,2026-09-15 18:52:12+00:00,725.0,9.95,9.5,9.68,1.04,11.672278,17.0,528.0,0.1637046520996094,False,REGULAR,USD,9.59,0.018769551616266915,9.59,mid,0.17924424913898113,2026-11-30,put,0.20821917808219179,757.3900146484375,0.9572346954382912
SPY261130P00726000,2026-09-11 14:06:43+00:00,726.0,8.73,9.67,9.82,0.0,0.0,7.0,98.0,0.16236189208984375,False,REGULAR,USD,9.745000000000001,0.015392508978963606,9.745000000000001,mid,0.17814860729612408,2026-11-30,put,0.20821917808219179,757.3900146484375,0.9585550191561372
SPY261130P00727000,2026-09-15 19:57:47+00:00,727.0,10.26,9.85,10.01,0.8100004,8.571434,7.0,20448.0,0.16141585662841795,False,REGULAR,USD,9.93,0.01611278952668682,9.93,mid,0.17729290660247204,2026-11-30,put,0.20821917808219179,757.3900146484375,0.959875342873983
SPY261130P00728000,2026-09-15 18:49:23+00:00,728.0,10.58,10.02,10.2,1.3000002,14.008623,3.0,312.0,0.16042404525756837,False,REGULAR,USD,10.11,0.017804154302670596,10.11,mid,0.17635925576835867,2026-11-30,put,0.20821917808219179,757.3900146484375,0.961195666591829
SPY261130P00729000,2026-09-15 14:44:19+00:00,729.0,10.75,10.2,10.39,1.3500004,14.361706,2.0,91.0,0.1594017166137695,False,REGULAR,USD,10.295,0.018455560951918533,10.295,mid,0.17543700409457086,2026-11-30,put,0.20821917808219179,757.3900146484375,0.9625159903096749
SPY261130P00730000,2026-09-15 19:19:03+00:00,730.0,10.79,10.38,10.57,1.2799997,13.459513,15.0,736.0,0.15825731887817385,False,REGULAR,USD,10.475000000000001,0.018138424821002336,10.475000000000001,mid,0.17443793847113845,2026-11-30,put,0.20821917808219179,757.3900146484375,0.9638363140275208
SPY261130P00731000,2026-09-14 16:22:04+00:00,731.0,9.9,10.57,10.77,0.0,0.0,1.0,69.0,0.1572502488708496,False,REGULAR,USD,10.67,0.018744142455482594,10.67,mid,0.17353621273636816,2026-11-30,put,0.20821917808219179,757.3900146484375,0.9651566377453668
SPY261130P00732000,2026-09-14 17:09:24+00:00,732.0,10.04,10.77,10.96,0.0,0.0,2.0,34.0,0.15610585113525394,False,REGULAR,USD,10.865,0.01748734468476772,10.865,mid,0.17260004738159473,2026-11-30,put,0.20821917808219179,757.3900146484375,0.9664769614632126
SPY261130P00733000,2026-09-15 14:36:56+00:00,733.0,11.37,10.97,11.16,1.5999994,16.376656,13.0,62.0,0.15502248794555668,False,REGULAR,USD,11.065000000000001,0.01717126073203791,11.065000000000001,mid,0.17167204024940727,2026-11-30,put,0.20821917808219179,757.3900146484375,0.9677972851810586
SPY261130P00734000,2026-09-15 15:16:31+00:00,734.0,11.9,11.17,11.37,1.4099998,13.441372,1.0,99.0,0.1539849006652832,False,REGULAR,USD,11.27,0.017746228926353087,11.27,mid,0.17075124140977857,2026-11-30,put,0.20821917808219179,757.3900146484375,0.9691176088989045
SPY261130P00735000,2026-09-15 20:03:38+00:00,735.0,11.64,11.38,11.58,0.95000076,8.886818,32.0,498.0,0.152901537475586,False,REGULAR,USD,11.48,0.017421602787456383,11.48,mid,0.16983671955876056,2026-11-30,put,0.20821917808219179,757.3900146484375,0.9704379326167504
SPY261130P00736000,2026-09-14 19:22:08+00:00,736.0,10.88,11.59,11.79,0.0,0.0,2.0,184.0,0.15177239837646483,False,REGULAR,USD,11.69,0.017108639863130822,11.69,mid,0.16888606311455373,2026-11-30,put,0.20821917808219179,757.3900146484375,0.9717582563345963
SPY261130P00737000,2026-09-15 19:57:45+00:00,737.0,12.32,11.81,12.01,0.14999962,1.2325358,5.0,186.0,0.15070429382324224,False,REGULAR,USD,11.91,0.01679261125104948,11.91,mid,0.16798165522441266,2026-11-30,put,0.20821917808219179,757.3900146484375,0.9730785800524423
SPY261130P00738000,2026-09-14 14:13:53+00:00,738.0,11.85,12.03,12.24,0.0,0.0,1.0,392.0,0.14965144790649415,False,REGULAR,USD,12.135,0.017305315203955573,12.135,mid,0.16708080491535365,2026-11-30,put,0.20821917808219179,757.3900146484375,0.9743989037702881
SPY261130P00739000,2026-09-14 19:59:26+00:00,739.0,11.78,12.26,12.47,0.0,0.0,13.0,180.0,0.1485680847167969,False,REGULAR,USD,12.365,0.016983420946219234,12.365,mid,0.16618263676166534,2026-11-30,put,0.20821917808219179,757.3900146484375,0.9757192274881341
SPY261130P00740000,2026-09-15 19:42:28+00:00,740.0,12.94,12.49,12.71,1.1899996,10.127656,64.0,1831.0,0.14751523880004885,False,REGULAR,USD,12.600000000000001,0.01746031746031751,12.600000000000001,mid,0.16528629396371547,2026-11-30,put,0.20821917808219179,757.3900146484375,0.97703955120598
SPY261130P00741000,2026-09-15 15:50:11+00:00,741.0,13.4,12.73,12.94,1.3599997,11.295678,1.0,118.0,0.14635558242797853,False,REGULAR,USD,12.835,0.016361511492013953,12.835,mid,0.1643509667824954,2026-11-30,put,0.20821917808219179,757.3900146484375,0.9783598749238259
SPY261130P00742000,2026-09-15 15:00:54+00:00,742.0,13.8,12.97,13.2,2.5,22.123894,4.0,218.0,0.1453637710571289,False,REGULAR,USD,13.085,0.017577378677875326,13.085,mid,0.16349569448865947,2026-11-30,put,0.20821917808219179,757.3900146484375,0.9796801986416719
SPY261130P00743000,2026-09-15 19:05:04+00:00,743.0,13.69,13.23,13.45,1.9899998,17.008545,7.0,107.0,0.144265149230957,False,REGULAR,USD,13.34,0.016491754122938445,13.34,mid,0.162639192873612,2026-11-30,put,0.20821917808219179,757.3900146484375,0.9810005223595177
SPY261130P00744000,2026-09-15 14:52:30+00:00,744.0,14.48,13.48,13.71,-0.2300005,-1.5635656,1.0,48.0,0.1431817860412598,False,REGULAR,USD,13.595,0.01691798455314457,13.595,mid,0.16174152762405575,2026-11-30,put,0.20821917808219179,757.3900146484375,0.9823208460773637
SPY261130P00745000,2026-09-15 19:23:13+00:00,745.0,14.3,13.75,13.98,1.0700006,8.087685,10.0,334.0,0.14212894012451172,False,REGULAR,USD,13.865,0.016588532275513913,13.865,mid,0.16091935387253758,2026-11-30,put,0.20821917808219179,757.3900146484375,0.9836411697952097
SPY261130P00746000,2026-09-15 16:34:27+00:00,746.0,14.46,14.02,14.25,0.5799999,4.1786737,2.0,566.0,0.14104557693481445,False,REGULAR,USD,14.135,0.01627166607711358,14.135,mid,0.16005448914803566,2026-11-30,put,0.20821917808219179,757.3900146484375,0.9849614935130555
SPY261130P00747000,2026-09-11 19:58:14+00:00,747.0,12.59,14.3,14.53,0.0,0.0,13.0,72.0,0.1399622137451172,False,REGULAR,USD,14.415,0.015955601803676632,14.415,mid,0.15922370083499698,2026-11-30,put,0.20821917808219179,757.3900146484375,0.9862818172309015
SPY261130P00748000,2026-09-15 18:49:23+00:00,748.0,15.37,14.6,14.82,1.8000002,13.264556,1.0,365.0,0.13892462646484377,False,REGULAR,USD,14.71,0.014955812372535732,14.71,mid,0.1584638220045716,2026-11-30,put,0.20821917808219179,757.3900146484375,0.9876021409487473
SPY261130P00749000,2026-09-15 15:16:31+00:00,749.0,15.76,14.87,15.11,2.9000006,22.55055,3.0,454.0,0.1378260046386719,False,REGULAR,USD,14.989999999999998,0.016010673782521696,14.989999999999998,mid,0.1575447740163654,2026-11-30,put,0.20821917808219179,757.3900146484375,0.9889224646665933
SPY261130P00750000,2026-09-15 19:57:41+00:00,750.0,15.79,15.16,15.41,1.7799997,12.705208,86.0,1930.0,0.13675790008544925,False,REGULAR,USD,15.285,0.016355904481517827,15.285,mid,0.15669516405053435,2026-11-30,put,0.20821917808219179,757.3900146484375,0.9902427883844392
SPY261130P00751000,2026-09-15 19:49:25+00:00,751.0,16.16,15.47,15.72,1.6800003,11.602212,20.0,74.0,0.1356897955322266,False,REGULAR,USD,15.595,0.016030779095864058,15.595,mid,0.1559130456818268,2026-11-30,put,0.20821917808219179,757.3900146484375,0.9915631121022851
SPY261130P00752000,2026-09-15 14:38:14+00:00,752.0,16.42,15.78,16.04,0.27000046,1.6718295,2.0,208.0,0.13465220825195315,False,REGULAR,USD,15.91,0.01634192331866749,15.91,mid,0.15512172603011132,2026-11-30,put,0.20821917808219179,757.3900146484375,0.992883435820131
SPY261130P00753000,2026-09-15 14:06:59+00:00,753.0,16.12,16.11,16.37,0.8300009,5.4283905,1.0,81.0,0.13364513824462892,False,REGULAR,USD,16.240000000000002,0.016009852216748863,16.240000000000002,mid,0.1543950854375958,2026-11-30,put,0.20821917808219179,757.3900146484375,0.9942037595379769
SPY261130P00754000,2026-09-15 15:06:28+00:00,754.0,17.24,16.47,16.7,1.6399994,10.512816,3.0,93.0,0.13256177505493166,False,REGULAR,USD,16.585,0.013867952969550824,16.585,mid,0.153731531374529,2026-11-30,put,0.20821917808219179,757.3900146484375,0.9955240832558229
SPY261130P00755000,2026-09-15 19:54:18+00:00,755.0,17.56,16.77,17.04,1.8799992,11.98979,26.0,310.0,0.13149367050170896,False,REGULAR,USD,16.905,0.01597160603371781,16.905,mid,0.15283361467290668,2026-11-30,put,0.20821917808219179,757.3900146484375,0.9968444069736688
SPY261130P00756000,2026-09-15 16:47:06+00:00,756.0,17.8,17.12,17.39,2.0299988,12.872535,17.0,57.0,0.13044845390319823,False,REGULAR,USD,17.255000000000003,0.015647638365691077,17.255000000000003,mid,0.15210860386230052,2026-11-30,put,0.20821917808219179,757.3900146484375,0.9981647306915147
SPY261130P00757000,2026-09-15 18:20:08+00:00,757.0,18.06,17.48,17.75,1.75,10.729614,84.0,307.0,0.1294032373046875,False,REGULAR,USD,17.615000000000002,0.015327845586148144,17.615000000000002,mid,0.15140693152863532,2026-11-30,put,0.20821917808219179,757.3900146484375,0.9994850544093606
SPY261130P00758000,2026-09-15 20:14:07+00:00,758.0,17.97,17.84,18.12,1.3299999,7.992789,35.0,164.0,0.12838090866088864,True,REGULAR,USD,17.98,0.015572858731924424,17.98,mid,0.15069101024456322,2026-11-30,put,0.20821917808219179,757.3900146484375,1.0008053781272066
SPY261130P00759000,2026-09-15 14:58:27+00:00,759.0,18.84,18.22,18.5,1.3899994,7.9656124,10.0,221.0,0.12735858001708983,True,REGULAR,USD,18.36,0.01525054466230943,18.36,mid,0.1500333047702909,2026-11-30,put,0.20821917808219179,757.3900146484375,1.0021257018450525
SPY261130P00760000,2026-09-15 20:14:53+00:00,760.0,18.75,18.6,18.87,0.90999985,5.100896,162.0,2273.0,0.1262065529632568,True,REGULAR,USD,18.735,0.014411529223378681,18.735,mid,0.1492868274036795,2026-11-30,put,0.20821917808219179,757.3900146484375,1.0034460255628983
SPY261130P00761000,2026-09-15 13:45:00+00:00,761.0,18.35,19.0,19.28,0.710001,4.024949,10.0,890.0,0.12526814682006837,True,REGULAR,USD,19.14,0.014629049111807792,19.14,mid,0.14870619664415718,2026-11-30,put,0.20821917808219179,757.3900146484375,1.0047663492807444
SPY261130P00762000,2026-09-15 14:42:56+00:00,762.0,20.26,19.4,19.69,1.7299995,9.336208,2.0,330.0,0.12427633544921876,True,REGULAR,USD,19.545,0.014837554361729479,19.545,mid,0.14807181102074685,2026-11-30,put,0.20821917808219179,757.3900146484375,1.0060866729985902
SPY261130P00763000,2026-09-15 16:01:12+00:00,763.0,20.7,19.82,20.11,2.3000011,12.500007,8.0,172.0,0.12326926544189454,True,REGULAR,USD,19.965,0.014525419484097128,19.965,mid,0.1474922046955675,2026-11-30,put,0.20821917808219179,757.3900146484375,1.007406996716436
SPY261130P00764000,2026-09-15 15:58:26+00:00,764.0,21.05,20.24,20.53,2.3599987,12.627067,11.0,71.0,0.12220116088867189,True,REGULAR,USD,20.384999999999998,0.014226146676477936,20.384999999999998,mid,0.1468577911330387,2026-11-30,put,0.20821917808219179,757.3900146484375,1.0087273204342821
SPY261130P00765000,2026-09-15 19:54:18+00:00,765.0,21.56,20.68,20.97,2.2399998,11.594201,16.0,436.0,0.12119409088134765,True,REGULAR,USD,20.825,0.013925570228091195,20.825,mid,0.14631313664503393,2026-11-30,put,0.20821917808219179,757.3900146484375,1.010047644152128
SPY261130P00766000,2026-09-15 14:06:38+00:00,766.0,21.0,21.12,21.42,1.2999992,6.5989804,1.0,573.0,0.12020227951049803,True,REGULAR,USD,21.270000000000003,0.014104372355430215,21.270000000000003,mid,0.14574883164372296,2026-11-30,put,0.20821917808219179,757.3900146484375,1.0113679678699738
SPY261130P00767000,2026-09-15 19:35:17+00:00,767.0,22.4,21.58,21.88,0.55999947,2.5641,11.0,291.0,0.11919520950317383,True,REGULAR,USD,21.729999999999997,0.01380579843534288,21.729999999999997,mid,0.14523694042861462,2026-11-30,put,0.20821917808219179,757.3900146484375,1.01268829158782
SPY261130P00768000,2026-09-10 19:34:28+00:00,768.0,23.63,22.05,22.35,0.0,0.0,1.0,249.0,0.11818813949584961,True,REGULAR,USD,22.200000000000003,0.013513513513513544,22.200000000000003,mid,0.14474077893719073,2026-11-30,put,0.20821917808219179,757.3900146484375,1.0140086153056658
SPY261130P00769000,2026-09-15 20:11:45+00:00,769.0,22.7,22.53,22.83,1.6599998,7.889733,3.0,689.0,0.11718106948852539,True,REGULAR,USD,22.68,0.013227513227513102,22.68,mid,0.1442599932739511,2026-11-30,put,0.20821917808219179,757.3900146484375,1.0153289390235116
SPY261130P00770000,2026-09-15 19:35:04+00:00,770.0,23.9,22.61,23.76,2.58,12.101314,20.0,725.0,0.11945460632324219,True,REGULAR,USD,23.185000000000002,0.049601035152038044,23.185000000000002,mid,0.14390351806171237,2026-11-30,put,0.20821917808219179,757.3900146484375,1.0166492627413575
SPY261130P00771000,2026-09-11 19:57:19+00:00,771.0,20.56,23.09,24.24,0.0,0.0,1.0,289.0,0.11831020858764649,True,REGULAR,USD,23.665,0.04859497147686451,23.665,mid,0.1433068781873211,2026-11-30,put,0.20821917808219179,757.3900146484375,1.0179695864592035
SPY261130P00772000,2026-09-15 15:04:11+00:00,772.0,25.03,23.59,24.77,0.8100014,3.3443494,1.0,134.0,0.11744046630859376,True,REGULAR,USD,24.18,0.0488006617038875,24.18,mid,0.14290709734149276,2026-11-30,put,0.20821917808219179,757.3900146484375,1.0192899101770494
SPY261130P00773000,2026-09-15 19:57:41+00:00,773.0,25.42,24.13,25.34,-0.069999695,-0.2746163,1.0,345.0,0.11681486221313475,True,REGULAR,USD,24.735,0.04891853648675969,24.735,mid,0.14274215409923346,2026-11-30,put,0.20821917808219179,757.3900146484375,1.0206102338948952
SPY261130P00774000,2026-09-15 14:36:08+00:00,774.0,25.82,24.64,25.88,2.6800003,11.581678,10.0,400.0,0.11586882675170898,True,REGULAR,USD,25.259999999999998,0.0490894695170229,25.259999999999998,mid,0.14229883479382846,2026-11-30,put,0.20821917808219179,757.3900146484375,1.0219305576127413
SPY261130P00775000,2026-09-15 17:21:58+00:00,775.0,26.7,25.19,26.46,3.3000011,14.10257,22.0,1262.0,0.11513641220092774,True,REGULAR,USD,25.825000000000003,0.04917715392061953,25.825000000000003,mid,0.14209146134369077,2026-11-30,put,0.20821917808219179,757.3900146484375,1.0232508813305872
SPY261130P00776000,2026-09-10 14:13:39+00:00,776.0,27.97,25.74,27.0,0.0,0.0,1.0,101.0,0.11402253173828125,True,REGULAR,USD,26.369999999999997,0.04778156996587037,26.369999999999997,mid,0.14167753399088978,2026-11-30,put,0.20821917808219179,757.3900146484375,1.024571205048433
SPY261130P00777000,2026-09-15 19:00:20+00:00,777.0,27.51,26.3,27.6,2.9899998,12.194126,9.0,181.0,0.1132901171875,True,REGULAR,USD,26.950000000000003,0.0482374768089054,26.950000000000003,mid,0.141464377143234,2026-11-30,put,0.20821917808219179,757.3900146484375,1.025891528766279
SPY261130P00778000,2026-09-03 19:22:50+00:00,778.0,19.97,26.88,28.23,0.0,0.0,145.0,150.0,0.11269503036499023,True,REGULAR,USD,27.555,0.048992923244420304,27.555,mid,0.14138000100553033,2026-11-30,put,0.20821917808219179,757.3900146484375,1.027211852484125
SPY261130P00779000,2026-09-15 19:00:20+00:00,779.0,28.7,27.48,28.85,7.4400005,34.9953,4.0,762.0,0.11194735717773435,True,REGULAR,USD,28.165,0.04864193147523526,28.165,mid,0.1412759929805994,2026-11-30,put,0.20821917808219179,757.3900146484375,1.0285321762019708
SPY261130P00780000,2026-09-15 13:52:11+00:00,780.0,27.95,28.1,29.47,1.1800003,4.4079204,5.0,363.0,0.11110813217163085,True,REGULAR,USD,28.785,0.047594233107521186,28.785,mid,0.14119025713913147,2026-11-30,put,0.20821917808219179,757.3900146484375,1.0298524999198169
SPY261130P00781000,2026-09-14 15:58:17+00:00,781.0,26.94,28.73,30.11,0.0,0.0,3.0,128.0,0.11032994171142577,True,REGULAR,USD,29.42,0.04690686607749826,29.42,mid,0.14116157297752796,2026-11-30,put,0.20821917808219179,757.3900146484375,1.0311728236376627
SPY261130P00782000,2026-08-13 16:02:31+00:00,782.0,24.33,29.78,30.76,0.0,0.0,2.0,2.0,0.10955175125122071,True,REGULAR,USD,30.270000000000003,0.03237528906508095,30.270000000000003,mid,0.1427245803937316,2026-11-30,put,0.20821917808219179,757.3900146484375,1.0324931473555086
SPY261130P00783000,2026-08-25 19:16:10+00:00,783.0,28.3,30.0,31.44,0.0,0.0,1.0,3.0,0.10894140579223632,True,REGULAR,USD,30.72,0.04687500000000004,30.72,mid,0.14116576384529467,2026-11-30,put,0.20821917808219179,757.3900146484375,1.0338134710733544
SPY261130P00785000,2026-09-14 18:24:07+00:00,785.0,29.5,31.35,32.82,0.0,0.0,1.0,152.0,0.10761390441894532,True,REGULAR,USD,32.085,0.04581580177653105,32.085,mid,0.1414543004345149,2026-11-30,put,0.20821917808219179,757.3900146484375,1.0364541185090463
SPY261130P00786000,2026-08-28 13:50:15+00:00,786.0,25.63,32.51,33.52,0.0,0.0,,65.0,0.10689674850463868,True,REGULAR,USD,33.015,0.03059215508102393,33.015,mid,0.14347048035189508,2026-11-30,put,0.20821917808219179,757.3900146484375,1.0377744422268922
SPY261130P00787000,2026-09-08 18:48:58+00:00,787.0,28.52,32.76,34.24,0.0,0.0,,1.0,0.10625588577270509,True,REGULAR,USD,33.5,0.04417910447761206,33.5,mid,0.14192598725818095,2026-11-30,put,0.20821917808219179,757.3900146484375,1.0390947659447383
SPY261130P00788000,2026-09-10 14:24:40+00:00,788.0,34.1,33.49,36.11,0.0,0.0,,1.0,0.1165249481201172,True,REGULAR,USD,34.8,0.07528735632183901,34.8,mid,0.14682261578291653,2026-11-30,put,0.20821917808219179,757.3900146484375,1.0404150896625841
SPY261130P00789000,2026-09-08 15:26:42+00:00,789.0,28.59,34.7,35.71,0.0,0.0,31.0,32.0,0.1049894189453125,True,REGULAR,USD,35.205,0.028689106660985602,35.205,mid,0.1445347931299359,2026-11-30,put,0.20821917808219179,757.3900146484375,1.04173541338043
SPY261130P00790000,2026-09-15 14:51:01+00:00,790.0,37.0,35.0,36.48,6.75,22.314049,2.0,288.0,0.10454691848754882,True,REGULAR,USD,35.739999999999995,0.04141018466703965,35.739999999999995,mid,0.14320451857037841,2026-11-30,put,0.20821917808219179,757.3900146484375,1.043055737098276
SPY261130P00791000,2026-09-08 17:00:24+00:00,791.0,30.26,35.78,38.46,0.0,0.0,,1.0,0.1163571031188965,True,REGULAR,USD,37.120000000000005,0.07219827586206895,37.120000000000005,mid,0.14872350027151404,2026-11-30,put,0.20821917808219179,757.3900146484375,1.0443760608161219
SPY261130P00794000,2026-09-10 15:12:25+00:00,794.0,38.55,38.2,40.86,0.0,0.0,10.0,22.0,0.11608244766235351,True,REGULAR,USD,39.53,0.0672906653174803,39.53,mid,0.15099837779961522,2026-11-30,put,0.20821917808219179,757.3900146484375,1.0483370319696597
SPY261130P00795000,2026-09-15 13:57:49+00:00,795.0,38.19,39.05,41.66,1.7999992,4.9464116,12.0,40.0,0.11585356811523437,True,REGULAR,USD,40.355,0.06467600049560153,40.355,mid,0.15186311214156445,2026-11-30,put,0.20821917808219179,757.3900146484375,1.0496573556875055
SPY261130P00796000,2026-09-08 13:53:48+00:00,796.0,34.2,39.21,42.53,0.0,0.0,,10.0,0.11629606857299804,True,REGULAR,USD,40.870000000000005,0.08123317837044286,40.870000000000005,mid,0.15005589820407333,2026-11-30,put,0.20821917808219179,757.3900146484375,1.0509776794053514
SPY261130P00800000,2026-09-15 18:02:29+00:00,800.0,44.88,42.41,46.01,0.6500015,1.4695942,12.0,45.0,0.11759305267333985,True,REGULAR,USD,44.209999999999994,0.08142954082786705,44.209999999999994,mid,0.1532871131304651,2026-11-30,put,0.20821917808219179,757.3900146484375,1.0562589742767352
SPY261130P00805000,2026-09-08 18:40:08+00:00,805.0,40.82,46.88,50.59,0.0,0.0,3.0,7.0,0.12099572860717775,True,REGULAR,USD,48.735,0.07612598748332822,48.735,mid,0.15978949592262506,2026-11-30,put,0.20821917808219179,757.3900146484375,1.0628605928659647
SPY261130P00810000,2026-09-15 17:30:05+00:00,810.0,54.0,51.61,55.36,2.1100006,4.066295,10.0,85.0,0.1261378890991211,True,REGULAR,USD,53.485,0.07011311582686734,53.485,mid,0.16786950760297475,2026-11-30,put,0.20821917808219179,757.3900146484375,1.0694622114551944
SPY261130P00813000,2026-09-02 15:07:39+00:00,813.0,49.03,54.67,58.28,0.0,0.0,,2.0,0.1297694445800781,True,REGULAR,USD,56.475,0.06392208942009737,56.475,mid,0.17387932373695075,2026-11-30,put,0.20821917808219179,757.3900146484375,1.0734231826087322
SPY261130P00815000,2026-08-19 13:58:27+00:00,815.0,47.5,56.5,60.25,0.0,0.0,1.0,12.0,0.1324854818725586,True,REGULAR,USD,58.375,0.06423982869379015,58.375,mid,0.17693159792274235,2026-11-30,put,0.20821917808219179,757.3900146484375,1.0760638300444239
SPY261130P00820000,2026-08-21 16:49:44+00:00,820.0,54.82,61.45,65.19,0.0,0.0,2.0,4.0,0.1392908337402344,True,REGULAR,USD,63.32,0.05906506632975355,63.32,mid,0.18626467906534672,2026-11-30,put,0.20821917808219179,757.3900146484375,1.0826654486336535
SPY261130P00825000,2026-08-28 19:48:15+00:00,825.0,56.18,66.39,70.39,0.0,0.0,1.0,19.0,0.14984981018066407,True,REGULAR,USD,68.39,0.058488083053077934,68.39,mid,0.19663750518783923,2026-11-30,put,0.20821917808219179,757.3900146484375,1.089267067222883
SPY261130P00830000,2026-09-04 14:49:44+00:00,830.0,61.0,71.38,75.38,0.0,0.0,15.0,4.0,0.15717395568847659,True,REGULAR,USD,73.38,0.05451076587626057,73.38,mid,0.2060257940284908,2026-11-30,put,0.20821917808219179,757.3900146484375,1.0958686858121127
SPY261130P00840000,2026-08-13 19:09:53+00:00,840.0,61.99,81.37,85.38,0.0,0.0,26.0,0.0,0.17170017761230472,True,REGULAR,USD,83.375,0.0480959520239879,83.375,mid,0.22444979866109793,2026-11-30,put,0.20821917808219179,757.3900146484375,1.109071922990572
SPY261130P00850000,2026-07-23 20:10:27+00:00,850.0,110.88,84.61,87.82,0.0,0.0,1.0,0.0,1.0000000000000003e-05,True,REGULAR,USD,86.215,0.037232500144986296,86.215,mid,0.12950200144201518,2026-11-30,put,0.20821917808219179,757.3900146484375,1.122275160169031
SPY261130P00860000,2026-08-21 16:44:25+00:00,860.0,93.82,101.47,105.37,0.0,0.0,2.0,2.0,0.19925727508544921,True,REGULAR,USD,103.42,0.03771030748404569,103.42,mid,0.2602063010729849,2026-11-30,put,0.20821917808219179,757.3900146484375,1.1354783973474902
SPY261130P00870000,2026-08-06 16:02:26+00:00,870.0,100.21,111.44,115.36,0.0,0.0,,0.0,0.21234918518066404,True,REGULAR,USD,113.4,0.03456790123456791,113.4,mid,0.27688902808763094,2026-11-30,put,0.20821917808219179,757.3900146484375,1.1486816345259494
SPY261130P00885000,2026-08-17 19:39:03+00:00,885.0,112.05,126.44,130.13,0.0,0.0,,0.0,0.22699747619628902,True,REGULAR,USD,128.285,0.028764079978173582,128.285,mid,0.30009708522371953,2026-11-30,put,0.20821917808219179,757.3900146484375,1.1684864902936383
SPY261130P00900000,2026-08-21 15:30:21+00:00,900.0,133.42,141.49,145.13,0.0,0.0,1.0,0.0,0.24536887451171874,True,REGULAR,USD,143.31,0.02539948363687102,143.31,mid,0.32413245690912007,2026-11-30,put,0.20821917808219179,757.3900146484375,1.1882913460613271
SPY261130P00920000,2026-09-03 19:49:35+00:00,920.0,146.99,161.42,165.11,0.0,0.0,,1.0,0.26843993286132806,True,REGULAR,USD,163.265,0.02260129237742337,163.265,mid,0.35407976468354463,2026-11-30,put,0.20821917808219179,757.3900146484375,1.2146978204182455
